tipologia;complexidade;peso_total_kg;area_total_m2;numero_pecas;material_principal;tratamento_superficie;lead_time;custo_total_materiais;custo_total_operacoes;custo_total_servicos;real_materiais;real_operacoes;real_servicos;real_horas
cobertura;baixa;2787.88;404.36;206;AL5754;anodizacao;57;12069.89;571.52;7369.2;13813.74;569.09;7102.36;14.32
mezanino;media;3012.72;153.71;115;S235JR;pintura_liquida;48;4797.36;770.53;2364.01;4974.66;807.98;2482.23;19.27
plataforma;alta;1715.2;101.8;202;S355JR;galvanizacao;39;3050.33;633.28;2243.96;2908.09;679.46;2692.5;17.99
escadaria;baixa;615.66;49.25;127;S235JR;lacagem;25;814.88;300.0;776.01;924.09;308.21;898.1;9.0
guarda-corpos;media;8179.26;818.51;636;S355JR;pintura_liquida;81;14075.81;2933.3;12392.83;15095.75;3194.63;14202.65;92.04
passarela;baixa;1496.78;137.28;88;S235JR;sem_tratamento;27;2342.42;299.99;200.0;2504.93;319.95;210.04;8.52
passerelle;alta;2903.38;237.71;287;S355JR;galvanizacao;63;4910.21;1116.32;3206.05;5101.16;1247.91;3680.8;29.91
corrimao;media;4732.57;413.29;90;S355JR;pintura_liquida;54;7523.65;1133.97;5548.78;7394.81;1153.29;5773.54;32.3
gradeamento;baixa;982.75;119.49;166;AISI304;sem_tratamento;45;4999.34;300.0;200.0;5480.04;330.02;241.61;8.9
portao;baixa;282.58;26.64;173;AL6060;anodizacao;31;1110.62;300.01;508.33;1188.22;307.91;635.44;7.48
pavilhao;alta;6178.31;367.27;444;AL5754;pintura_liquida;87;26442.25;2802.81;5978.72;28701.95;2992.61;7720.04;75.92
passadico;baixa;2971.89;212.1;86;S235JR;sem_tratamento;33;4092.48;579.47;285.13;4139.99;609.11;343.34;15.05
cobertura;baixa;4134.66;424.9;306;S355JR;sem_tratamento;69;8259.23;866.57;447.93;8971.19;1027.7;507.02;25.73
mezanino;media;2929.79;157.75;224;S235JR;pintura_liquida;60;4221.79;832.04;2367.65;4661.26;893.75;2246.19;24.09
plataforma;alta;1676.41;95.15;141;S355JR;galvanizacao;51;3116.29;564.17;1964.94;3247.08;582.72;2258.83;13.51
escadaria;baixa;1734.18;123.92;110;S235JR;sem_tratamento;37;2470.91;317.03;200.0;3034.34;385.73;274.95;9.98
guarda-corpos;media;11088.47;874.62;301;S355JR;pintura_liquida;93;18334.47;3431.05;13402.41;20286.66;3756.23;13669.96;92.57
passarela;baixa;2921.77;221.92;36;S355JR;sem_tratamento;39;5002.63;453.35;278.85;5823.89;499.83;304.13;14.12
passerelle;alta;2054.14;178.0;443;AISI304;polimento;75;10196.78;877.99;3563.2;11800.27;946.28;3565.12;26.69
corrimao;media;2809.02;302.93;113;AL6060;lacagem;66;9279.38;748.24;4669.15;9438.97;838.22;5754.51;23.98
gradeamento;baixa;741.18;88.18;132;AL5754;anodizacao;57;2837.95;299.99;1520.49;3133.34;329.86;1642.7;7.93
portao;baixa;698.24;56.34;108;S235JR;sem_tratamento;43;1036.32;300.0;200.0;1140.88;330.58;241.84;8.0
pavilhao;alta;10799.29;406.39;289;S355JR;galvanizacao;99;20770.37;4411.29;12696.63;23874.21;4628.08;14385.4;115.02
passadico;baixa;10627.91;850.47;607;S235JR;lacagem;115;14633.77;2394.32;14239.73;15535.82;2438.9;15182.26;68.16
cobertura;baixa;2941.7;319.4;281;S355JR;sem_tratamento;81;5856.85;558.82;304.24;6288.44;567.25;332.58;14.22
mezanino;media;1555.3;84.93;163;S235JR;pintura_liquida;72;2274.6;378.19;1310.09;2511.69;385.44;1373.82;10.86
plataforma;alta;3581.81;205.62;121;S355JR;galvanizacao;63;6369.42;1176.43;4297.57;7431.26;1237.72;5541.42;32.49
escadaria;baixa;614.24;40.29;55;S355JR;sem_tratamento;49;947.34;300.0;200.0;1056.21;360.37;195.37;8.92
guarda-corpos;media;2301.06;278.77;156;AISI304;sem_tratamento;105;12200.97;622.75;210.61;13236.06;694.31;261.6;18.85
passarela;baixa;375.57;40.45;108;AL6060;anodizacao;51;1425.58;299.99;791.97;1498.49;337.62;907.03;8.57
passerelle;alta;3028.06;295.96;327;AL5754;pintura_liquida;87;12019.74;1108.67;4783.67;12717.93;1251.85;5150.23;29.13
corrimao;media;2584.28;231.64;318;S235JR;pintura_liquida;78;3332.49;743.36;3354.57;3767.8;815.7;3340.47;21.15
gradeamento;baixa;3537.59;285.18;102;S355JR;sem_tratamento;69;6167.15;589.64;374.04;7736.58;683.0;477.69;19.25
portao;baixa;1965.21;166.6;115;S235JR;lacagem;55;3072.49;389.27;2939.04;3226.35;431.61;3059.95;11.77
pavilhao;alta;5537.89;198.16;234;S355JR;galvanizacao;111;10705.9;2255.41;6067.06;11244.22;2417.39;6715.94;59.75
passadico;baixa;811.01;63.12;114;S235JR;sem_tratamento;57;1132.9;300.0;200.0;1169.96;335.46;226.9;8.32
cobertura;baixa;2730.88;291.35;90;S355JR;sem_tratamento;93;5301.7;507.61;282.6;6029.66;574.91;263.95;14.43
mezanino;media;4998.22;276.34;303;S355JR;pintura_liquida;84;8884.17;1456.37;4140.03;9178.34;1766.18;4517.43;41.19
plataforma;alta;5550.41;459.45;478;AISI304;polimento;160;30721.69;2630.95;9544.82;34307.73;2837.97;9719.32;65.96
escadaria;baixa;1011.57;82.58;92;AL6060;anodizacao;21;3686.89;300.01;1477.09;6415.51;517.75;2691.34;12.49
guarda-corpos;media;6134.49;665.62;375;AL5754;lacagem;117;22650.76;1696.98;11036.75;22391.31;1828.46;11723.17;45.66
passarela;baixa;1474.62;116.37;136;S235JR;sem_tratamento;23;2262.99;299.99;200.0;2590.65;298.78;210.38;7.99
passerelle;alta;5007.02;445.28;113;S355JR;galvanizacao;99;9156.74;1741.19;5953.24;10104.5;1826.21;6531.74;46.57
corrimao;media;5147.17;403.42;245;S235JR;pintura_liquida;90;6756.87;1578.46;6358.88;7574.05;1722.45;6500.06;46.24
gradeamento;baixa;1621.55;138.54;189;S355JR;sem_tratamento;36;2531.99;300.0;200.0;2675.65;319.46;215.9;8.43
portao;baixa;1645.5;133.35;119;S235JR;sem_tratamento;27;2526.81;303.89;200.0;2755.09;334.58;209.65;9.37
pavilhao;alta;4350.47;172.45;552;S355JR;galvanizacao;123;8324.33;1949.13;5134.99;9056.51;1923.04;5778.5;48.46
passadico;baixa;998.58;87.43;44;S355JR;sem_tratamento;29;1668.16;300.0;200.0;1783.35;306.18;240.55;8.1
cobertura;baixa;5263.01;614.87;401;AISI304;sem_tratamento;140;34156.92;1188.97;519.48;37914.59;1237.24;538.63;35.26
mezanino;media;2575.19;170.56;309;AL6060;lacagem;46;9802.81;814.63;2878.8;12866.14;1067.92;3800.39;26.06
plataforma;alta;705.09;61.88;211;AL5754;pintura_liquida;42;3267.89;300.0;1003.26;3586.51;334.43;1211.17;8.41
escadaria;baixa;414.48;28.01;70;S235JR;sem_tratamento;33;594.4;300.0;200.0;484.96;231.04;187.68;6.69
guarda-corpos;media;5263.02;433.07;427;S355JR;pintura_liquida;129;8455.6;1494.64;5940.39;9153.28;1663.64;6412.17;44.35
passarela;baixa;1800.4;156.17;70;S235JR;lacagem;35;2768.77;300.0;2766.72;2921.1;287.67;2953.77;7.95
passerelle;alta;6275.16;575.95;368;S355JR;galvanizacao;56;10425.94;2537.35;8118.39;11711.12;2942.41;8970.22;73.48
corrimao;media;1924.03;150.82;162;S235JR;pintura_liquida;52;2501.19;545.14;2163.45;2660.8;590.63;2238.99;17.35
gradeamento;baixa;2094.17;211.19;202;S355JR;sem_tratamento;48;3422.42;396.66;207.49;3495.73;414.17;213.83;11.04
portao;baixa;2312.64;156.2;39;S355JR;sem_tratamento;39;3932.04;404.13;236.6;4254.82;453.94;280.53;12.45
pavilhao;alta;2849.89;136.67;296;AISI304;polimento;135;16756.5;1132.26;3001.68;18218.96;1209.5;3429.41;31.58
passadico;baixa;1374.6;128.69;124;AL6060;anodizacao;41;4717.61;300.0;2489.0;5207.2;324.13;2692.37;8.11
cobertura;baixa;2217.62;278.23;383;AL5754;anodizacao;62;10760.2;530.89;4621.69;11678.83;537.09;5319.99;14.37
mezanino;media;5604.92;319.07;61;S235JR;pintura_liquida;58;8703.06;1451.97;4762.66;9602.45;1517.15;4869.66;42.43
plataforma;alta;1396.75;87.74;86;S355JR;galvanizacao;54;2794.63;444.35;1768.7;3003.49;451.67;1819.11;12.1
escadaria;baixa;2026.26;146.42;158;S235JR;lacagem;45;2831.12;413.57;2460.88;2935.23;448.54;3201.19;11.54
guarda-corpos;media;9284.44;908.67;468;S355JR;pintura_liquida;76;14947.86;2728.78;13190.51;16721.52;2823.12;14409.03;83.05
guarda-corpos;media;3967.75;483.19;457;AL5754;lacagem;112;15977.4;1291.32;7478.48;18944.59;1730.68;8318.24;44.35
passarela;baixa;2489.31;179.73;65;S235JR;sem_tratamento;43;3874.27;430.4;265.29;4263.63;441.4;282.59;11.54
passerelle;alta;2972.05;204.02;112;S355JR;galvanizacao;104;5443.47;1015.42;3750.75;6154.14;1078.7;4265.88;28.29
corrimao;media;3473.38;289.2;89;S235JR;pintura_liquida;50;4816.41;829.54;4331.02;5003.58;908.14;4722.82;25.46
gradeamento;baixa;3468.71;272.21;148;S355JR;sem_tratamento;51;5881.06;610.12;328.05;5117.02;493.39;310.6;12.33
portao;baixa;943.43;63.69;50;S235JR;sem_tratamento;47;1438.54;300.01;200.0;1634.01;314.77;230.54;8.3
pavilhao;alta;6348.85;240.29;395;S355JR;galvanizacao;118;12743.56;2384.12;7989.63;14587.22;2818.03;8937.2;68.44
passadico;baixa;1837.28;133.29;119;S355JR;sem_tratamento;49;3270.35;319.18;200.0;3657.2;369.37;229.84;8.96
cobertura;baixa;2486.63;316.59;396;AISI304;sem_tratamento;55;15854.8;560.76;268.25;16642.34;630.13;281.88;16.08
mezanino;media;1493.17;109.72;130;AL6060;lacagem;56;5464.9;371.08;1654.43;5945.89;403.55;1606.31;10.78
plataforma;alta;1504.19;120.21;207;AL5754;pintura_liquida;57;6193.37;610.33;1932.27;6990.12;643.94;2153.52;15.79
escadaria;baixa;547.9;38.77;129;S235JR;sem_tratamento;53;747.31;300.0;200.0;848.32;361.35;216.52;8.71
guarda-corpos;media;8349.93;721.76;332;S355JR;pintura_liquida;124;13981.7;2507.54;10024.32;15009.42;3048.65;12674.44;75.02
passarela;baixa;610.83;54.29;116;S235JR;lacagem;55;895.06;300.01;979.38;951.51;350.19;1106.11;8.28
passerelle;alta;6737.49;563.35;239;S355JR;galvanizacao;61;11190.12;2317.73;8166.09;12152.1;2415.4;9118.12;60.87
corrimao;media;3086.64;299.7;106;S235JR;pintura_liquida;62;3965.93;802.7;4607.08;4247.22;836.71;5637.76;21.23
gradeamento;baixa;2217.78;226.64;135;S355JR;sem_tratamento;63;3462.98;386.26;212.2;3663.16;418.5;214.08;10.46
portao;baixa;1695.97;131.42;145;S355JR;sem_tratamento;59;3010.63;339.69;200.0;3675.28;418.14;232.35;9.63
pavilhao;alta;7002.88;327.33;477;AISI304;polimento;150;32114.24;2422.37;5980.2;34043.51;2525.47;6825.5;68.39
passadico;baixa;967.16;99.13;79;AL6060;anodizacao;21;3482.26;300.0;1705.02;3604.16;318.65;2033.73;7.86
cobertura;baixa;2841.15;316.24;315;AL5754;anodizacao;67;13130.79;618.53;5688.1;14090.5;685.46;6931.23;18.47
mezanino;media;2346.19;109.79;309;S235JR;pintura_liquida;68;3527.06;689.45;1548.8;6459.68;1260.81;2402.79;32.49
plataforma;alta;1127.4;73.98;100;S355JR;galvanizacao;69;2142.47;350.86;1345.53;2136.35;397.65;1497.18;10.36
escadaria;baixa;11522.53;816.9;493;S235JR;lacagem;140;16199.91;2425.9;12845.15;16935.42;2677.66;15687.26;75.17
guarda-corpos;media;7274.06;646.82;276;S355JR;pintura_liquida;136;11346.48;2275.01;9169.05;12386.03;2434.84;10078.89;66.9
passarela;baixa;600.46;44.17;22;S235JR;sem_tratamento;27;914.22;299.99;200.0;893.06;326.28;228.8;8.71
passerelle;alta;6175.13;500.45;313;S355JR;galvanizacao;73;11326.02;2247.05;7841.59;11989.04;2571.16;9550.0;60.15
corrimao;media;4045.74;375.31;70;S355JR;pintura_liquida;74;6054.29;1022.61;5604.15;6594.66;1128.95;6253.72;28.66
gradeamento;baixa;1243.17;141.38;90;AISI304;sem_tratamento;75;6598.95;299.99;200.0;7229.2;319.91;241.25;9.36
portao;baixa;482.09;47.04;72;AL6060;anodizacao;31;1858.11;300.01;784.13;2070.81;347.29;873.67;9.12
pavilhao;alta;4308.78;195.15;192;AL5754;pintura_liquida;77;18153.19;1469.26;3158.82;19344.4;1462.68;3311.37;42.71
passadico;baixa;1196.05;88.38;36;S235JR;sem_tratamento;33;1762.78;300.0;200.0;1974.64;360.11;247.29;8.42
cobertura;baixa;5246.82;457.42;172;S355JR;sem_tratamento;79;10787.56;1011.41;564.68;11691.2;1084.84;583.83;29.75
mezanino;media;3216.98;167.04;88;S235JR;pintura_liquida;80;5108.68;780.4;2522.85;5558.1;810.17;2909.99;22.44
plataforma;alta;2477.5;141.23;227;S355JR;galvanizacao;36;4835.76;996.51;2716.86;5982.53;1360.93;3379.72;31.06
escadaria;baixa;1362.25;94.31;79;S235JR;sem_tratamento;37;1728.32;300.0;200.0;1949.97;345.42;185.0;8.96
guarda-corpos;media;6519.54;586.19;182;S355JR;pintura_liquida;83;11069.92;1573.3;8925.38;11668.75;1613.24;10291.52;44.46
passarela;baixa;1318.79;92.25;50;S355JR;sem_tratamento;39;2318.95;300.0;200.0;2657.68;326.37;231.56;8.1
passerelle;alta;3063.27;301.61;427;AISI304;polimento;85;17446.02;1217.51;7062.88;18345.28;1361.59;7883.61;35.14
corrimao;media;2948.07;321.58;173;AL6060;lacagem;86;9370.66;715.63;5414.59;10079.91;795.51;6886.81;19.95
gradeamento;baixa;1344.36;151.32;88;AL5754;anodizacao;42;5397.2;300.0;2512.68;6212.8;313.67;2709.15;7.49
portao;baixa;2392.91;173.14;48;S235JR;sem_tratamento;43;3620.63;402.24;243.78;3942.47;428.75;238.41;11.09
pavilhao;alta;8095.66;305.14;395;S355JR;galvanizacao;89;15644.4;3411.78;9831.96;16853.46;3794.92;9606.36;90.28
passadico;baixa;2039.78;165.94;138;S235JR;lacagem;45;2962.17;396.54;2721.13;3154.29;412.23;2921.19;10.68
cobertura;baixa;7140.91;666.99;183;S355JR;sem_tratamento;91;14831.8;1434.81;684.83;16330.79;1528.87;736.06;41.5
mezanino;media;2499.73;110.1;269;S235JR;pintura_liquida;92;3846.9;695.51;1568.51;4327.19;776.95;1782.26;20.51
plataforma;alta;2493.52;141.14;119;S355JR;galvanizacao;48;4986.02;788.2;3186.68;5577.21;832.42;3950.48;20.74
escadaria;baixa;2202.79;160.03;54;S355JR;sem_tratamento;49;3367.5;409.84;220.47;3698.54;414.63;299.59;11.3
guarda-corpos;media;3787.52;397.02;269;AISI304;sem_tratamento;90;20400.15;1104.74;389.02;22111.41;1144.28;400.24;30.71
passarela;baixa;561.58;62.58;22;AL6060;anodizacao;51;2233.76;300.01;1154.06;2512.73;295.5;1242.12;7.55
passerelle;alta;1460.2;166.75;206;AL5754;pintura_liquida;97;6109.26;568.5;2695.03;6641.85;596.1;2861.27;15.76
corrimao;media;1551.63;146.16;68;S235JR;pintura_liquida;48;1959.2;395.46;1973.95;2349.5;519.06;2701.2;13.48
gradeamento;baixa;2878.46;292.39;222;S355JR;sem_tratamento;54;4685.56;555.94;266.53;5181.39;553.76;316.42;14.73
portao;baixa;1032.54;66.9;67;S235JR;lacagem;55;1542.93;300.0;1064.38;1671.81;318.64;1085.6;8.72
pavilhao;alta;6016.33;238.07;582;S355JR;galvanizacao;101;11004.22;3063.53;6799.73;12294.35;3479.78;7699.4;83.63
passadico;baixa;772.95;57.79;22;S235JR;sem_tratamento;57;1122.24;299.99;200.0;1275.02;313.64;215.25;8.66
cobertura;baixa;6959.14;728.2;134;S355JR;sem_tratamento;103;13025.78;1283.31;641.59;15091.82;1407.54;712.63;34.97
mezanino;media;1859.86;95.11;308;S355JR;pintura_liquida;54;3257.07;488.35;1325.05;2636.77;382.53;1052.93;10.56
plataforma;alta;4813.41;299.69;599;AISI304;polimento;190;26209.52;2065.0;7153.66;29944.28;2358.62;7645.19;57.98
escadaria;baixa;1045.4;107.25;114;AL6060;anodizacao;21;3836.56;300.0;1905.64;4373.24;318.13;2362.67;8.47
guarda-corpos;media;3059.42;388.6;295;AL5754;lacagem;107;12540.2;885.83;7012.2;13402.18;914.48;8786.01;25.57
passarela;baixa;2994.12;233.9;141;S235JR;sem_tratamento;23;4152.86;509.09;316.65;4415.04;523.8;386.71;13.92
passerelle;alta;6992.9;619.77;334;S355JR;galvanizacao;109;12299.46;2929.84;8009.61;21811.23;5850.68;13398.62;136.49
corrimao;media;3635.74;320.84;62;S235JR;pintura_liquida;60;4897.13;943.94;4911.99;5715.99;982.34;4879.52;27.69
gradeamento;baixa;2713.97;219.84;215;S355JR;sem_tratamento;66;4489.79;498.37;248.04;5087.41;548.33;283.74;14.01
gradeamento;baixa;750.81;89.22;51;AL5754;anodizacao;57;2995.14;300.01;1663.13;3145.8;340.69;1521.35;7.96
portao;baixa;992.02;84.36;84;S235JR;sem_tratamento;23;1604.77;300.0;200.0;1843.41;336.2;242.56;8.48
pavilhao;alta;11574.74;410.94;184;S355JR;galvanizacao;84;21348.59;4290.69;12888.4;27432.87;5370.41;16192.45;137.7
passadico;baixa;1205.74;87.26;84;S235JR;lacagem;25;1647.67;300.0;1456.34;2939.02;532.59;3135.35;13.91
cobertura;baixa;4259.41;429.05;454;S355JR;sem_tratamento;96;8565.3;1055.08;449.76;9554.91;1043.96;483.39;31.03
mezanino;media;2767.36;156.33;164;S235JR;pintura_liquida;52;4496.78;762.55;2275.75;4675.02;788.66;2883.64;20.33
plataforma;alta;2719.42;168.27;186;S355JR;galvanizacao;63;5291.59;1022.28;2997.88;5641.32;1094.9;3737.06;26.36
escadaria;baixa;1514.13;102.01;174;S355JR;sem_tratamento;29;2511.17;304.23;200.0;2576.37;326.39;234.91;9.16
guarda-corpos;media;3935.16;423.54;215;AISI304;sem_tratamento;90;19606.3;1115.12;392.54;21284.99;1136.83;486.49;31.1
passarela;baixa;1216.14;112.42;121;AL6060;anodizacao;31;4676.49;299.99;2017.73;4662.38;320.28;2370.6;7.91
passerelle;alta;3999.88;357.0;156;AL5754;pintura_liquida;102;16446.51;1411.66;5711.53;14248.24;1125.39;5223.25;30.37
corrimao;media;4315.49;421.61;314;S235JR;pintura_liquida;58;5389.4;1298.14;6670.62;5760.96;1412.65;7469.14;38.0
gradeamento;baixa;1430.91;141.78;156;S355JR;sem_tratamento;69;2269.74;300.01;200.0;2483.47;338.31;246.03;8.27
portao;baixa;593.82;50.63;161;S235JR;lacagem;35;842.38;300.01;852.02;982.41;340.02;1059.46;9.64
pavilhao;alta;4444.98;159.27;499;S355JR;galvanizacao;96;8069.13;1954.22;4869.5;8415.94;2301.01;5743.34;58.07
passadico;baixa;993.82;89.42;97;S235JR;sem_tratamento;37;1480.49;300.0;200.0;1602.99;313.2;211.57;9.03
cobertura;baixa;3139.34;342.94;294;S355JR;sem_tratamento;108;6419.74;691.8;291.91;6831.01;719.45;356.93;18.89
mezanino;media;3294.16;161.72;85;S355JR;pintura_liquida;64;5717.98;835.39;2214.8;5922.26;930.06;2359.02;25.46
plataforma;alta;1040.03;65.27;171;AISI304;polimento;75;5767.87;400.83;1451.38;6334.28;417.76;1533.73;10.6
escadaria;baixa;718.12;67.06;121;AL6060;anodizacao;41;2639.94;300.0;1221.94;3421.41;354.15;1487.37;9.91
guarda-corpos;media;5113.16;515.41;181;AL5754;lacagem;102;20864.45;1275.29;8344.01;23336.34;1299.74;8578.75;33.38
passarela;baixa;2683.35;197.92;35;S235JR;sem_tratamento;43;3774.94;449.98;254.64;4109.53;494.72;284.91;12.61
passerelle;alta;3531.07;287.18;303;S355JR;galvanizacao;59;6113.46;1343.28;4212.97;6985.34;1456.65;4753.83;35.26
corrimao;media;10355.51;979.47;620;S235JR;pintura_liquida;90;13482.86;3362.55;14810.11;15656.21;3629.98;18238.65;101.09
gradeamento;baixa;3846.32;394.0;189;S355JR;sem_tratamento;36;6705.99;799.03;408.26;7537.59;868.88;438.48;22.35
portao;baixa;1222.31;100.0;162;S235JR;sem_tratamento;47;1798.16;300.01;200.0;1955.63;298.2;231.37;7.7
pavilhao;alta;5569.26;254.35;423;S355JR;galvanizacao;108;9844.6;2345.08;6279.21;10460.33;2533.11;8386.22;65.01
passadico;baixa;1403.6;98.74;75;S355JR;sem_tratamento;49;2534.1;300.01;200.0;2698.9;306.76;210.52;7.91
cobertura;baixa;2858.38;308.38;301;AISI304;sem_tratamento;65;17064.89;555.74;274.34;18534.52;650.53;263.47;17.08
mezanino;media;1418.93;100.83;121;AL6060;lacagem;76;5799.87;329.37;1623.22;6166.28;351.62;1831.5;9.28
plataforma;alta;1917.69;129.29;154;AL5754;pintura_liquida;42;8301.1;721.65;1872.51;8176.63;739.36;2127.14;18.67
escadaria;baixa;1020.57;68.28;152;S235JR;sem_tratamento;53;1391.15;300.01;200.0;1420.56;343.3;191.55;8.88
guarda-corpos;media;10705.19;905.01;623;S355JR;pintura_liquida;114;17750.63;3757.37;12748.94;18396.35;4277.28;13719.98;117.45
passarela;baixa;1990.31;166.26;80;S235JR;lacagem;55;2967.05;362.48;2723.29;3229.01;407.29;3204.92;11.01
passerelle;alta;6148.21;558.36;219;S355JR;galvanizacao;71;10311.9;2309.26;8005.53;11078.48;2395.38;8811.48;60.43
corrimao;media;4349.92;405.96;61;S235JR;pintura_liquida;82;5461.96;958.39;6213.03;6005.23;961.95;6818.57;25.28
gradeamento;baixa;3041.17;303.8;125;S355JR;sem_tratamento;48;5171.52;582.8;321.39;6580.05;751.03;327.83;19.93
portao;baixa;524.7;37.59;19;S355JR;sem_tratamento;59;970.9;300.0;200.0;982.39;305.0;231.13;8.47
pavilhao;alta;4083.73;188.59;689;AISI304;polimento;180;22818.73;1883.99;3925.95;22951.9;2044.36;5160.27;57.67
passadico;baixa;1553.92;160.75;71;AL6060;anodizacao;21;5706.1;300.01;2744.74;6221.46;297.11;3192.34;7.56
cobertura;baixa;4087.46;476.4;455;AL5754;anodizacao;77;17834.53;919.51;8749.87;19376.94;1035.91;10164.36;26.67
mezanino;media;1736.03;74.41;324;S235JR;pintura_liquida;88;2789.54;492.12;1001.1;2785.07;524.51;1057.26;14.43
plataforma;alta;1459.74;86.54;234;S355JR;galvanizacao;54;2836.31;543.02;1812.56;3176.66;509.85;2085.16;13.49
escadaria;baixa;1031.71;65.85;92;S235JR;lacagem;25;1483.52;300.0;1154.84;1616.17;335.91;1250.54;8.93
guarda-corpos;media;8511.82;835.24;398;S355JR;pintura_liquida;126;13377.44;2409.04;12266.28;21920.24;4416.35;21534.33;119.37
passarela;baixa;2952.59;219.75;84;S235JR;sem_tratamento;27;4346.05;507.61;323.45;4542.49;495.9;313.72;13.22
passerelle;alta;4454.02;379.46;359;S355JR;galvanizacao;83;7514.85;1892.26;5806.19;7914.92;2104.62;7184.09;50.04
corrimao;media;3919.04;305.11;145;S355JR;pintura_liquida;94;6504.6;1082.2;4491.17;6741.76;1178.03;4568.49;29.89
gradeamento;baixa;3421.7;387.63;691;AISI304;sem_tratamento;115;16415.85;968.75;321.76;18269.97;995.86;321.72;24.47
portao;baixa;621.12;65.97;162;AL6060;anodizacao;31;2494.93;300.0;1204.65;2505.57;308.45;1317.77;8.04
pavilhao;alta;3491.76;161.4;499;AL5754;pintura_liquida;132;14876.03;1554.13;2281.56;15682.0;1632.91;3143.92;44.17
passadico;baixa;1369.29;111.94;106;S235JR;sem_tratamento;33;1893.81;300.0;200.0;2173.07;319.91;224.36;8.6
cobertura;baixa;5852.08;516.45;242;S355JR;sem_tratamento;89;12125.02;1245.12;585.5;12385.58;1540.59;757.68;36.91
mezanino;media;4151.56;233.97;152;S235JR;pintura_liquida;50;6086.57;1185.47;3509.19;7920.25;1430.8;4459.37;40.34
plataforma;alta;3395.64;230.93;68;S355JR;galvanizacao;66;6854.15;1242.91;3709.69;7077.88;1339.63;4215.18;33.3
escadaria;baixa;1900.44;149.9;108;S235JR;sem_tratamento;37;2426.33;352.16;200.0;2426.19;347.81;216.83;10.15
guarda-corpos;media;8663.73;841.24;389;S355JR;pintura_liquida;138;14131.49;2604.13;13107.69;14678.62;2722.73;15438.99;68.16
passarela;baixa;1297.14;88.3;97;S355JR;sem_tratamento;39;2422.4;299.99;200.0;2633.41;314.55;197.07;7.58
passerelle;alta;3113.53;322.52;349;AISI304;polimento;95;17679.22;1273.08;7145.05;20196.6;1339.46;7259.08;33.56
corrimao;media;1428.92;164.4;319;AL6060;lacagem;56;4669.0;405.55;2804.2;5311.51;470.07;3381.52;11.73
gradeamento;baixa;1236.83;164.91;166;AL5754;anodizacao;72;4885.52;300.01;3180.97;5378.9;333.26;3382.37;9.07
portao;baixa;2370.41;204.28;110;S235JR;sem_tratamento;43;3388.76;412.1;227.88;3815.09;423.68;258.92;11.33
pavilhao;alta;11799.41;528.96;440;S355JR;galvanizacao;79;21367.6;5396.81;14069.9;24984.72;5434.17;14753.18;139.65
passadico;baixa;2730.39;241.98;85;S235JR;lacagem;45;3997.81;531.66;4241.72;3279.47;517.86;3058.29;13.04
cobertura;baixa;6183.29;625.22;95;S355JR;sem_tratamento;101;11686.86;1196.64;674.91;12416.08;1387.82;836.91;35.92
cobertura;baixa;3689.71;528.48;449;AL5754;anodizacao;82;16013.24;853.54;8993.69;18004.24;834.73;11232.18;23.68
mezanino;media;4321.55;212.14;74;S235JR;pintura_liquida;48;6565.83;1148.85;2995.7;7290.02;1201.39;3367.54;30.87
plataforma;alta;1696.89;97.59;56;S355JR;galvanizacao;69;3385.08;604.32;1908.24;3519.73;661.88;2031.58;16.01
escadaria;baixa;2230.14;165.16;149;S235JR;lacagem;45;3084.87;436.32;2614.36;3392.61;510.36;2907.34;12.6
guarda-corpos;media;9376.76;754.17;555;S355JR;pintura_liquida;121;15005.27;3038.53;12065.4;20251.53;3610.89;16767.06;93.76
passarela;baixa;903.25;66.93;33;S235JR;sem_tratamento;47;1396.39;300.0;200.0;1589.0;341.22;218.7;8.5
passerelle;alta;7772.78;656.32;382;S355JR;galvanizacao;88;13043.64;2923.48;8935.06;13965.46;2988.28;10792.79;69.18
corrimao;media;4462.26;348.83;211;S355JR;pintura_liquida;54;7362.72;1118.48;4648.95;7810.67;1153.94;5555.03;32.94
gradeamento;baixa;1699.69;210.01;203;AISI304;sem_tratamento;75;8999.28;307.51;200.0;9470.32;329.95;206.51;9.35
portao;baixa;1124.47;116.85;127;AL6060;anodizacao;51;4378.86;299.99;1997.63;4787.49;329.85;2257.97;8.9
pavilhao;alta;4946.89;274.72;258;AL5754;pintura_liquida;127;21903.15;1957.44;4118.39;23184.74;2267.28;5030.78;53.33
passadico;baixa;675.56;54.59;113;S235JR;sem_tratamento;53;954.6;300.0;200.0;1031.07;335.33;248.81;8.42
cobertura;baixa;7423.23;652.62;282;S355JR;sem_tratamento;94;15699.99;1500.31;718.58;16909.15;1705.5;799.08;41.72
mezanino;media;2292.51;118.43;265;S235JR;pintura_liquida;60;3706.53;585.19;1849.19;3831.18;607.19;1977.43;16.31
plataforma;alta;2395.59;136.34;109;S355JR;galvanizacao;36;4415.01;884.67;2622.44;4996.89;1010.8;2778.35;26.54
escadaria;baixa;1770.62;138.51;142;S235JR;sem_tratamento;57;2299.77;334.52;200.0;2495.96;330.52;196.41;8.67
guarda-corpos;media;8062.28;680.97;277;S355JR;pintura_liquida;133;13845.72;2520.88;10900.06;11568.84;1871.27;9150.69;51.07
passarela;baixa;1596.8;120.13;137;S355JR;sem_tratamento;59;2829.74;312.27;200.0;2991.52;329.24;204.75;9.21
passerelle;alta;4653.34;453.87;733;AISI304;polimento;170;24029.52;2254.53;10872.87;26442.09;2415.54;14942.79;62.13
corrimao;media;1654.45;207.7;330;AL6060;lacagem;66;5539.0;481.22;3339.41;6266.54;494.15;3921.77;12.81
gradeamento;baixa;792.34;92.01;38;AL5754;anodizacao;42;2984.21;300.0;1682.94;3201.89;327.4;1921.56;9.17
portao;baixa;828.07;65.86;114;S235JR;sem_tratamento;23;1341.23;300.0;200.0;1694.33;359.04;231.74;9.83
pavilhao;alta;8540.1;378.56;177;S355JR;galvanizacao;139;16222.15;3078.24;10122.0;17144.91;3253.61;11128.37;81.37
passadico;baixa;11845.41;930.2;648;S235JR;lacagem;115;16549.13;2891.12;16028.55;17948.2;3203.99;17844.88;80.16
cobertura;baixa;4735.2;486.72;176;S355JR;sem_tratamento;106;10081.31;838.42;429.5;10737.56;864.24;471.13;22.76
mezanino;media;2222.65;111.5;287;S235JR;pintura_liquida;72;3153.25;574.3;1800.06;3285.51;627.22;1598.03;16.64
plataforma;alta;3990.35;254.29;75;S355JR;galvanizacao;48;7618.5;1439.57;4716.72;14393.4;2396.53;9181.71;63.58
escadaria;baixa;1121.27;73.79;81;S355JR;sem_tratamento;29;1897.3;300.0;200.0;2046.86;343.44;237.53;8.65
guarda-corpos;media;1930.9;238.8;416;AISI304;sem_tratamento;80;9463.57;570.21;210.06;10172.05;676.5;233.41;17.96
passarela;baixa;727.82;65.74;120;AL6060;anodizacao;31;2662.92;300.0;1293.21;2923.8;328.03;1523.32;8.91
passerelle;alta;4248.51;448.23;95;AL5754;pintura_liquida;57;17230.98;1416.22;6789.86;18772.09;1493.31;7297.01;37.3
corrimao;media;5971.65;558.96;338;S235JR;pintura_liquida;78;7971.29;1895.07;8333.83;8188.37;2063.91;8798.2;54.79
gradeamento;baixa;1929.57;164.49;200;S355JR;sem_tratamento;54;3270.88;371.92;200.0;3399.98;403.47;209.93;10.56
portao;baixa;2130.36;147.92;38;S235JR;lacagem;35;3388.33;401.6;2602.74;3566.33;424.85;2706.15;11.74
pavilhao;alta;9666.62;440.61;173;S355JR;galvanizacao;86;17368.82;3306.69;12067.98;19019.46;3834.39;13424.98;93.4
passadico;baixa;1653.67;135.29;32;S235JR;sem_tratamento;37;2347.11;300.01;200.0;2566.03;309.12;217.66;8.96
cobertura;baixa;7840.4;717.77;342;S355JR;sem_tratamento;63;15063.02;1598.88;816.52;16130.17;1636.09;856.81;43.87
mezanino;media;3601.41;161.14;81;S355JR;pintura_liquida;84;6587.62;933.4;2275.48;7230.04;1026.78;2747.24;25.88
plataforma;alta;1557.9;118.73;77;AISI304;polimento;60;8833.33;504.04;2601.4;11182.38;609.17;3158.26;16.84
escadaria;baixa;746.01;60.8;80;AL6060;anodizacao;41;2520.56;300.0;1195.19;2804.19;321.92;1336.44;9.13
guarda-corpos;media;4289.33;481.67;484;AL5754;lacagem;92;16971.46;1305.81;7312.59;17388.74;1364.72;8159.46;35.1
passarela;baixa;1638.57;147.59;98;S235JR;sem_tratamento;43;2391.03;299.99;200.0;2685.69;337.58;218.65;8.07
passerelle;alta;3525.06;283.94;157;S355JR;galvanizacao;69;6321.58;1225.06;4467.84;7418.17;1313.49;5505.86;33.76
corrimao;media;5247.48;482.54;235;S235JR;pintura_liquida;90;7105.47;1569.94;6988.19;7595.16;1719.96;7203.44;46.41
gradeamento;baixa;2828.52;285.83;62;S355JR;sem_tratamento;66;4314.79;464.56;271.42;4221.6;489.47;265.85;12.25
portao;baixa;1932.92;139.25;72;S235JR;sem_tratamento;47;2980.17;332.98;200.0;2995.38;351.88;228.3;9.83
pavilhao;alta;11023.9;503.52;622;S355JR;galvanizacao;98;20990.78;5194.47;11984.32;22507.39;5889.05;14058.3;159.21
passadico;baixa;1866.51;154.75;115;S355JR;sem_tratamento;49;3359.96;329.45;200.0;3880.29;349.7;234.91;9.64
cobertura;baixa;3928.09;519.88;369;AISI304;sem_tratamento;140;23739.6;832.36;409.49;24386.03;888.94;498.57;22.86
mezanino;media;2933.4;202.51;61;AL6060;lacagem;46;12177.17;736.33;3427.71;12729.13;820.34;4477.91;20.85
plataforma;alta;1752.03;142.64;110;AL5754;pintura_liquida;72;7736.62;658.63;2297.85;8285.79;743.05;2400.86;17.21
escadaria;baixa;1535.05;109.82;74;S235JR;sem_tratamento;53;2159.46;300.0;200.0;2452.26;355.1;191.17;8.86
guarda-corpos;media;11293.34;952.53;282;S355JR;pintura_liquida;104;20045.82;3213.29;13068.67;21210.34;3606.61;13072.91;103.09
passarela;baixa;687.37;62.36;36;S235JR;lacagem;55;963.31;300.01;969.09;1039.84;305.27;1066.24;8.46
passerelle;alta;6627.02;458.41;332;S355JR;galvanizacao;81;12218.92;2712.39;7843.94;13214.94;2738.36;8568.81;71.53
corrimao;media;4659.23;412.93;229;S235JR;pintura_liquida;52;6250.43;1170.11;6133.41;8064.08;1334.59;6592.09;34.79
gradeamento;baixa;2880.33;235.35;45;S355JR;sem_tratamento;78;4554.12;464.26;311.21;5039.74;499.76;337.04;13.56
portao;baixa;2359.1;201.26;128;S355JR;sem_tratamento;59;3986.25;458.97;239.62;4712.43;489.35;236.74;13.69
pavilhao;alta;5137.67;214.31;961;AISI304;polimento;120;31208.46;3152.92;4984.8;33075.51;3274.84;6112.42;82.8
passadico;baixa;1614.22;157.8;93;AL6060;anodizacao;21;6097.48;302.75;2878.55;6687.8;316.11;3215.2;8.92
cobertura;baixa;3649.78;538.1;191;AL5754;anodizacao;87;16159.59;676.31;9191.1;17938.29;762.98;10323.95;19.46
mezanino;media;3960.06;182.26;307;S235JR;pintura_liquida;58;5741.34;1059.05;2876.71;6413.69;1132.66;2764.14;31.04
plataforma;alta;2276.95;141.12;52;S355JR;galvanizacao;39;4304.73;688.57;2851.33;4596.93;714.36;3537.86;17.71
escadaria;baixa;675.78;45.54;138;S235JR;lacagem;25;862.44;299.99;713.94;945.58;315.12;901.73;8.7
guarda-corpos;media;9180.44;939.41;547;S355JR;pintura_liquida;116;14634.28;3282.54;12686.33;15693.9;3460.28;12719.29;88.69
guarda-corpos;media;5953.1;709.4;611;AL5754;lacagem;87;23007.14;2121.64;12272.01;24640.67;2120.03;13331.3;54.73
passarela;baixa;2325.96;169.48;48;S235JR;sem_tratamento;23;3368.38;436.95;244.61;3490.08;439.33;278.79;12.22
passerelle;alta;7006.69;553.2;424;S355JR;galvanizacao;74;13038.72;2689.88;7923.37;14588.1;2763.78;8231.6;71.02
corrimao;media;3587.93;291.39;230;S235JR;pintura_liquida;50;4670.2;1033.89;3993.66;4794.3;1187.85;3935.94;29.1
gradeamento;baixa;3471.23;323.32;61;S355JR;sem_tratamento;36;5365.54;608.37;327.56;5793.57;664.51;359.69;18.24
portao;baixa;2124.48;179.27;96;S235JR;sem_tratamento;27;3443.86;377.48;200.95;3861.42;431.67;246.58;11.01
pavilhao;alta;5275.2;190.21;343;S355JR;galvanizacao;93;10570.85;2155.43;6940.72;13143.88;2776.58;8304.7;72.87
passadico;baixa;2147.51;167.6;40;S355JR;sem_tratamento;29;3527.87;355.45;200.0;3781.86;397.14;242.88;10.57
cobertura;baixa;2195.02;263.31;398;AISI304;sem_tratamento;80;12820.08;501.26;234.61;20823.65;868.41;524.37;23.35
mezanino;media;1193.61;83.79;119;AL6060;lacagem;56;4816.04;299.99;1276.87;5252.32;302.94;1598.85;7.43
plataforma;alta;1692.62;137.83;163;AL5754;pintura_liquida;42;6946.31;592.66;2066.6;7574.1;602.07;2036.09;15.23
escadaria;baixa;1195.83;95.15;55;S235JR;sem_tratamento;33;1616.72;300.01;200.0;1805.17;315.69;198.14;8.36
guarda-corpos;media;4281.42;442.53;266;S355JR;pintura_liquida;99;7040.22;1179.94;7059.22;7289.7;1354.21;8392.36;37.48
passarela;baixa;1391.49;110.11;109;S235JR;lacagem;35;2127.64;300.0;1912.9;2220.4;333.22;2088.78;9.71
passerelle;alta;2532.48;203.41;253;S355JR;galvanizacao;86;4555.32;927.69;2814.28;4926.01;941.05;3707.49;23.17
corrimao;media;5600.06;504.12;220;S235JR;pintura_liquida;62;6930.36;1497.21;7479.44;7387.56;1688.82;9338.21;44.95
gradeamento;baixa;3700.46;289.78;229;S355JR;sem_tratamento;48;6034.36;792.98;334.06;6743.03;848.94;417.17;22.87
portao;baixa;922.97;66.23;130;S355JR;sem_tratamento;39;1659.92;299.99;200.0;1819.97;320.54;214.29;8.55
pavilhao;alta;4176.81;230.01;157;AISI304;polimento;105;25176.11;1623.44;4758.35;26250.63;1863.98;6128.73;49.21
passadico;baixa;765.75;81.44;105;AL6060;anodizacao;41;2651.05;300.0;1480.7;2869.31;306.39;1665.15;8.21
cobertura;baixa;1670.2;232.92;223;AL5754;anodizacao;92;7801.55;349.19;4369.72;8585.0;363.28;5218.24;9.5
mezanino;media;3371.85;158.39;77;S235JR;pintura_liquida;68;4858.68;788.03;2110.45;5154.25;971.32;2345.63;22.37
plataforma;alta;1575.33;87.24;182;S355JR;galvanizacao;54;3066.61;577.11;2008.37;2685.18;519.62;1654.69;12.34
escadaria;baixa;6977.34;428.86;379;S235JR;lacagem;140;9457.22;1545.06;6436.69;11822.14;1871.0;8343.71;53.4
guarda-corpos;media;4740.64;397.69;615;S355JR;pintura_liquida;111;7984.43;1634.98;6367.33;8414.39;1685.22;6596.47;44.61
passarela;baixa;1965.91;176.31;40;S235JR;sem_tratamento;47;3067.22;323.52;200.0;3311.9;400.2;224.47;9.55
passerelle;alta;3128.9;235.45;419;S355JR;galvanizacao;98;5815.09;1193.56;3773.21;6056.17;1328.89;4553.11;31.17
corrimao;media;2708.41;226.75;163;S355JR;pintura_liquida;74;4005.64;732.28;3511.55;4361.97;855.95;3311.09;19.44
gradeamento;baixa;463.0;43.61;141;AISI304;sem_tratamento;60;2327.05;300.0;200.0;2650.3;298.4;217.21;8.31
portao;baixa;862.05;73.5;88;AL6060;anodizacao;51;3195.43;300.01;1406.77;3272.99;320.03;1555.74;8.52
pavilhao;alta;3997.79;211.49;175;AL5754;pintura_liquida;117;18807.0;1422.08;2890.96;18913.75;1621.86;3393.98;40.17
passadico;baixa;1383.04;124.07;65;S235JR;sem_tratamento;53;2130.99;299.99;200.0;2304.72;324.14;243.75;8.76
cobertura;baixa;5076.75;518.59;425;S355JR;sem_tratamento;104;10181.41;1180.49;492.41;10421.68;1271.55;559.9;34.44
mezanino;media;3324.08;169.81;254;S235JR;pintura_liquida;80;5213.92;845.17;2529.21;5755.47;942.15;2683.29;26.01
plataforma;alta;3789.71;214.98;184;S355JR;galvanizacao;66;6794.74;1453.31;4201.5;7221.31;1590.46;4991.43;41.51
escadaria;baixa;1880.81;126.69;63;S235JR;sem_tratamento;57;2428.75;351.58;200.0;2754.99;375.75;212.2;9.45
guarda-corpos;media;4091.93;368.2;215;S355JR;pintura_liquida;123;6875.77;1150.8;4967.11;7852.66;1206.01;6424.53;31.54
passarela;baixa;2688.1;226.71;102;S355JR;sem_tratamento;59;4538.07;514.89;259.08;4825.91;517.93;272.33;14.91
passerelle;alta;4846.2;403.55;839;AISI304;polimento;200;25830.65;2475.31;8621.41;26812.72;2664.93;9092.97;76.24
corrimao;media;2154.37;256.26;123;AL6060;lacagem;86;7538.73;533.68;4640.81;7999.15;550.22;4811.4;13.94
gradeamento;baixa;884.24;91.53;213;AL5754;anodizacao;72;3455.04;300.01;1707.22;4477.67;376.73;2594.87;9.62
portao;baixa;1541.62;113.42;58;S235JR;sem_tratamento;23;2390.84;300.0;200.0;2628.79;325.1;241.7;8.69
pavilhao;alta;7417.88;292.08;554;S355JR;galvanizacao;129;14368.98;3205.64;9020.31;15888.3;3470.52;9189.36;89.84
passadico;baixa;1477.4;110.5;109;S235JR;lacagem;25;2119.98;300.01;1923.69;2278.22;330.68;2375.28;9.02
cobertura;baixa;6368.88;594.22;464;S355JR;sem_tratamento;61;12219.11;1513.17;625.2;13538.14;1471.83;734.59;41.65
mezanino;media;1899.71;93.36;107;S235JR;pintura_liquida;92;2726.53;515.2;1482.94;3016.95;555.3;1744.99;14.58
plataforma;alta;1276.05;77.66;219;S355JR;galvanizacao;78;2485.6;484.96;1381.12;2649.8;495.25;1714.63;12.89
escadaria;baixa;2156.94;157.66;67;S355JR;sem_tratamento;29;3702.58;400.61;217.7;3748.49;420.94;243.19;11.09
guarda-corpos;media;4864.08;523.41;372;AISI304;sem_tratamento;90;23527.96;1563.91;515.33;25556.66;1742.36;527.57;45.51
passarela;baixa;1229.28;124.29;108;AL6060;anodizacao;31;4722.35;300.0;2025.4;8748.98;521.57;4338.08;12.87
passerelle;alta;3626.17;344.31;209;AL5754;pintura_liquida;67;14984.66;1315.26;5328.06;15992.43;1351.7;5276.66;38.35
corrimao;media;5857.77;549.8;90;S235JR;pintura_liquida;48;7246.28;1575.66;7641.81;7440.0;1626.48;9260.8;44.5
gradeamento;baixa;2207.32;206.78;228;S355JR;sem_tratamento;39;3818.38;448.33;210.57;4279.85;487.26;223.25;14.24
portao;baixa;824.1;62.9;100;S235JR;lacagem;35;1299.07;300.0;1066.49;1455.04;339.44;1085.45;8.67
pavilhao;alta;9400.19;392.0;327;S355JR;galvanizacao;76;17417.56;3385.94;10407.3;19332.78;3677.29;11129.49;90.46
passadico;baixa;2215.55;194.86;29;S235JR;sem_tratamento;37;2985.7;371.28;221.31;3130.73;399.02;206.58;10.86
cobertura;baixa;2885.7;312.61;107;S355JR;sem_tratamento;73;6144.59;549.03;309.38;6479.09;591.83;340.5;15.06
mezanino;media;4728.05;201.59;79;S355JR;pintura_liquida;54;8801.05;1081.19;3170.1;11209.02;1329.56;4031.21;34.87
plataforma;alta;1123.11;85.17;183;AISI304;polimento;45;6697.28;387.15;1938.63;7454.29;427.95;2230.16;10.65
escadaria;baixa;902.06;91.85;146;AL6060;anodizacao;41;3158.15;299.99;1735.84;3425.23;336.92;2063.62;8.18
guarda-corpos;media;4111.51;421.78;352;AL5754;lacagem;82;15123.6;1221.9;6948.27;17062.77;1254.11;7559.34;36.49
passarela;baixa;1224.37;92.04;77;S235JR;sem_tratamento;43;1713.78;300.0;200.0;1894.34;322.73;208.18;8.57
passerelle;alta;3311.48;278.07;107;S355JR;galvanizacao;79;5918.16;1065.5;3639.31;7060.63;1163.75;4388.36;28.28
corrimao;media;4589.0;397.52;70;S235JR;pintura_liquida;60;6258.36;1064.78;6248.26;6638.58;1147.82;6052.9;28.3
gradeamento;baixa;3552.33;319.62;73;S355JR;sem_tratamento;51;5671.29;653.16;356.09;5914.89;743.78;422.87;19.93
gradeamento;baixa;1547.36;179.8;173;AL5754;anodizacao;42;5855.27;300.0;3318.47;6621.88;336.8;3715.22;8.16
portao;baixa;1908.35;146.43;118;S235JR;sem_tratamento;43;2848.89;320.71;200.0;3104.57;351.18;217.73;8.97
pavilhao;alta;11709.83;429.8;224;S355JR;galvanizacao;124;21210.8;4535.91;14170.64;24051.4;5007.97;14524.93;123.96
passadico;baixa;1313.42;100.49;95;S235JR;lacagem;45;2013.59;300.0;1510.72;2071.56;335.81;1540.25;8.81
cobertura;baixa;6417.71;603.33;205;S355JR;sem_tratamento;66;12058.15;1135.34;685.84;13835.55;1249.9;750.82;33.98
mezanino;media;4728.59;266.92;133;S235JR;pintura_liquida;52;7067.88;1290.06;3853.71;8029.66;1443.97;4396.93;40.02
plataforma;alta;1253.78;67.66;182;S355JR;galvanizacao;48;2452.35;417.66;1512.48;2548.36;429.0;1871.96;10.9
escadaria;baixa;2102.98;154.58;116;S355JR;sem_tratamento;49;3470.81;364.98;200.0;3593.28;379.59;205.07;10.28
guarda-corpos;media;2748.04;334.3;424;AISI304;sem_tratamento;130;13748.65;898.34;276.46;17376.63;1115.79;353.4;28.81
passarela;baixa;527.19;47.67;69;AL6060;anodizacao;51;1975.19;300.0;854.46;2055.03;331.9;998.02;8.34
passerelle;alta;3033.98;285.94;312;AL5754;pintura_liquida;72;12829.55;1229.17;4413.37;13755.47;1289.78;5830.16;31.27
corrimao;media;2767.09;266.23;300;S235JR;pintura_liquida;58;3452.58;880.29;3680.52;3834.17;936.16;3381.58;24.18
gradeamento;baixa;1151.41;100.69;53;S355JR;sem_tratamento;54;1960.77;300.01;200.0;2075.79;327.37;202.89;8.79
portao;baixa;1333.57;93.25;76;S235JR;lacagem;55;2009.6;300.0;1439.24;2111.31;319.4;1849.62;9.04
pavilhao;alta;11112.95;408.4;414;S355JR;galvanizacao;136;21367.99;4362.9;13322.12;23352.87;4863.1;14062.07;121.78
passadico;baixa;1166.59;81.96;27;S235JR;sem_tratamento;57;1709.27;300.01;200.0;1854.16;326.88;193.18;8.36
cobertura;baixa;5132.39;460.52;364;S355JR;sem_tratamento;78;10928.08;1127.61;470.76;12352.97;1301.09;429.2;34.66
mezanino;media;4731.25;218.38;137;S355JR;pintura_liquida;64;8230.9;1249.44;3525.64;8352.65;1450.78;4130.78;38.11
plataforma;alta;6704.37;436.62;743;AISI304;polimento;190;31246.22;2977.56;7701.99;35040.91;3318.0;7714.36;84.11
escadaria;baixa;1129.0;118.02;158;AL6060;anodizacao;21;3875.37;300.0;2176.21;3920.34;314.7;2421.5;7.41
guarda-corpos;media;2598.13;337.84;232;AL5754;lacagem;77;9646.74;764.03;5206.74;10340.02;838.64;5975.8;23.59
passarela;baixa;684.41;50.55;102;S235JR;sem_tratamento;23;1072.58;300.0;200.0;1156.85;317.23;237.37;8.99
passerelle;alta;7448.5;610.61;214;S355JR;galvanizacao;84;12322.12;2937.47;9572.57;12372.56;3549.87;12319.84;86.79
corrimao;media;10467.57;955.97;270;S235JR;pintura_liquida;90;14567.62;3145.19;13066.78;15757.48;3372.59;14189.27;91.29
gradeamento;baixa;3970.06;363.97;150;S355JR;sem_tratamento;66;6281.99;718.99;427.18;6345.21;791.21;529.69;20.03
portao;baixa;1782.77;131.04;110;S235JR;sem_tratamento;27;2766.17;316.51;200.0;3629.79;445.8;265.82;11.07
pavilhao;alta;10887.62;456.76;577;S355JR;galvanizacao;83;20129.08;4993.85;12863.43;21009.89;5686.43;13801.66;136.04
passadico;baixa;1670.07;145.55;117;S355JR;sem_tratamento;29;2656.14;300.0;200.0;2747.45;313.26;214.56;8.21
cobertura;baixa;2912.78;343.78;124;AISI304;sem_tratamento;90;18335.4;568.47;273.69;14092.43;426.87;213.09;12.28
mezanino;media;1504.22;97.86;333;AL6060;lacagem;76;5508.97;449.33;1693.5;5798.84;482.11;2008.49;13.83
plataforma;alta;1010.06;74.58;91;AL5754;pintura_liquida;72;4613.47;324.15;1141.67;4888.68;348.47;1347.18;8.36
escadaria;baixa;549.18;38.38;94;S235JR;sem_tratamento;33;724.55;300.0;200.0;1248.02;478.53;382.5;13.32
guarda-corpos;media;9555.71;770.51;253;S355JR;pintura_liquida;89;14877.81;2878.55;10527.48;15822.78;3021.45;11556.08;86.89
passarela;baixa;1349.01;110.64;46;S235JR;lacagem;35;1879.92;299.99;1864.4;1875.02;297.35;2389.91;8.72
passerelle;alta;5753.86;432.78;378;S355JR;galvanizacao;96;10713.8;2539.82;7169.15;11636.39;2659.29;7286.32;67.37
corrimao;media;2126.46;168.38;238;S235JR;pintura_liquida;82;2965.62;614.11;2729.22;3100.37;704.22;3308.65;18.19
gradeamento;baixa;1191.59;111.08;83;S355JR;sem_tratamento;78;1979.6;300.0;200.0;2370.46;318.74;239.01;8.61
portao;baixa;2010.2;145.37;50;S355JR;sem_tratamento;39;3748.17;351.53;200.0;4366.69;380.95;189.01;10.44
pavilhao;alta;2686.61;135.22;649;AISI304;polimento;95;15728.21;1396.25;3221.06;16562.25;1529.15;3688.73;38.68
passadico;baixa;451.29;49.83;127;AL6060;anodizacao;41;1573.79;300.0;978.89;1698.08;295.35;1159.09;8.42
cobertura;baixa;2091.36;271.34;156;AL5754;anodizacao;102;9098.9;398.05;4792.94;9807.22;440.15;4875.64;11.16
mezanino;media;2030.2;111.49;80;S235JR;pintura_liquida;88;3202.96;465.77;1775.36;3542.35;542.05;2108.14;14.11
plataforma;alta;3138.07;212.58;108;S355JR;galvanizacao;39;6361.86;1089.77;3418.56;8310.23;1308.52;3844.76;30.84
escadaria;baixa;660.56;49.8;150;S235JR;lacagem;45;942.1;299.99;745.05;1046.76;313.2;881.49;8.6
guarda-corpos;media;6637.5;595.99;380;S355JR;pintura_liquida;101;11725.23;1990.57;8210.67;12872.98;1993.19;8141.9;50.75
passarela;baixa;886.2;63.21;98;S235JR;sem_tratamento;47;1301.53;300.01;200.0;1456.08;318.08;214.52;8.39
passerelle;alta;5722.6;411.1;112;S355JR;galvanizacao;108;10503.44;1902.9;6540.95;11775.8;2166.35;8176.81;52.34
corrimao;media;4441.59;387.41;320;S355JR;pintura_liquida;94;7349.78;1405.22;5516.69;7309.65;1537.53;6498.26;40.44
gradeamento;baixa;4574.52;431.65;381;AISI304;sem_tratamento;115;23009.26;918.84;423.95;25292.76;1041.05;419.68;25.7
portao;baixa;698.61;69.09;166;AL6060;anodizacao;51;2599.39;300.0;1355.82;2732.35;307.8;1498.81;8.28
pavilhao;alta;4196.46;241.14;509;AL5754;pintura_liquida;107;17787.21;1714.02;3917.86;19921.04;1761.88;3838.24;49.05
passadico;baixa;2773.83;217.54;98;S235JR;sem_tratamento;53;3911.19;448.74;273.16;4008.54;454.8;261.08;11.17
cobertura;baixa;6642.5;688.0;437;S355JR;sem_tratamento;59;13796.69;1561.98;624.77;14501.22;1686.18;688.19;47.79
mezanino;media;2234.66;105.53;180;S235JR;pintura_liquida;50;3499.95;540.92;1697.62;3822.23;588.45;1955.43;15.54
plataforma;alta;1342.15;70.61;197;S355JR;galvanizacao;51;2703.0;469.4;1485.08;2802.42;490.52;1748.33;11.64
escadaria;baixa;2204.28;146.55;90;S235JR;sem_tratamento;57;3163.78;417.31;205.46;3388.19;476.06;230.99;11.71
guarda-corpos;media;8447.71;716.6;280;S355JR;pintura_liquida;113;14453.77;2326.4;10270.52;14791.66;2396.57;12151.78;61.22
passarela;baixa;768.94;52.61;60;S355JR;sem_tratamento;59;1335.92;299.99;200.0;1422.18;323.54;220.95;8.71
passerelle;alta;4643.65;437.52;694;AISI304;polimento;140;25208.95;2337.19;9100.15;26660.15;2388.99;10753.74;59.81
corrimao;media;2328.17;276.19;140;AL6060;lacagem;56;7359.76;591.23;4191.91;9127.89;724.91;5344.82;18.34
gradeamento;baixa;1118.49;134.88;58;AL5754;anodizacao;57;4480.83;300.01;2313.71;4956.55;319.76;2668.34;8.58
portao;baixa;693.59;45.22;111;S235JR;sem_tratamento;23;1107.74;299.99;200.0;1237.51;296.38;202.5;7.74
pavilhao;alta;6406.61;254.98;568;S355JR;galvanizacao;119;12954.32;2909.4;8413.67;14071.76;3204.3;9424.04;75.26
passadico;baixa;800.45;63.72;116;S235JR;lacagem;25;1156.06;300.01;1050.67;1197.94;323.71;1218.18;8.02
cobertura;baixa;3507.34;323.4;245;S355JR;sem_tratamento;71;6824.49;686.93;330.81;7158.9;720.46;403.87;19.76
cobertura;baixa;3114.93;463.1;156;AL5754;anodizacao;107;13674.12;528.17;8666.22;14023.61;557.32;11250.09;13.29
mezanino;media;2121.59;108.29;201;S235JR;pintura_liquida;48;3166.27;535.92;1548.17;3431.45;573.86;1571.84;15.14
plataforma;alta;1581.9;108.87;170;S355JR;galvanizacao;54;2815.31;536.02;1995.56;3243.4;535.87;2325.87;12.96
escadaria;baixa;597.65;47.93;106;S235JR;lacagem;25;781.01;300.0;751.76;863.25;315.99;847.11;8.34
guarda-corpos;media;4650.28;371.44;466;S355JR;pintura_liquida;96;7320.45;1508.01;5486.33;7746.79;1602.91;5711.81;40.15
passarela;baixa;1176.13;104.07;97;S235JR;sem_tratamento;27;1821.43;299.99;200.0;1898.26;337.28;230.74;8.14
passerelle;alta;3537.73;301.41;137;S355JR;galvanizacao;58;5754.27;1305.56;4287.36;6314.95;1449.87;4716.68;37.73
corrimao;media;4011.28;369.38;254;S355JR;pintura_liquida;54;6035.58;1221.35;5735.36;6261.96;1357.59;6437.75;39.73
gradeamento;baixa;1053.63;123.85;103;AISI304;sem_tratamento;60;5287.56;300.0;200.0;5737.61;316.48;210.79;8.78
portao;baixa;599.97;56.57;143;AL6060;anodizacao;31;2174.1;300.0;945.49;2293.19;328.9;1174.39;8.46
pavilhao;alta;6503.3;291.9;164;AL5754;pintura_liquida;102;28140.71;2407.93;4001.39;36375.7;2996.28;4802.49;81.2
passadico;baixa;2409.66;217.22;85;S235JR;sem_tratamento;33;3386.6;400.96;254.93;3598.07;454.07;293.66;12.32
cobertura;baixa;4975.9;536.52;373;S355JR;sem_tratamento;64;9962.17;998.14;453.33;10384.19;1173.16;514.1;29.55
mezanino;media;2210.45;124.61;87;S235JR;pintura_liquida;60;3169.07;599.17;1812.2;6159.17;1161.95;3160.4;27.2
plataforma;alta;2488.76;171.49;150;S355JR;galvanizacao;66;4545.43;864.09;3025.8;4614.15;925.55;3228.94;23.69
escadaria;baixa;2382.22;147.31;150;S235JR;sem_tratamento;37;3336.81;474.93;235.23;3748.52;498.35;278.14;13.82
guarda-corpos;media;10362.58;839.53;312;S355JR;pintura_liquida;108;17691.18;2919.92;12874.62;18752.07;2933.45;12901.48;80.48
passarela;baixa;2953.72;210.26;51;S355JR;sem_tratamento;39;5298.52;488.19;274.52;5723.99;562.64;293.0;14.47
passerelle;alta;1495.9;148.83;148;AISI304;polimento;70;7767.11;522.88;3474.54;8284.0;523.36;3422.35;14.38
corrimao;media;1967.23;215.66;73;AL6060;lacagem;66;6472.12;452.87;3733.82;6889.46;461.25;4166.95;13.23
gradeamento;baixa;1895.3;211.4;194;AL5754;anodizacao;72;7343.2;387.68;3963.62;7680.69;440.63;4896.04;11.16
portao;baixa;811.95;66.01;25;S235JR;sem_tratamento;43;1177.98;300.0;200.0;1151.21;325.19;217.84;8.05
pavilhao;alta;9775.12;422.62;575;S355JR;galvanizacao;114;18745.85;4558.11;12629.58;18945.9;5495.4;15150.88;134.13
passadico;baixa;5631.98;455.36;682;S235JR;lacagem;115;7586.37;1524.91;7770.94;7941.39;1642.98;9016.88;43.71
cobertura;baixa;2500.8;251.03;112;S355JR;sem_tratamento;76;5013.07;437.16;244.76;5538.89;443.95;278.3;11.9
mezanino;media;5527.26;246.76;262;S235JR;pintura_liquida;72;8529.68;1445.88;3357.0;8904.5;1529.04;3397.66;39.34
plataforma;alta;3138.33;190.98;42;S355JR;galvanizacao;78;5714.86;1097.2;3823.32;5799.37;1201.01;4339.56;29.48
escadaria;baixa;657.96;39.57;133;S355JR;sem_tratamento;49;1090.73;300.0;200.0;1343.15;358.04;252.19;9.79
guarda-corpos;media;3836.19;400.39;248;AISI304;sem_tratamento;120;19395.61;1129.15;395.22;20980.6;1181.31;423.96;31.1
passarela;baixa;558.85;62.17;148;AL6060;anodizacao;51;2190.3;300.0;1019.97;2301.99;313.81;1031.62;8.63
passerelle;alta;2865.36;305.54;391;AL5754;pintura_liquida;82;11993.15;1163.51;4739.72;12744.61;1200.28;5759.3;30.4
corrimao;media;3324.03;275.89;289;S235JR;pintura_liquida;78;4144.91;980.72;3796.07;4570.45;1044.01;4262.58;27.41
gradeamento;baixa;1842.31;153.76;111;S355JR;sem_tratamento;39;2871.55;360.64;200.0;3151.76;377.07;229.95;10.92
portao;baixa;1574.97;100.98;140;S235JR;lacagem;55;2528.23;301.6;1588.89;2814.18;354.74;1840.42;9.41
pavilhao;alta;4237.5;189.78;296;S355JR;galvanizacao;126;7584.21;1569.6;5552.74;6850.05;1325.86;4299.75;31.55
passadico;baixa;852.19;77.24;36;S235JR;sem_tratamento;57;1308.92;300.01;200.0;1399.75;302.89;235.67;8.27
cobertura;baixa;4872.25;428.89;153;S355JR;sem_tratamento;88;10154.83;866.41;442.01;11162.81;961.9;508.03;24.95
mezanino;media;2031.1;94.62;289;S355JR;pintura_liquida;84;3722.45;533.89;1387.47;3725.96;548.21;1770.18;15.12
plataforma;alta;6075.51;477.8;551;AISI304;polimento;130;34497.86;2718.4;10607.4;39059.18;2813.51;10653.55;71.3
escadaria;baixa;932.55;76.86;150;AL6060;anodizacao;21;3316.81;299.99;1346.75;3606.17;323.63;1617.09;8.05
guarda-corpos;media;5812.33;679.54;326;AL5754;lacagem;132;22121.53;1607.6;11967.94;23648.59;1670.0;13383.92;45.23
passarela;baixa;2916.25;213.4;45;S235JR;sem_tratamento;23;4348.34;510.11;319.05;4803.77;553.85;402.32;14.43
passerelle;alta;6597.49;537.67;443;S355JR;galvanizacao;94;11811.78;2732.36;7169.51;12246.47;3048.85;7736.48;75.29
corrimao;media;1505.79;140.81;96;S235JR;pintura_liquida;90;1865.26;375.57;2020.94;1899.84;392.96;2293.03;11.4
gradeamento;baixa;2895.35;282.48;222;S355JR;sem_tratamento;51;4736.62;568.8;281.1;5682.67;722.74;411.13;18.48
portao;baixa;547.09;43.74;145;S235JR;sem_tratamento;27;867.95;300.0;200.0;965.9;333.93;212.06;8.44
pavilhao;alta;9627.93;395.1;383;S355JR;galvanizacao;138;17908.01;4150.53;11302.02;19763.05;4562.24;13838.31;113.35
passadico;baixa;2548.24;206.89;74;S355JR;sem_tratamento;29;4629.75;414.18;256.34;5253.03;446.51;287.75;11.45
cobertura;baixa;3345.46;440.63;455;AISI304;sem_tratamento;140;20695.84;717.37;352.75;21523.11;802.15;433.14;21.14
mezanino;media;2243.5;159.38;299;AL6060;lacagem;46;8397.68;672.79;2873.22;8452.44;716.76;3264.95;17.4
plataforma;alta;2023.39;134.98;213;AL5754;pintura_liquida;57;8684.35;689.24;2000.09;9793.37;757.94;2507.98;20.18
escadaria;baixa;817.17;64.48;138;S235JR;sem_tratamento;33;1101.05;299.99;200.0;1172.75;337.09;253.88;8.7
guarda-corpos;media;4701.88;396.38;567;S355JR;pintura_liquida;79;7469.29;1686.37;5765.07;8302.17;1897.08;6299.4;46.96
passarela;baixa;1689.63;151.45;29;S235JR;lacagem;35;2352.35;303.39;2629.46;2479.22;337.86;3132.18;9.15
passerelle;alta;4750.39;345.74;426;S355JR;galvanizacao;106;8108.71;1860.3;6249.83;14169.07;3173.66;12388.48;75.26
corrimao;media;2379.72;183.87;72;S235JR;pintura_liquida;52;3176.37;613.72;2965.77;3637.94;599.59;3353.99;17.19
gradeamento;baixa;2782.66;236.7;195;S355JR;sem_tratamento;63;4746.68;589.68;292.39;4992.55;617.6;314.74;15.85
portao;baixa;1880.68;129.83;115;S355JR;sem_tratamento;39;3167.11;359.65;200.0;3355.55;424.47;247.92;10.78
pavilhao;alta;5298.66;269.24;512;AISI304;polimento;85;31917.32;2454.04;6238.2;34915.18;2631.16;7187.78;64.13
passadico;baixa;817.14;72.96;136;AL6060;anodizacao;41;2836.22;300.01;1239.08;2952.61;319.8;1555.77;8.41
cobertura;baixa;4293.93;551.02;468;AL5754;anodizacao;57;19590.89;899.55;10577.41;22111.29;925.32;12216.74;24.23
mezanino;media;5023.55;271.23;333;S235JR;pintura_liquida;58;7519.55;1599.43;3838.59;9034.0;1986.8;4869.69;51.79
plataforma;alta;1133.91;62.67;117;S355JR;galvanizacao;69;2031.28;375.12;1483.02;2321.38;398.66;1603.97;10.04
escadaria;baixa;1336.78;100.77;154;S235JR;lacagem;45;1751.64;299.99;1760.56;1911.11;345.2;1921.24;9.68
guarda-corpos;media;10768.91;1085.76;437;S355JR;pintura_liquida;91;17193.86;3180.08;15740.79;19312.69;3493.1;18820.77;98.81
guarda-corpos;media;3210.19;376.05;554;AL5754;lacagem;127;12768.83;1045.65;5894.53;14018.33;1198.02;7008.58;30.65
passarela;baixa;2528.84;216.58;82;S235JR;sem_tratamento;43;3942.91;477.33;253.12;4064.88;514.98;269.13;13.59
passerelle;alta;7329.35;593.21;294;S355JR;galvanizacao;99;11916.87;3038.72;8465.18;13690.3;3290.79;9733.05;75.19
corrimao;media;5082.36;399.6;327;S235JR;pintura_liquida;50;6684.61;1493.2;5976.27;6641.43;1604.6;7631.77;42.78
gradeamento;baixa;2636.14;202.94;174;S355JR;sem_tratamento;66;4531.41;511.36;255.7;4989.26;548.15;254.03;14.47
portao;baixa;596.67;43.15;131;S235JR;sem_tratamento;47;857.82;300.01;200.0;903.73;329.17;234.18;8.67
pavilhao;alta;11309.77;407.25;336;S355JR;galvanizacao;133;21242.81;4767.35;12329.36;22130.18;4954.14;15539.19;129.56
passadico;baixa;2874.71;203.05;141;S355JR;sem_tratamento;49;4762.53;573.71;307.07;4866.58;614.82;336.49;17.96
cobertura;baixa;2108.55;244.1;366;AISI304;sem_tratamento;105;12644.92;439.13;204.96;13861.88;430.76;242.58;12.01
mezanino;media;3229.47;240.7;224;AL6060;lacagem;56;12514.11;820.24;4031.37;13631.82;940.79;4427.73;24.81
plataforma;alta;1585.03;127.96;87;AL5754;pintura_liquida;72;6962.01;485.78;1883.98;7471.41;534.9;2409.73;13.02
escadaria;baixa;577.45;39.56;159;S235JR;sem_tratamento;53;837.12;300.0;200.0;911.9;310.0;222.47;8.18
guarda-corpos;media;9954.62;791.5;586;S355JR;pintura_liquida;139;16724.46;3569.79;11493.91;21465.44;4191.43;13505.53;117.1
passarela;baixa;1900.12;147.38;79;S235JR;lacagem;55;2737.52;327.96;2499.54;3013.14;339.78;2769.05;9.32
passerelle;alta;4107.93;334.19;421;S355JR;galvanizacao;56;7211.52;1609.58;4649.77;7430.1;1596.94;4681.8;40.97
corrimao;media;5582.46;512.47;265;S235JR;pintura_liquida;62;7522.41;1636.85;7495.23;8236.06;1754.9;7810.22;45.92
gradeamento;baixa;1177.02;101.17;118;S355JR;sem_tratamento;78;1921.01;300.01;200.0;2160.64;341.3;230.92;9.39
portao;baixa;1938.0;134.37;83;S355JR;sem_tratamento;59;3532.14;337.85;200.0;3716.05;346.82;205.27;8.82
pavilhao;alta;5705.77;269.11;605;AISI304;polimento;120;32769.92;2679.95;5818.15;34542.63;2909.8;5800.97;73.7
passadico;baixa;1394.92;156.83;48;AL6060;anodizacao;21;5162.68;299.99;2818.01;5856.11;324.51;3246.49;7.57
cobertura;baixa;1634.58;189.23;228;AL5754;anodizacao;62;7942.8;344.15;3478.46;8346.21;366.81;3449.06;9.39
mezanino;media;3739.91;183.26;73;S235JR;pintura_liquida;68;5923.44;892.93;2664.0;6405.92;895.43;3031.71;24.04
plataforma;alta;3566.57;203.67;206;S355JR;galvanizacao;39;6498.88;1438.82;4401.91;7094.47;1516.34;4537.79;37.8
escadaria;baixa;10182.26;619.31;441;S235JR;lacagem;140;14209.16;2469.33;9956.51;14373.28;2709.5;12144.13;73.11
guarda-corpos;media;10027.6;796.93;362;S355JR;pintura_liquida;86;16910.53;2778.86;10736.6;19035.2;2900.65;11004.22;80.05
passarela;baixa;2979.93;225.3;91;S235JR;sem_tratamento;27;4512.05;526.21;289.84;5054.52;593.79;359.97;15.41
passerelle;alta;6944.4;503.37;349;S355JR;galvanizacao;68;12913.45;2794.37;7564.37;13481.76;3122.42;7812.82;72.97
corrimao;media;3633.95;296.96;71;S355JR;pintura_liquida;74;5923.29;925.7;4368.18;5959.81;964.45;4132.85;25.8
gradeamento;baixa;695.0;82.67;123;AISI304;sem_tratamento;45;3350.79;300.0;200.0;3657.97;314.67;207.2;8.4
portao;baixa;641.81;56.98;81;AL6060;anodizacao;31;2487.79;300.0;983.07;3124.79;374.84;1204.6;9.87
pavilhao;alta;2685.84;150.39;622;AL5754;pintura_liquida;92;11198.51;1170.47;2383.01;11370.0;1302.0;2749.34;32.58
passadico;baixa;2813.07;237.13;96;S235JR;sem_tratamento;33;4069.06;515.73;302.1;4282.31;560.13;402.26;14.2
cobertura;baixa;4161.16;380.68;444;S355JR;sem_tratamento;74;8683.38;978.09;437.68;8851.01;1084.72;474.99;31.69
mezanino;media;2255.34;129.4;176;S235JR;pintura_liquida;80;3338.23;560.81;1874.67;3466.32;597.12;2111.69;16.32
plataforma;alta;3975.25;236.33;161;S355JR;galvanizacao;51;7467.38;1443.74;5149.35;8148.73;1653.44;5784.93;38.99
escadaria;baixa;1727.33;135.51;159;S235JR;sem_tratamento;37;2467.32;312.11;200.0;2651.14;325.42;260.51;8.58
guarda-corpos;media;11771.01;1041.66;475;S355JR;pintura_liquida;98;20468.26;3908.68;16303.61;36409.93;7304.38;28039.24;173.12
passarela;baixa;2816.87;223.62;60;S355JR;sem_tratamento;39;4807.74;459.41;269.64;5251.71;466.6;303.67;11.63
passerelle;alta;1317.43;137.92;243;AISI304;polimento;80;6914.39;545.75;2734.13;7048.72;614.88;3316.12;15.11
corrimao;media;1748.71;184.32;139;AL6060;lacagem;86;6271.08;430.27;2887.21;6748.66;501.46;3018.4;12.27
gradeamento;baixa;1391.45;170.28;167;AL5754;anodizacao;57;5103.23;300.01;2872.28;4255.87;252.93;2452.16;6.01
portao;baixa;891.98;65.63;59;S235JR;sem_tratamento;43;1421.83;299.99;200.0;1522.05;319.7;252.08;9.11
pavilhao;alta;5255.37;214.23;368;S355JR;galvanizacao;104;10176.05;2006.61;5923.24;11437.67;2221.65;7339.09;54.85
passadico;baixa;1604.22;115.05;33;S235JR;lacagem;45;2398.63;299.99;1920.97;2592.63;323.54;2010.31;9.15
cobertura;baixa;6208.21;569.7;376;S355JR;sem_tratamento;86;13114.9;1278.72;605.31;13361.92;1492.3;730.47;38.3
mezanino;media;5649.61;283.01;331;S235JR;pintura_liquida;92;8664.01;1714.55;4435.85;9197.15;1829.67;5172.1;49.8
plataforma;alta;2519.12;173.14;228;S355JR;galvanizacao;63;4914.59;949.96;2800.63;5878.98;1159.87;3741.26;29.86
escadaria;baixa;1296.71;101.89;110;S355JR;sem_tratamento;49;1994.28;300.0;200.0;2078.39;325.79;223.04;8.22
guarda-corpos;media;4407.32;420.3;644;AISI304;sem_tratamento;90;22636.57;1457.9;410.01;23514.03;1583.94;413.55;44.58
passarela;baixa;1576.14;163.01;122;AL6060;anodizacao;51;6273.71;300.01;3225.53;7080.06;324.29;3223.76;8.89
passerelle;alta;2605.85;254.08;368;AL5754;pintura_liquida;92;10906.7;1119.08;4044.84;11505.64;1233.8;4493.68;32.92
corrimao;media;2329.86;197.96;191;S235JR;pintura_liquida;48;2941.94;589.37;3032.21;3173.79;621.71;3320.68;16.39
gradeamento;baixa;1607.85;139.8;83;S355JR;sem_tratamento;69;2789.92;303.18;200.0;2914.04;321.55;229.66;8.73
portao;baixa;2180.93;143.14;131;S235JR;lacagem;55;3291.02;420.32;2526.33;3551.35;427.24;2736.89;11.64
pavilhao;alta;10276.74;435.86;201;S355JR;galvanizacao;116;19858.74;3950.88;11463.1;20580.45;4205.57;12939.28;100.11
passadico;baixa;2962.07;234.08;25;S235JR;sem_tratamento;57;4198.2;454.2;305.97;4578.78;485.14;385.58;13.58
cobertura;baixa;7672.83;678.79;213;S355JR;sem_tratamento;98;15065.61;1548.63;803.68;16592.95;1650.56;1020.61;46.1
mezanino;media;5183.19;242.75;91;S355JR;pintura_liquida;54;9038.12;1337.95;3768.3;9845.59;1397.72;4374.87;37.68
plataforma;alta;6694.08;442.46;531;AISI304;polimento;160;34158.89;2830.9;8769.55;36979.08;2678.98;10643.25;68.88
escadaria;baixa;1296.26;100.27;19;AL6060;anodizacao;21;4244.9;300.01;1879.47;4613.42;320.4;1958.25;9.1
guarda-corpos;media;6544.83;776.54;267;AL5754;lacagem;122;23685.32;1996.01;12974.15;24996.78;1973.27;14272.54;57.44
passarela;baixa;641.16;46.33;126;S235JR;sem_tratamento;23;998.54;299.99;200.0;1015.04;306.14;228.71;8.13
passerelle;alta;5600.95;455.5;352;S355JR;galvanizacao;104;10180.41;2077.85;6875.24;11164.0;2080.96;7417.14;55.2
corrimao;media;3321.51;295.93;264;S235JR;pintura_liquida;60;4376.88;849.29;4769.07;5589.9;1115.89;5743.12;29.53
gradeamento;baixa;3571.56;274.3;100;S355JR;sem_tratamento;36;5453.87;643.01;333.63;5761.59;698.1;381.5;18.11
gradeamento;baixa;1206.39;137.49;197;AL5754;anodizacao;72;4561.02;300.0;2464.08;4932.83;309.23;2476.34;8.09
portao;baixa;2026.43;142.77;20;S235JR;sem_tratamento;23;3037.51;342.07;200.0;3125.52;348.63;235.52;9.32
pavilhao;alta;8050.23;341.61;512;S355JR;galvanizacao;99;14623.44;3801.08;9676.9;15268.34;4099.79;9922.0;101.33
passadico;baixa;1118.52;89.07;129;S235JR;lacagem;25;1517.85;300.0;1584.33;1573.32;299.76;1943.65;8.61
cobertura;baixa;5701.0;491.09;450;S355JR;sem_tratamento;91;10595.3;1218.4;522.85;11878.87;1229.8;628.38;33.68
mezanino;media;1528.95;72.97;211;S235JR;pintura_liquida;52;2169.92;428.82;1164.83;2271.4;454.26;1203.18;11.48
plataforma;alta;1146.2;66.48;95;S355JR;galvanizacao;78;2192.58;388.55;1363.66;2454.71;428.58;1533.03;10.65
escadaria;baixa;2054.42;159.01;143;S355JR;sem_tratamento;29;3183.8;383.68;200.0;3470.6;388.74;197.87;10.12
guarda-corpos;media;4352.67;458.05;239;AISI304;sem_tratamento;105;22863.33;1301.6;475.82;24341.52;1408.57;474.27;36.09
passarela;baixa;1320.08;138.08;96;AL6060;anodizacao;31;4766.94;299.99;2361.66;5143.14;322.03;2609.23;7.95
passerelle;alta;3377.29;299.68;167;AL5754;pintura_liquida;97;12950.11;1300.05;4704.68;14195.83;1276.46;5922.56;34.09
corrimao;media;1872.8;155.07;302;S235JR;pintura_liquida;58;2498.32;535.45;2295.0;2815.33;550.97;2793.39;13.73
gradeamento;baixa;2776.81;221.68;215;S355JR;sem_tratamento;39;4816.69;529.2;280.42;5380.94;570.84;326.95;16.09
portao;baixa;1939.77;124.81;137;S235JR;lacagem;35;2750.6;357.59;1927.77;2836.61;411.95;1960.91;10.55
pavilhao;alta;7794.49;265.41;520;S355JR;galvanizacao;111;14079.07;3581.92;9574.67;16643.54;4726.63;12056.87;114.35
passadico;baixa;2694.6;200.93;56;S235JR;sem_tratamento;37;3867.32;475.48;294.99;3975.39;542.61;297.33;13.6
cobertura;baixa;5717.0;585.01;144;S355JR;sem_tratamento;103;10834.1;1105.29;558.01;11650.74;1159.88;617.53;31.16
mezanino;media;3189.12;181.33;76;S355JR;pintura_liquida;64;5620.77;812.1;2816.39;6153.5;839.61;3395.95;20.77
plataforma;alta;1202.09;78.44;60;AISI304;polimento;45;6866.58;387.15;1575.48;11995.0;661.77;2470.45;16.51
escadaria;baixa;467.46;46.03;78;AL6060;anodizacao;41;1687.95;300.01;799.3;1872.74;315.8;948.66;8.12
guarda-corpos;media;6335.03;756.02;648;AL5754;lacagem;117;26150.37;2396.85;12861.84;25793.59;2581.2;15500.97;65.27
passarela;baixa;505.5;46.05;74;S235JR;sem_tratamento;43;696.94;300.01;200.0;759.07;351.9;207.33;8.55
passerelle;alta;7026.82;485.46;403;S355JR;galvanizacao;109;12245.99;2975.38;8375.67;13767.05;3082.77;10317.71;88.71
corrimao;media;10476.61;1003.71;305;S235JR;pintura_liquida;90;14029.36;3281.92;13689.62;15153.31;3442.27;16480.32;99.52
gradeamento;baixa;1396.31;124.71;66;S355JR;sem_tratamento;51;2226.67;300.0;200.0;2280.4;326.23;195.85;8.94
portao;baixa;981.51;69.71;120;S235JR;sem_tratamento;47;1566.83;300.0;200.0;1778.62;323.08;224.66;7.78
pavilhao;alta;10676.45;489.39;444;S355JR;galvanizacao;123;21211.62;4544.43;12061.52;23248.92;5052.9;14911.94;122.64
passadico;baixa;2090.29;146.64;41;S355JR;sem_tratamento;49;3787.47;337.87;224.54;4397.2;360.45;244.64;9.23
cobertura;baixa;2810.58;352.01;278;AISI304;sem_tratamento;60;15985.07;582.17;301.95;17014.59;584.41;348.32;16.71
mezanino;media;2495.8;185.73;204;AL6060;lacagem;76;9818.11;654.1;3157.8;10722.13;710.39;4099.25;19.02
plataforma;alta;590.86;42.96;139;AL5754;pintura_liquida;57;2640.43;300.01;688.5;2782.87;327.47;779.79;7.78
escadaria;baixa;558.96;41.67;150;S235JR;sem_tratamento;53;788.24;299.99;200.0;973.23;376.37;286.04;9.75
guarda-corpos;media;8355.33;674.48;461;S355JR;pintura_liquida;129;14557.19;2433.77;10522.17;16078.27;2702.02;11839.19;70.52
passarela;baixa;1688.72;146.81;107;S235JR;lacagem;55;2653.94;300.0;2606.07;2735.06;317.93;2552.06;8.8
passerelle;alta;4392.68;387.75;96;S355JR;galvanizacao;66;7230.74;1634.51;5616.73;7697.94;1836.95;5588.61;45.11
corrimao;media;2090.84;194.82;90;S235JR;pintura_liquida;82;2743.22;500.91;2977.29;2972.7;534.65;3080.43;13.39
gradeamento;baixa;1502.29;148.97;194;S355JR;sem_tratamento;63;2626.27;300.84;200.0;2686.87;314.07;197.9;8.26
portao;baixa;586.99;40.16;158;S355JR;sem_tratamento;59;1062.81;300.0;200.0;1104.84;324.74;230.35;8.58
pavilhao;alta;5678.99;262.7;564;AISI304;polimento;150;32071.25;2819.19;5780.39;35513.46;3412.03;7054.36;80.32
passadico;baixa;1481.2;176.74;126;AL6060;anodizacao;21;5594.18;300.0;3056.57;5863.28;311.31;2878.98;7.69
cobertura;baixa;1422.97;188.92;460;AL5754;anodizacao;72;6125.98;300.0;3113.43;6379.07;327.92;3422.13;8.77
mezanino;media;3012.36;144.82;219;S235JR;pintura_liquida;88;4592.32;879.03;2278.41;4863.17;949.68;2491.49;25.31
plataforma;alta;3229.05;190.45;123;S355JR;galvanizacao;69;5723.51;1146.73;3737.17;6412.13;1273.7;4267.9;33.41
escadaria;baixa;939.23;62.5;59;S235JR;lacagem;25;1190.44;299.99;958.96;1355.03;322.13;1130.98;8.82
guarda-corpos;media;11667.26;992.29;370;S355JR;pintura_liquida;76;18211.25;3643.23;14534.12;20155.58;3554.98;15753.46;99.05
passarela;baixa;1766.8;154.36;108;S235JR;sem_tratamento;27;2496.48;300.0;200.0;2729.32;341.56;211.52;9.23
passerelle;alta;4090.78;365.65;371;S355JR;galvanizacao;78;6782.02;1705.6;4826.52;5541.14;1420.1;3456.92;35.88
corrimao;media;5388.14;520.65;256;S355JR;pintura_liquida;94;8177.62;1484.81;8085.64;8517.38;1520.92;8439.23;41.52
gradeamento;baixa;4998.21;495.44;523;AISI304;sem_tratamento;115;23279.25;1124.62;456.59;28808.46;1375.84;660.23;38.61
portao;baixa;466.24;39.39;20;AL6060;anodizacao;31;1803.2;300.0;772.02;1988.25;355.46;758.46;8.95
pavilhao;alta;3159.81;145.75;461;AL5754;pintura_liquida;82;14705.91;1477.45;2004.21;16324.18;1621.46;2393.3;41.09
passadico;baixa;2430.44;215.89;144;S235JR;sem_tratamento;33;3581.57;409.54;266.52;3960.29;411.54;250.45;10.37
cobertura;baixa;5400.88;499.11;419;S355JR;sem_tratamento;84;10819.11;1261.82;593.91;11588.96;1371.2;747.42;33.88
mezanino;media;3447.01;162.42;62;S235JR;pintura_liquida;50;5449.08;769.31;2270.21;5816.34;813.66;2758.28;21.33
plataforma;alta;3488.9;225.7;110;S355JR;galvanizacao;36;6183.97;1212.43;4003.45;6379.71;1293.79;4386.67;31.78
escadaria;baixa;1177.02;94.12;137;S235JR;sem_tratamento;37;1548.62;300.0;200.0;1624.81;329.1;222.33;8.63
guarda-corpos;media;11388.13;917.44;620;S355JR;pintura_liquida;88;19773.91;4212.16;14898.52;20901.51;4466.77;13793.46;116.28
passarela;baixa;2200.7;172.0;130;S355JR;sem_tratamento;39;3647.39;386.54;212.6;4078.19;416.2;255.03;11.02
passerelle;alta;1452.27;128.94;365;AISI304;polimento;90;7215.31;562.6;3037.24;7518.79;591.67;3482.39;15.13
corrimao;media;1917.73;213.98;328;AL6060;lacagem;56;6521.93;594.95;3239.39;12254.63;1042.48;4830.33;26.73
gradeamento;baixa;559.64;64.75;46;AL5754;anodizacao;42;1974.66;300.01;1115.04;1986.85;310.09;1080.14;8.01
portao;baixa;2018.16;135.23;39;S235JR;sem_tratamento;43;3191.88;314.33;221.62;3486.47;337.47;245.53;8.62
pavilhao;alta;7267.55;301.24;201;S355JR;galvanizacao;94;13869.48;2723.59;8945.62;15016.04;2810.36;8529.24;69.31
passadico;baixa;1531.96;125.67;62;S235JR;lacagem;45;2346.31;300.01;1901.11;2333.72;309.64;1886.87;8.8
cobertura;baixa;2781.32;285.16;243;S355JR;sem_tratamento;96;5304.51;589.3;262.05;5351.78;627.14;296.55;17.59
cobertura;baixa;2801.61;375.09;355;AL5754;anodizacao;77;12836.85;654.38;7393.32;25049.14;1175.93;10986.16;29.01
mezanino;media;3136.36;157.95;61;S235JR;pintura_liquida;48;4911.5;769.96;2177.07;5005.24;773.41;2600.98;21.15
plataforma;alta;1210.07;72.16;189;S355JR;galvanizacao;39;2199.19;425.77;1370.41;2304.4;473.02;1564.81;12.25
escadaria;baixa;2375.17;170.41;103;S235JR;lacagem;45;3232.37;468.95;2677.35;3560.69;512.33;2918.72;13.4
guarda-corpos;media;4185.72;413.76;275;S355JR;pintura_liquida;136;6896.51;1232.71;6484.6;7517.57;1355.51;8054.41;32.59
passarela;baixa;1002.26;72.7;76;S235JR;sem_tratamento;47;1460.78;300.0;200.0;1499.09;322.74;254.85;7.81
passerelle;alta;4557.74;341.76;158;S355JR;galvanizacao;83;8438.77;1568.5;5978.65;9250.98;1769.9;6014.4;41.51
corrimao;media;4957.63;409.42;145;S355JR;pintura_liquida;54;7455.08;1398.8;6644.85;7788.22;1573.42;6926.78;44.08
gradeamento;baixa;535.16;59.7;78;AISI304;sem_tratamento;45;2818.12;300.0;200.0;2967.79;329.81;202.8;8.65
portao;baixa;628.64;63.82;157;AL6060;anodizacao;51;2472.21;300.01;1220.6;2655.55;319.08;1562.46;8.37
pavilhao;alta;2892.87;165.18;179;AL5754;pintura_liquida;77;13413.14;1086.33;2611.05;13947.08;1174.61;3047.39;28.05
passadico;baixa;2524.59;186.63;48;S235JR;sem_tratamento;53;3770.49;445.76;250.06;3958.88;470.72;287.65;12.72
cobertura;baixa;6669.32;568.17;406;S355JR;sem_tratamento;89;12416.55;1358.65;623.88;13505.02;1406.64;598.81;34.05
mezanino;media;2175.28;106.37;126;S235JR;pintura_liquida;60;3193.68;570.18;1464.83;3533.52;610.06;1661.9;16.18
plataforma;alta;2475.54;153.73;165;S355JR;galvanizacao;51;5001.47;852.22;2990.28;5596.5;977.18;3406.61;23.83
escadaria;baixa;737.5;57.23;45;S235JR;sem_tratamento;57;980.61;300.01;200.0;1097.77;338.78;234.79;8.72
guarda-corpos;media;4960.2;442.8;572;S355JR;pintura_liquida;83;8607.87;1654.52;6110.44;10774.66;2179.23;7878.79;60.33
passarela;baixa;1705.85;142.93;97;S355JR;sem_tratamento;59;3061.1;299.99;200.0;3163.07;348.8;254.39;9.05
passerelle;alta;6162.62;546.76;895;AISI304;polimento;140;32895.24;3358.31;10889.54;35902.34;3601.13;12141.54;92.08
corrimao;media;3223.28;373.27;273;AL6060;lacagem;66;10691.17;923.81;6461.37;12107.01;975.86;6849.0;23.63
gradeamento;baixa;1499.83;159.68;62;AL5754;anodizacao;57;5833.76;300.0;3096.58;6141.83;340.06;3421.6;8.29
portao;baixa;866.51;59.1;126;S235JR;sem_tratamento;23;1312.5;300.01;200.0;1471.04;333.87;214.35;8.15
pavilhao;alta;11088.27;404.86;487;S355JR;galvanizacao;89;20608.08;4866.77;14122.61;21820.59;5591.07;16543.88;137.06
passadico;baixa;11026.26;978.97;674;S235JR;lacagem;115;15609.87;2862.28;17446.88;15996.66;3091.69;20759.65;83.68
cobertura;baixa;7130.44;684.48;172;S355JR;sem_tratamento;101;13686.05;1317.18;692.13;15383.03;1430.51;823.87;39.01
mezanino;media;4131.42;178.32;106;S235JR;pintura_liquida;72;6358.88;1081.89;2830.94;6841.8;1198.84;2600.41;31.93
plataforma;alta;1907.35;103.52;176;S355JR;galvanizacao;63;3454.62;717.47;2239.25;3572.57;827.54;2261.51;19.9
escadaria;baixa;479.7;37.8;30;S355JR;sem_tratamento;29;721.29;299.99;200.0;778.35;345.03;193.16;8.06
guarda-corpos;media;4826.54;521.96;206;AISI304;sem_tratamento;95;24673.6;1354.64;467.08;26957.69;1500.02;505.08;38.12
passarela;baixa;1246.61;133.86;26;AL6060;anodizacao;31;4877.26;300.0;2637.57;5356.64;324.93;3123.78;8.69
passerelle;alta;4061.32;371.67;357;AL5754;pintura_liquida;107;16975.05;1654.5;5543.73;18714.83;1724.78;5848.37;44.11
corrimao;media;1783.2;167.59;199;S235JR;pintura_liquida;78;2493.3;469.54;2444.34;2555.04;521.88;2894.87;13.61
gradeamento;baixa;3785.95;357.95;191;S355JR;sem_tratamento;69;6570.61;783.01;359.2;7121.34;854.63;420.34;19.97
portao;baixa;1376.86;91.11;98;S235JR;lacagem;35;2138.4;300.0;1541.27;2736.63;372.38;2205.48;10.11
pavilhao;alta;5174.53;224.31;394;S355JR;galvanizacao;101;9879.27;2156.96;5660.58;10661.58;2200.51;5935.27;58.6
passadico;baixa;2285.93;169.91;26;S235JR;sem_tratamento;37;3089.79;385.19;233.11;3370.38;404.16;290.27;10.18
cobertura;baixa;4889.66;529.41;274;S355JR;sem_tratamento;58;9194.32;924.35;509.67;9824.87;1070.28;523.26;28.07
mezanino;media;2668.71;124.49;141;S355JR;pintura_liquida;84;4708.81;724.78;1951.39;4979.14;754.67;2401.31;19.66
plataforma;alta;746.22;47.51;199;AISI304;polimento;75;4628.41;300.01;1145.75;5087.7;298.26;1195.24;8.2
escadaria;baixa;1035.97;105.31;27;AL6060;anodizacao;41;3763.51;299.99;1854.69;4057.15;321.97;2196.1;8.66
guarda-corpos;media;5763.2;674.85;635;AL5754;lacagem;107;21387.21;2130.33;10922.87;23075.09;2337.24;13723.84;55.08
passarela;baixa;2058.82;156.67;40;S235JR;sem_tratamento;43;3228.71;382.95;216.17;5666.58;651.63;423.18;17.65
passerelle;alta;7715.98;671.14;361;S355JR;galvanizacao;64;13722.1;3430.64;8975.85;15233.93;3403.84;8946.7;87.09
corrimao;media;3530.63;305.36;142;S235JR;pintura_liquida;90;4449.22;973.91;4231.61;5058.45;1067.5;5378.25;28.86
gradeamento;baixa;1858.42;145.38;92;S355JR;sem_tratamento;36;3243.13;318.67;200.0;3532.83;352.65;221.44;9.22
portao;baixa;2297.98;149.09;22;S235JR;sem_tratamento;47;3409.39;401.68;229.82;3475.98;428.14;263.17;11.35
pavilhao;alta;9691.63;343.57;528;S355JR;galvanizacao;113;19378.01;4422.81;11468.77;20376.53;4463.05;12949.55;104.5
passadico;baixa;1364.69;119.03;56;S355JR;sem_tratamento;49;2389.83;300.01;200.0;2566.04;325.49;181.96;8.89
cobertura;baixa;5344.28;599.73;315;AISI304;sem_tratamento;140;30704.12;1045.53;483.85;33603.89;1189.82;583.01;30.1
mezanino;media;1395.63;99.62;283;AL6060;lacagem;46;5718.94;391.14;1682.35;6290.41;436.07;1917.92;10.43
plataforma;alta;1783.67;159.26;120;AL5754;pintura_liquida;42;8194.28;636.74;2351.14;10930.27;771.57;3023.45;19.48
escadaria;baixa;498.46;34.29;128;S235JR;sem_tratamento;53;701.98;299.99;200.0;771.4;283.62;224.06;7.77
guarda-corpos;media;7126.33;699.08;370;S355JR;pintura_liquida;119;11703.24;2002.69;9822.71;8378.81;1720.47;7522.28;45.84
passarela;baixa;1623.32;136.68;118;S235JR;lacagem;55;2249.37;300.0;2124.32;2381.09;335.75;2547.64;9.65
passerelle;alta;4796.95;390.66;137;S355JR;galvanizacao;76;8920.31;1620.99;5509.99;9363.12;1923.78;5455.36;45.67
corrimao;media;4130.44;385.42;332;S235JR;pintura_liquida;52;5583.88;1149.98;5437.73;5934.94;1250.82;5871.01;32.68
gradeamento;baixa;1627.03;159.71;198;S355JR;sem_tratamento;48;2625.77;300.0;200.0;2974.68;330.33;206.41;8.21
portao;baixa;1411.15;100.98;22;S355JR;sem_tratamento;59;2465.94;300.0;200.0;2716.74;293.83;203.39;8.11
pavilhao;alta;4858.66;244.39;985;AISI304;polimento;180;27916.18;2516.72;5699.02;30764.93;2914.15;7084.06;70.93
passadico;baixa;394.82;38.46;52;AL6060;anodizacao;21;1543.05;300.0;694.36;1597.87;327.28;667.54;9.17
cobertura;baixa;2749.28;391.55;459;AL5754;anodizacao;82;12289.28;669.94;7732.47;13220.2;729.73;9357.16;18.91
mezanino;media;1973.44;85.93;152;S235JR;pintura_liquida;58;2999.13;487.21;1172.44;3419.23;537.18;1337.96;13.5
plataforma;alta;3577.95;186.65;234;S355JR;galvanizacao;54;7106.34;1239.28;4143.76;7874.32;1432.89;4169.31;34.83
escadaria;baixa;2357.12;143.0;124;S235JR;lacagem;25;3227.52;454.02;2520.3;3408.45;463.19;2748.74;12.74
guarda-corpos;media;7570.78;726.5;641;S355JR;pintura_liquida;131;13302.56;2515.89;10637.22;13501.7;2767.58;10772.57;70.05
guarda-corpos;media;2376.64;282.46;254;AL5754;lacagem;102;8660.27;686.91;4465.78;9216.67;774.32;5094.29;19.49
passarela;baixa;1582.03;137.51;29;S235JR;sem_tratamento;23;2218.02;300.01;200.0;2805.62;377.05;280.63;9.17
passerelle;alta;7141.71;583.02;340;S355JR;galvanizacao;69;12276.08;2915.28;8454.65;13535.78;3140.14;8801.63;76.69
corrimao;media;4547.27;440.73;312;S235JR;pintura_liquida;50;6047.62;1297.02;5887.78;6554.8;1425.81;5586.77;37.78
gradeamento;baixa;1852.11;149.65;102;S355JR;sem_tratamento;51;2891.91;340.26;200.0;3160.33;330.27;213.49;9.43
portao;baixa;519.96;44.71;140;S235JR;sem_tratamento;27;837.03;300.01;200.0;762.39;257.17;176.03;6.87
pavilhao;alta;9816.51;371.45;242;S355JR;galvanizacao;108;19659.86;3710.43;10694.87;20230.29;4107.74;11716.97;97.98
passadico;baixa;737.52;58.21;46;S355JR;sem_tratamento;29;1303.72;300.0;200.0;1372.94;329.99;208.2;9.28
cobertura;baixa;3018.4;342.48;454;AISI304;sem_tratamento;75;19355.87;737.9;280.75;20441.07;750.47;301.97;19.33
mezanino;media;2113.01;129.31;152;AL6060;lacagem;56;8677.71;564.54;2027.65;9628.56;658.7;2381.47;14.69
plataforma;alta;1302.69;88.21;166;AL5754;pintura_liquida;57;5858.82;441.44;1269.71;6300.39;461.26;1530.41;12.45
escadaria;baixa;894.71;70.29;104;S235JR;sem_tratamento;33;1269.36;300.0;200.0;1336.6;317.9;211.79;7.6
guarda-corpos;media;5800.08;506.34;297;S355JR;pintura_liquida;114;9459.73;1818.03;6946.5;10448.14;2047.04;7502.15;54.08
passarela;baixa;2348.0;161.49;100;S235JR;lacagem;35;3402.01;419.17;2537.39;3838.71;446.74;2508.69;12.1
passerelle;alta;7474.29;511.91;225;S355JR;galvanizacao;81;12436.2;2533.6;8898.77;13176.65;2767.29;9956.29;73.75
corrimao;media;4107.98;359.4;192;S235JR;pintura_liquida;62;5200.77;1041.45;5233.88;5440.63;1145.19;7034.66;29.57
gradeamento;baixa;3681.61;311.1;72;S355JR;sem_tratamento;63;5642.05;693.32;344.54;6325.73;712.77;382.83;18.88
portao;baixa;1519.34;119.53;62;S355JR;sem_tratamento;39;2900.36;300.01;200.0;3061.35;319.86;224.54;8.29
pavilhao;alta;3320.77;177.4;275;AISI304;polimento;120;18776.53;1401.83;3924.35;23812.47;1737.36;5484.34;44.12
passadico;baixa;1223.71;124.83;68;AL6060;anodizacao;41;4257.01;300.0;2294.33;4646.01;333.85;2395.92;9.04
cobertura;baixa;3140.49;381.58;344;AL5754;anodizacao;87;14370.97;655.95;6972.44;16189.92;715.71;7765.53;19.16
mezanino;media;4184.1;202.98;255;S235JR;pintura_liquida;68;6061.37;1108.05;3239.66;6575.36;1249.39;3737.86;33.6
plataforma;alta;3182.08;210.35;144;S355JR;galvanizacao;69;6174.3;1029.19;3963.17;6578.38;1140.53;5028.37;28.29
escadaria;baixa;10071.86;795.46;603;S235JR;lacagem;140;14567.1;2360.11;13607.6;24829.31;3790.96;24632.27;103.42
guarda-corpos;media;9516.23;934.89;273;S355JR;pintura_liquida;126;15091.86;2476.98;14618.43;16448.31;2594.65;17072.61;73.74
passarela;baixa;2587.87;198.39;32;S235JR;sem_tratamento;47;3731.01;459.63;268.99;4286.5;493.23;271.46;14.78
passerelle;alta;3141.87;248.93;189;S355JR;galvanizacao;93;5733.18;1077.1;3498.14;6310.03;1170.2;3691.7;29.18
corrimao;media;5799.65;524.05;199;S355JR;pintura_liquida;74;9102.88;1629.53;8421.29;10282.5;1585.95;9462.98;41.69
gradeamento;baixa;1165.7;115.91;193;AISI304;sem_tratamento;75;6009.16;300.01;200.0;6715.79;324.12;175.53;8.63
portao;baixa;322.79;27.11;145;AL6060;anodizacao;51;1260.94;300.0;448.6;1303.19;331.35;508.78;8.64
pavilhao;alta;2945.78;172.62;399;AL5754;pintura_liquida;132;12847.03;1160.9;2608.06;14689.66;1232.98;2627.85;27.89
passadico;baixa;2505.19;172.62;55;S235JR;sem_tratamento;53;3577.9;479.21;271.59;3667.89;474.69;279.59;12.51
cobertura;baixa;6303.16;625.13;223;S355JR;sem_tratamento;99;12446.36;1154.6;614.28;13904.35;1332.63;738.19;35.97
mezanino;media;3059.17;146.65;228;S235JR;pintura_liquida;80;4774.34;818.6;2253.23;5081.31;840.0;2576.04;23.68
plataforma;alta;1148.07;69.49;58;S355JR;galvanizacao;36;2284.97;408.92;1441.7;2567.78;426.49;1675.68;12.05
escadaria;baixa;1064.53;69.48;170;S235JR;sem_tratamento;57;1546.82;299.99;200.0;1776.16;363.22;263.4;9.29
guarda-corpos;media;5125.1;398.02;249;S355JR;pintura_liquida;138;8815.01;1448.64;6421.76;9855.09;1623.03;7082.71;42.41
passarela;baixa;718.48;61.41;139;S355JR;sem_tratamento;59;1207.66;300.0;200.0;1348.2;319.56;262.34;7.75
passerelle;alta;6554.7;660.77;996;AISI304;polimento;170;30180.65;3262.21;13197.3;32461.99;3785.1;14498.46;99.94
corrimao;media;2832.85;267.57;105;AL6060;lacagem;86;8950.5;695.28;4739.6;9062.06;747.92;5959.79;19.3
gradeamento;baixa;1658.25;196.27;190;AL5754;anodizacao;42;6541.38;300.0;3275.82;6598.11;333.7;3231.03;9.1
portao;baixa;1177.76;91.5;90;S235JR;sem_tratamento;23;1712.74;300.0;200.0;1816.8;327.98;197.67;8.54
pavilhao;alta;4657.48;185.38;612;S355JR;galvanizacao;79;8692.05;2265.7;5884.8;9889.97;2434.94;7107.17;64.06
passadico;baixa;575.72;43.47;54;S235JR;lacagem;25;857.59;300.0;680.57;923.75;310.89;732.78;8.58
cobertura;baixa;5192.67;590.32;251;S355JR;sem_tratamento;56;10253.55;1108.16;550.58;12023.5;1176.37;629.36;32.03
mezanino;media;3838.78;185.8;187;S235JR;pintura_liquida;92;5467.43;1093.02;2832.86;5885.63;1104.86;3698.31;30.15
plataforma;alta;3678.54;214.25;49;S355JR;galvanizacao;48;6748.63;1278.46;4305.63;7568.3;1528.88;4213.68;37.74
escadaria;baixa;2379.48;178.66;80;S355JR;sem_tratamento;29;4038.71;386.12;216.66;4565.41;385.55;214.42;9.86
guarda-corpos;media;3717.9;393.8;565;AISI304;sem_tratamento;90;18590.41;1360.11;370.99;19988.92;1352.37;376.99;36.88
passarela;baixa;689.7;81.28;98;AL6060;anodizacao;31;2687.51;300.0;1362.55;2996.29;322.49;1512.06;7.62
passerelle;alta;3800.93;413.09;244;AL5754;pintura_liquida;62;16122.08;1404.47;5870.98;17844.22;1596.94;6964.18;41.76
corrimao;media;1937.64;146.31;77;S235JR;pintura_liquida;48;2680.35;519.62;2026.57;2946.93;586.46;2152.07;15.26
gradeamento;baixa;1500.44;114.82;129;S355JR;sem_tratamento;54;2585.25;300.0;200.0;3084.34;351.04;279.06;10.22
portao;baixa;1412.44;119.31;134;S235JR;lacagem;35;2027.81;300.0;1802.74;2178.96;342.32;2082.43;8.91
pavilhao;alta;6062.49;211.01;316;S355JR;galvanizacao;91;10855.72;2463.49;7232.7;12507.85;2613.27;7990.66;70.36
passadico;baixa;1901.5;167.4;24;S235JR;sem_tratamento;37;2556.07;348.85;200.0;2895.8;373.21;209.16;10.47
cobertura;baixa;5710.18;526.15;224;S355JR;sem_tratamento;68;11928.43;1228.96;524.98;11799.25;1270.54;577.9;34.79
mezanino;media;1671.12;93.11;102;S355JR;pintura_liquida;54;2860.62;455.74;1402.37;2970.43;463.16;1483.71;12.4
plataforma;alta;778.26;63.38;100;AISI304;polimento;60;4406.57;300.01;1468.02;3324.21;234.04;1239.16;6.23
escadaria;baixa;1184.68;114.59;122;AL6060;anodizacao;41;4221.16;300.0;2079.48;4462.48;319.07;2300.21;7.73
guarda-corpos;media;6240.36;653.57;399;AL5754;lacagem;97;24570.75;1747.9;10135.27;28345.88;1887.45;11897.62;51.07
passarela;baixa;728.84;60.08;107;S235JR;sem_tratamento;43;1121.26;300.01;200.0;1245.91;342.39;257.78;8.72
passerelle;alta;4091.29;354.77;267;S355JR;galvanizacao;74;7081.83;1629.28;5296.53;7526.22;1724.98;6541.3;45.53
corrimao;media;2190.04;162.35;63;S235JR;pintura_liquida;60;2803.04;524.73;2401.33;3146.03;545.41;2993.06;15.28
gradeamento;baixa;2108.16;193.46;117;S355JR;sem_tratamento;66;3302.22;351.15;214.35;5827.3;555.8;396.6;15.05
gradeamento;baixa;1101.74;135.7;212;AL5754;anodizacao;57;4252.73;300.0;2676.63;4419.9;299.81;3091.57;8.43
portao;baixa;1094.98;84.32;100;S235JR;sem_tratamento;43;1582.55;300.0;200.0;1643.32;334.91;202.65;8.65
pavilhao;alta;10691.27;435.81;568;S355JR;galvanizacao;139;19509.04;5050.93;12007.95;20677.73;5125.43;12621.83;135.91
passadico;baixa;1449.38;110.13;126;S235JR;lacagem;45;1975.19;300.0;1944.15;2481.83;336.9;2594.0;9.84
cobertura;baixa;3153.71;307.2;281;S355JR;sem_tratamento;61;6087.82;699.26;301.23;6731.56;740.67;314.82;20.28
mezanino;media;4244.69;195.87;295;S235JR;pintura_liquida;52;6150.49;1203.2;2730.93;10010.69;2130.36;4221.08;58.42
plataforma;alta;1391.02;89.24;163;S355JR;galvanizacao;63;2812.42;499.82;1732.56;3057.7;530.01;1718.67;12.93
escadaria;baixa;2108.85;130.29;49;S355JR;sem_tratamento;49;3400.31;389.99;200.0;3666.09;437.15;224.69;11.74
guarda-corpos;media;4374.47;454.73;512;AISI304;sem_tratamento;80;22970.56;1544.06;427.48;25562.99;1636.36;443.47;41.96
passarela;baixa;1196.15;118.19;147;AL6060;anodizacao;51;4687.43;300.0;2087.02;4916.23;302.24;2215.64;8.25
passerelle;alta;3801.97;349.38;187;AL5754;pintura_liquida;67;15737.71;1390.05;4669.38;16917.87;1530.19;5509.72;37.09
corrimao;media;2481.2;185.0;330;S235JR;pintura_liquida;58;3042.0;744.4;2635.96;2582.55;670.98;2046.2;17.96
gradeamento;baixa;1372.05;113.83;196;S355JR;sem_tratamento;69;2280.11;299.99;200.0;2513.22;319.35;195.91;7.91
portao;baixa;574.53;44.95;50;S235JR;lacagem;55;913.41;300.0;775.93;942.17;311.47;843.6;8.68
pavilhao;alta;10249.52;378.15;450;S355JR;galvanizacao;86;18921.92;4245.48;11393.32;22070.31;4485.49;11957.3;116.3
passadico;baixa;784.65;55.19;68;S235JR;sem_tratamento;57;1150.82;300.0;200.0;1269.08;337.2;241.27;8.65
cobertura;baixa;3587.77;306.26;420;S355JR;sem_tratamento;73;7314.99;819.89;363.11;8182.7;978.14;366.28;23.27
mezanino;media;4727.74;216.03;204;S355JR;pintura_liquida;64;8022.7;1315.29;3001.33;8316.44;1412.49;3397.44;37.72
plataforma;alta;6465.97;437.49;617;AISI304;polimento;160;35258.82;3302.98;9323.43;37465.38;3378.84;12552.48;90.76
escadaria;baixa;550.53;52.86;20;AL6060;anodizacao;21;1954.05;300.0;947.76;2207.93;301.69;1149.67;7.41
guarda-corpos;media;5957.79;735.73;374;AL5754;lacagem;92;22680.13;1871.57;12363.58;27545.34;2272.25;16417.6;59.38
passarela;baixa;1389.78;94.68;27;S235JR;sem_tratamento;23;1939.64;300.01;200.0;2136.76;318.02;261.53;8.39
passerelle;alta;2841.2;219.14;92;S355JR;galvanizacao;79;4754.27;924.59;3115.28;5215.72;947.66;3598.49;25.35
corrimao;media;10884.67;884.67;464;S235JR;pintura_liquida;90;14709.92;3745.17;13296.23;15399.35;4290.82;14869.28;110.63
gradeamento;baixa;3416.45;267.91;129;S355JR;sem_tratamento;36;5707.99;584.59;309.78;6494.62;647.15;336.09;18.04
portao;baixa;1780.24;153.0;138;S235JR;sem_tratamento;27;2769.66;325.78;200.0;3049.69;340.09;217.91;9.36
pavilhao;alta;4325.28;158.18;151;S355JR;galvanizacao;98;8735.5;1621.66;5096.41;9198.84;1679.96;5215.97;39.64
passadico;baixa;2645.45;205.92;25;S355JR;sem_tratamento;29;4677.13;461.22;281.16;5152.52;534.92;313.76;14.43
cobertura;baixa;2084.45;229.31;127;AISI304;sem_tratamento;85;13332.49;357.45;203.31;14178.79;402.94;216.92;10.76
mezanino;media;2000.42;117.7;270;AL6060;lacagem;76;7687.49;545.04;1780.16;8075.22;603.36;1963.15;16.58
plataforma;alta;2172.57;159.66;218;AL5754;pintura_liquida;42;9535.59;880.93;2338.08;10284.99;1041.51;2806.99;26.98
escadaria;baixa;2010.87;131.11;128;S235JR;sem_tratamento;33;2741.84;391.14;218.48;2696.03;423.98;227.21;10.79
guarda-corpos;media;11332.37;1152.14;405;S355JR;pintura_liquida;104;18835.46;3344.43;17294.84;18805.33;3580.68;17313.85;92.12
passarela;baixa;2184.84;175.35;115;S235JR;lacagem;35;3320.19;422.14;2776.17;3555.5;504.63;3319.94;13.25
passerelle;alta;2535.09;184.0;252;S355JR;galvanizacao;91;4328.35;880.9;3047.02;4515.52;960.14;3417.17;23.29
corrimao;media;3969.43;345.96;281;S235JR;pintura_liquida;82;5408.92;1126.71;4944.21;5817.44;1257.98;5453.31;31.91
gradeamento;baixa;3620.72;341.09;59;S355JR;sem_tratamento;48;6295.54;585.95;351.93;7374.9;673.45;399.02;17.2
portao;baixa;1844.63;118.64;26;S355JR;sem_tratamento;39;3420.1;300.0;200.0;4004.9;377.8;219.1;10.0
pavilhao;alta;5384.19;233.85;628;AISI304;polimento;110;31557.67;2374.65;4793.58;35029.91;2708.88;5311.73;71.05
passadico;baixa;1262.53;115.25;138;AL6060;anodizacao;41;4625.68;300.0;1928.67;5056.53;328.09;1975.4;9.09
cobertura;baixa;1555.8;229.86;395;AL5754;anodizacao;97;7581.41;369.65;3983.34;8550.82;392.82;3668.6;9.59
mezanino;media;5909.61;295.43;336;S235JR;pintura_liquida;88;9529.92;1834.53;4331.02;10461.56;1940.23;5434.07;52.03
plataforma;alta;2481.28;153.71;167;S355JR;galvanizacao;54;4391.53;847.18;3071.64;4980.84;909.93;3492.95;24.76
escadaria;baixa;718.48;44.83;126;S235JR;lacagem;45;923.52;300.0;717.11;1017.61;357.47;886.55;8.66
guarda-corpos;media;5176.54;450.64;577;S355JR;pintura_liquida;116;8637.02;1882.02;7029.81;10340.13;2110.95;9152.5;57.39
passarela;baixa;1202.29;87.96;53;S235JR;sem_tratamento;47;1685.47;300.0;200.0;1851.27;327.02;207.04;8.25
passerelle;alta;5696.36;452.22;432;S355JR;galvanizacao;103;10161.02;2466.35;6623.29;20105.5;3555.28;11018.05;91.14
corrimao;media;3463.11;336.65;83;S355JR;pintura_liquida;94;5173.84;878.82;4960.22;5542.53;866.25;5395.9;24.95
gradeamento;baixa;3502.42;332.55;414;AISI304;sem_tratamento;115;17653.77;766.49;360.66;19093.17;786.64;340.88;22.47
portao;baixa;813.06;67.42;153;AL6060;anodizacao;51;3260.38;300.0;1277.87;3559.09;318.3;1392.62;7.97
pavilhao;alta;5459.94;295.24;404;AL5754;pintura_liquida;122;25479.03;2515.65;4583.79;28444.46;2647.3;4050.73;76.11
passadico;baixa;1274.66;107.44;44;S235JR;sem_tratamento;53;1839.5;299.99;200.0;1986.22;315.47;242.91;8.48
cobertura;baixa;7885.36;786.26;213;S355JR;sem_tratamento;109;15671.01;1556.79;776.43;17505.1;1516.71;811.06;42.95
mezanino;media;2126.66;93.92;276;S235JR;pintura_liquida;50;3235.36;593.37;1346.34;3438.74;706.83;1584.59;18.15
plataforma;alta;3161.62;205.08;129;S355JR;galvanizacao;66;6388.0;1031.3;4166.81;8391.34;1345.09;6000.02;35.02
escadaria;baixa;2098.59;130.71;38;S235JR;sem_tratamento;57;2912.79;371.28;200.0;2994.75;413.86;241.14;10.1
guarda-corpos;media;5537.97;536.66;471;S355JR;pintura_liquida;128;9381.43;1678.24;7300.98;10020.64;1767.44;8101.74;45.39
passarela;baixa;2290.36;188.95;81;S355JR;sem_tratamento;59;4267.39;416.85;216.63;4878.66;430.99;256.42;12.31
passerelle;alta;6183.7;628.36;907;AISI304;polimento;200;31643.43;3692.41;14288.37;33211.08;3953.12;12797.88;107.62
corrimao;media;1479.61;156.44;89;AL6060;lacagem;56;5103.54;392.46;2594.13;5525.75;397.98;2784.95;10.69
gradeamento;baixa;769.38;101.49;137;AL5754;anodizacao;72;2904.27;300.0;1783.62;3142.2;327.36;1747.17;8.36
portao;baixa;1018.08;74.07;76;S235JR;sem_tratamento;23;1606.1;300.0;200.0;1778.84;319.06;229.06;8.37
pavilhao;alta;10322.62;366.81;496;S355JR;galvanizacao;134;20948.03;4553.96;11703.43;22187.99;4817.95;13401.51;111.47
passadico;baixa;2404.67;202.56;129;S235JR;lacagem;25;3321.02;416.28;3362.29;3659.87;458.65;3446.69;11.83
cobertura;baixa;3343.43;309.16;460;S355JR;sem_tratamento;66;6232.63;824.06;339.8;5052.26;703.9;333.48;18.8
cobertura;baixa;3434.12;487.09;432;AL5754;anodizacao;102;15973.59;711.31;8733.61;17398.92;774.58;9299.13;17.57
mezanino;media;3360.47;183.7;293;S235JR;pintura_liquida;48;5411.57;1017.08;2809.94;6324.51;1100.68;2614.03;29.26
plataforma;alta;3065.96;164.23;77;S355JR;galvanizacao;69;5736.66;1081.08;3547.35;6265.35;1094.23;4155.47;27.86
escadaria;baixa;1724.24;105.43;67;S235JR;lacagem;25;2249.58;299.99;1591.51;2489.3;309.99;1624.7;7.81
guarda-corpos;media;6064.29;556.47;402;S355JR;pintura_liquida;111;10486.61;1855.84;8809.45;11314.75;1930.81;10174.77;50.79
passarela;baixa;1619.92;112.97;25;S235JR;sem_tratamento;27;2449.17;299.99;200.0;3056.62;355.73;316.2;9.58
passerelle;alta;6123.95;504.72;203;S355JR;galvanizacao;108;10867.82;2181.15;7199.57;11277.31;2469.18;7718.93;60.54
corrimao;media;5026.93;392.98;72;S355JR;pintura_liquida;54;7749.78;1274.46;5443.64;8147.7;1384.86;5104.36;35.2
gradeamento;baixa;1676.06;158.59;89;AISI304;sem_tratamento;75;7823.99;321.67;200.0;8417.44;358.43;218.18;9.83
portao;baixa;591.11;55.88;127;AL6060;anodizacao;31;2254.9;300.0;1062.73;2313.83;328.04;1165.22;8.22
pavilhao;alta;6512.05;320.21;215;AL5754;pintura_liquida;117;30045.61;2278.76;4465.84;32989.96;2510.25;5370.02;65.27
passadico;baixa;2881.8;222.53;35;S235JR;sem_tratamento;33;4102.41;447.2;274.39;4483.94;490.04;284.82;12.9
cobertura;baixa;6618.36;706.77;358;S355JR;sem_tratamento;59;12548.97;1280.71;706.43;13181.44;1352.47;739.6;35.18
mezanino;media;1501.31;69.91;292;S235JR;pintura_liquida;60;2193.54;460.42;1099.75;2338.71;513.91;1333.65;13.99
plataforma;alta;3623.63;202.91;194;S355JR;galvanizacao;36;7060.71;1341.4;4344.99;7876.07;1382.95;5969.85;33.47
escadaria;baixa;1142.8;88.22;83;S235JR;sem_tratamento;37;1480.75;299.99;200.0;1606.58;322.83;191.78;8.64
guarda-corpos;media;4495.65;400.91;533;S355JR;pintura_liquida;123;7715.7;1600.24;5856.79;7976.38;1759.42;6102.42;42.53
passarela;baixa;2056.83;180.55;98;S355JR;sem_tratamento;39;3826.23;345.12;202.01;3086.22;303.48;171.87;7.49
passerelle;alta;2769.9;260.76;258;AISI304;polimento;65;14863.04;1001.72;5834.25;16738.83;1087.2;6321.79;26.11
corrimao;media;1681.76;189.4;336;AL6060;lacagem;66;5497.58;525.51;3132.8;5825.74;526.58;3935.52;14.27
gradeamento;baixa;600.08;65.11;218;AL5754;anodizacao;42;2323.48;300.0;1159.82;2370.86;314.6;1297.66;7.3
portao;baixa;803.86;54.09;155;S235JR;sem_tratamento;43;1217.16;300.0;200.0;1298.24;343.43;220.27;8.41
pavilhao;alta;6278.37;223.55;391;S355JR;galvanizacao;129;12292.83;2819.98;7157.95;16176.68;3583.31;8175.38;94.4
passadico;baixa;11988.46;1055.64;322;S235JR;lacagem;115;18382.7;2697.71;18403.04;20139.6;2962.61;23343.37;84.08
cobertura;baixa;5207.43;487.72;232;S355JR;sem_tratamento;71;10961.61;1038.77;515.59;12565.39;1174.15;547.27;29.59
mezanino;media;2871.03;140.23;141;S235JR;pintura_liquida;72;4076.89;798.44;2173.79;4359.81;881.65;2832.95;23.09
plataforma;alta;3123.52;193.84;61;S355JR;galvanizacao;48;5838.76;948.27;3467.61;6370.4;1016.62;4009.23;24.6
escadaria;baixa;2066.4;135.8;165;S355JR;sem_tratamento;49;3348.5;389.83;200.0;3777.92;457.06;213.57;11.31
guarda-corpos;media;4554.14;484.77;277;AISI304;sem_tratamento;135;23695.58;1327.92;420.95;41601.21;2513.97;733.1;69.77
passarela;baixa;1387.11;159.16;87;AL6060;anodizacao;51;5458.75;299.99;3063.53;5624.54;322.64;3642.21;8.32
passerelle;alta;2405.66;238.41;291;AL5754;pintura_liquida;77;9542.73;873.65;3574.9;10062.38;1004.02;4246.37;26.22
corrimao;media;4788.18;422.88;121;S235JR;pintura_liquida;78;6131.67;1311.53;5923.84;6882.37;1399.08;6367.33;34.56
gradeamento;baixa;2423.87;208.45;140;S355JR;sem_tratamento;54;4205.47;476.0;219.01;4402.83;515.53;247.9;13.15
portao;baixa;1340.45;98.84;21;S235JR;lacagem;55;1959.46;300.0;1740.24;2159.24;358.16;2231.34;9.53
pavilhao;alta;6286.56;235.52;547;S355JR;galvanizacao;76;12572.23;2654.58;7476.58;14164.5;2798.71;8147.63;72.85
passadico;baixa;2622.34;239.56;101;S235JR;sem_tratamento;57;4009.08;463.15;250.41;4190.32;499.69;264.21;12.58
cobertura;baixa;6611.15;649.74;236;S355JR;sem_tratamento;83;13024.46;1347.79;620.74;13213.24;1420.9;664.69;37.86
mezanino;media;1630.35;84.02;299;S355JR;pintura_liquida;84;2925.14;494.67;1342.7;3075.4;592.57;1357.32;15.43
plataforma;alta;5513.14;368.94;965;AISI304;polimento;190;31617.33;2788.12;8896.61;35408.58;2948.17;9950.31;76.36
escadaria;baixa;1004.45;97.0;131;AL6060;anodizacao;21;3300.74;300.0;1758.25;4269.39;353.36;2504.19;7.88
guarda-corpos;media;2492.46;283.12;402;AL5754;lacagem;82;10082.74;844.98;4436.85;10582.52;941.88;4959.91;23.7
passarela;baixa;1805.21;136.68;142;S235JR;sem_tratamento;23;2548.18;353.04;200.0;3020.68;409.03;222.76;10.24
passerelle;alta;7007.76;501.59;385;S355JR;galvanizacao;89;12840.13;2906.41;8660.68;15283.99;3365.13;8795.94;83.85
corrimao;media;4271.34;317.72;321;S235JR;pintura_liquida;90;5990.59;1172.68;5006.32;6635.01;1251.71;6542.85;34.07
gradeamento;baixa;3280.0;258.88;42;S355JR;sem_tratamento;66;5645.0;583.73;295.55;6278.89;634.37;358.26;17.38
portao;baixa;1237.87;98.33;27;S235JR;sem_tratamento;27;1830.48;299.99;200.0;2058.76;326.14;202.74;7.95
pavilhao;alta;5694.7;206.12;623;S355JR;galvanizacao;88;10799.02;2534.21;6314.47;11081.69;2498.98;7141.73;66.53
passadico;baixa;2571.56;226.13;125;S355JR;sem_tratamento;29;4399.74;470.77;243.26;4736.24;536.18;276.42;15.33
cobertura;baixa;3383.43;398.83;279;AISI304;sem_tratamento;140;19767.83;720.65;310.66;22351.22;736.28;351.97;19.14
mezanino;media;1900.06;115.45;215;AL6060;lacagem;46;7917.1;548.1;1988.2;8417.34;614.1;2146.46;14.47
plataforma;alta;1577.99;132.3;227;AL5754;pintura_liquida;72;6835.08;534.9;1894.6;7485.71;619.35;2472.97;15.38
escadaria;baixa;1501.51;118.34;158;S235JR;sem_tratamento;33;1919.97;300.0;200.0;2048.62;352.48;213.43;9.24
guarda-corpos;media;7182.9;691.93;166;S355JR;pintura_liquida;94;11548.65;1890.56;9939.64;12610.65;2038.25;11766.23;54.54
passarela;baixa;2496.97;180.04;87;S235JR;lacagem;35;3852.14;468.47;3111.34;4412.14;465.84;2914.76;11.85
passerelle;alta;5891.31;463.26;377;S355JR;galvanizacao;101;9994.31;2654.24;7728.58;10408.01;2735.77;8783.03;65.91
corrimao;media;5468.52;427.94;213;S235JR;pintura_liquida;52;6854.74;1474.15;6060.0;7944.71;1595.16;6802.4;41.08
gradeamento;baixa;1135.49;96.37;115;S355JR;sem_tratamento;78;1871.78;300.0;200.0;2308.59;392.54;253.33;10.73
portao;baixa;2036.81;168.04;68;S355JR;sem_tratamento;39;3643.33;367.17;200.0;3942.38;404.54;184.73;10.55
pavilhao;alta;2140.56;106.29;599;AISI304;polimento;100;12552.72;958.1;2523.9;13199.08;1087.66;3117.9;28.0
passadico;baixa;402.46;46.49;80;AL6060;anodizacao;41;1565.44;300.0;867.71;1646.65;339.52;1033.73;8.11
cobertura;baixa;3956.34;553.23;327;AL5754;anodizacao;107;17022.61;879.37;9283.25;18360.82;951.91;10595.52;25.77
mezanino;media;5441.77;280.24;319;S235JR;pintura_liquida;58;8792.96;1612.28;4389.04;9688.46;1679.98;5284.49;47.8
plataforma;alta;2434.71;148.77;72;S355JR;galvanizacao;39;4448.43;786.41;2997.36;4666.1;801.45;3456.17;20.67
escadaria;baixa;405.14;25.2;144;S235JR;lacagem;45;526.58;300.0;389.36;586.47;326.8;437.7;8.63
guarda-corpos;media;7759.59;638.2;534;S355JR;pintura_liquida;106;12542.2;2459.93;9726.29;12672.51;2526.94;12997.76;69.09
guarda-corpos;media;4031.36;477.85;379;AL5754;lacagem;77;15195.91;1141.21;7177.91;15752.81;1195.17;8341.56;31.93
passarela;baixa;545.95;44.5;91;S235JR;sem_tratamento;43;801.91;300.01;200.0;833.82;321.91;198.88;8.42
passerelle;alta;4167.79;319.17;264;S355JR;galvanizacao;94;7045.46;1465.23;5138.5;8557.18;1488.71;6094.22;39.85
corrimao;media;4905.12;381.34;93;S235JR;pintura_liquida;50;6373.59;1351.04;5490.97;6904.78;1505.95;6668.51;36.59
gradeamento;baixa;1590.47;157.58;43;S355JR;sem_tratamento;36;2535.03;300.0;200.0;2558.57;313.7;214.16;8.62
portao;baixa;978.03;74.91;100;S235JR;sem_tratamento;47;1572.55;299.99;200.0;1627.13;337.46;245.74;8.81
pavilhao;alta;6863.97;248.48;390;S355JR;galvanizacao;83;12486.87;2731.68;7981.42;13489.77;3043.85;9243.31;78.07
passadico;baixa;2745.71;216.44;123;S355JR;sem_tratamento;49;4446.36;459.25;260.35;6033.42;522.29;343.69;13.66
cobertura;baixa;2919.28;329.73;277;AISI304;sem_tratamento;100;17908.4;608.3;301.74;19991.91;695.49;358.0;17.15
mezanino;media;3214.01;212.46;237;AL6060;lacagem;56;12400.97;891.3;3710.52;13258.44;1044.65;3550.41;26.23
plataforma;alta;1454.08;124.44;211;AL5754;pintura_liquida;42;6437.19;574.77;1712.97;10812.42;960.89;3380.51;22.0
escadaria;baixa;2135.99;158.04;136;S235JR;sem_tratamento;53;2842.2;428.76;200.0;2960.79;489.77;203.62;12.16
guarda-corpos;media;7616.97;591.09;527;S355JR;pintura_liquida;89;13361.74;2718.18;8634.05;13136.3;2894.25;10153.11;82.49
passarela;baixa;1367.45;109.37;135;S235JR;lacagem;55;2085.8;300.0;1641.67;2292.68;323.63;1533.98;9.08
passerelle;alta;6166.92;556.37;143;S355JR;galvanizacao;106;10358.63;2241.01;8055.54;11377.67;2317.52;9410.31;60.46
corrimao;media;2089.86;152.92;125;S235JR;pintura_liquida;62;2551.16;501.96;2041.85;2780.07;555.48;2308.08;14.23
gradeamento;baixa;1500.3;119.62;41;S355JR;sem_tratamento;48;2328.51;299.99;200.0;2737.28;309.49;210.39;8.37
portao;baixa;1948.17;137.83;46;S355JR;sem_tratamento;59;3501.11;360.71;200.0;3869.84;384.18;241.79;10.18
pavilhao;alta;5215.04;264.76;991;AISI304;polimento;180;30865.5;2761.42;6230.69;34986.08;3020.62;7225.95;78.04
passadico;baixa;993.49;118.06;86;AL6060;anodizacao;21;3742.4;300.01;2106.31;4101.67;323.45;2701.14;7.42
cobertura;baixa;3677.69;532.21;415;AL5754;anodizacao;57;17541.87;833.01;9274.62;19661.09;961.91;10589.96;24.83
mezanino;media;5744.21;306.73;272;S235JR;pintura_liquida;68;9324.86;1679.9;4336.5;10488.61;1907.7;5244.7;46.76
plataforma;alta;2181.87;142.75;127;S355JR;galvanizacao;54;4302.26;746.81;2370.63;4695.18;866.79;2306.05;20.34
escadaria;baixa;9007.03;690.13;513;S235JR;lacagem;140;13077.31;2259.24;11489.49;11059.0;1834.13;9413.05;49.12
guarda-corpos;media;6151.06;551.11;579;S355JR;pintura_liquida;101;10203.99;2080.27;8724.3;12277.38;2602.67;10628.63;68.62
passarela;baixa;2084.91;165.94;87;S235JR;sem_tratamento;27;3107.2;386.91;200.0;3306.51;415.35;236.7;10.52
passerelle;alta;4490.18;332.43;318;S355JR;galvanizacao;63;8148.66;1855.37;5177.08;8738.76;1971.18;5686.82;49.42
corrimao;media;5159.29;478.21;251;S355JR;pintura_liquida;74;7606.66;1468.67;7096.05;9236.06;1470.05;7287.61;42.97
gradeamento;baixa;1503.22;155.68;90;AISI304;sem_tratamento;60;7268.52;300.0;200.0;8430.97;321.73;212.15;8.28
portao;baixa;1003.34;95.51;94;AL6060;anodizacao;31;3732.75;300.0;1568.69;4090.82;335.68;1840.73;8.62
pavilhao;alta;3297.27;163.57;452;AL5754;pintura_liquida;107;14928.34;1392.33;2271.5;16807.22;1453.06;2285.25;37.87
passadico;baixa;1744.45;159.17;55;S235JR;sem_tratamento;33;2459.27;316.96;200.0;2796.08;348.57;216.56;9.12
cobertura;baixa;6682.89;667.26;114;S355JR;sem_tratamento;69;12938.68;1273.12;663.95;13579.34;1274.72;762.8;35.82
mezanino;media;5108.06;287.53;96;S235JR;pintura_liquida;80;7893.72;1313.56;4448.47;8562.14;1516.14;5476.36;38.18
plataforma;alta;3226.49;168.67;146;S355JR;galvanizacao;66;6279.47;1143.15;4030.68;6358.66;1256.9;4772.49;32.25
escadaria;baixa;2188.13;175.95;45;S235JR;sem_tratamento;37;2835.36;409.37;209.31;2946.24;423.52;284.26;10.95
guarda-corpos;media;9491.81;938.15;229;S355JR;pintura_liquida;113;15747.65;2370.79;12574.89;17820.81;2524.13;13811.59;67.31
passarela;baixa;834.96;75.43;124;S355JR;sem_tratamento;39;1390.37;300.0;200.0;1379.24;339.14;235.24;9.15
passerelle;alta;3075.55;300.68;442;AISI304;polimento;75;17078.76;1389.93;6777.54;18369.72;1583.39;8286.63;38.81
corrimao;media;1648.85;190.58;298;AL6060;lacagem;86;5708.2;511.78;3365.53;6128.6;510.02;3512.23;12.79
gradeamento;baixa;1062.16;129.33;43;AL5754;anodizacao;72;3841.3;300.0;2536.45;4245.66;317.89;2618.43;8.03
portao;baixa;1177.3;77.51;78;S235JR;sem_tratamento;43;1860.77;299.99;199.99;2320.61;386.06;281.89;9.76
pavilhao;alta;11939.91;528.45;330;S355JR;galvanizacao;119;22620.0;4940.94;14906.63;25143.51;5200.52;17114.62;144.28
passadico;baixa;2301.11;190.37;75;S235JR;lacagem;45;3159.14;386.36;2945.32;3251.2;416.95;3501.3;11.19
cobertura;baixa;3466.67;345.73;211;S355JR;sem_tratamento;81;6896.79;624.56;314.42;7066.19;649.0;360.54;18.01
mezanino;media;5526.67;238.34;113;S235JR;pintura_liquida;92;7941.17;1277.68;3563.08;8977.16;1477.6;3839.01;37.14
plataforma;alta;2831.26;171.67;191;S355JR;galvanizacao;78;5189.52;962.19;3114.51;5559.41;1099.05;3943.05;26.38
escadaria;baixa;2346.66;153.39;38;S355JR;sem_tratamento;49;3549.74;434.24;213.65;3781.96;481.95;234.85;11.44
guarda-corpos;media;5360.37;658.96;671;AISI304;sem_tratamento;90;26077.85;1866.82;530.94;29157.03;1916.65;560.81;51.82
passarela;baixa;505.73;50.36;110;AL6060;anodizacao;51;1863.89;300.0;885.76;2005.11;318.24;1214.94;8.35
passerelle;alta;1450.34;148.93;402;AL5754;pintura_liquida;87;5512.2;663.99;2274.88;6088.67;685.33;2182.32;19.65
corrimao;media;3187.91;232.23;82;S235JR;pintura_liquida;48;4060.67;870.89;3203.55;6981.03;1407.13;6000.83;38.64
gradeamento;baixa;3064.52;260.7;116;S355JR;sem_tratamento;39;5321.13;554.34;293.99;6079.49;604.21;363.96;17.32
portao;baixa;712.5;48.68;38;S235JR;lacagem;55;1065.49;300.0;726.6;1209.03;319.28;862.45;9.01
pavilhao;alta;5762.69;244.79;506;S355JR;galvanizacao;131;11044.6;2647.29;6725.71;12019.48;2915.18;7006.92;74.49
passadico;baixa;1797.39;151.55;88;S235JR;sem_tratamento;57;2482.93;342.14;200.0;2770.28;401.35;245.87;9.26
cobertura;baixa;3787.43;326.64;207;S355JR;sem_tratamento;93;7118.93;781.59;371.96;8217.08;778.79;360.52;20.34
mezanino;media;3851.51;170.68;296;S355JR;pintura_liquida;54;7309.12;1050.02;2668.28;8099.12;1222.42;3236.92;31.53
plataforma;alta;6871.02;464.41;466;AISI304;polimento;130;32822.65;2401.36;8841.21;39547.86;3015.86;10867.99;75.24
escadaria;baixa;933.44;80.08;90;AL6060;anodizacao;21;3059.62;300.0;1424.14;3277.2;299.36;1869.65;8.58
guarda-corpos;media;3170.43;402.75;212;AL5754;lacagem;137;12437.58;870.37;6675.08;13682.14;933.46;6970.18;24.82
passarela;baixa;2096.1;165.49;134;S235JR;sem_tratamento;23;3259.37;356.24;213.87;3598.23;389.37;237.86;10.42
passerelle;alta;3460.14;251.37;320;S355JR;galvanizacao;99;6050.86;1291.58;4165.49;6173.82;1419.88;4655.78;35.35
corrimao;media;5610.14;536.25;276;S235JR;pintura_liquida;60;7040.61;1481.7;8683.02;7991.08;1669.69;9556.55;44.67
gradeamento;baixa;3010.59;277.06;100;S355JR;sem_tratamento;51;4852.64;544.27;328.32;5282.58;573.68;364.19;15.35
gradeamento;baixa;1638.11;176.62;161;AL5754;anodizacao;42;5773.3;308.19;3164.89;6578.66;331.68;3998.53;7.69
portao;baixa;1425.34;112.02;174;S235JR;sem_tratamento;23;2034.49;300.01;200.0;2328.35;340.22;225.72;7.96
pavilhao;alta;7584.83;288.38;647;S355JR;galvanizacao;114;15233.94;3409.69;8807.72;17499.61;3675.87;10685.83;99.27
passadico;baixa;960.45;66.13;51;S235JR;lacagem;25;1363.94;300.0;1054.93;1447.39;333.14;1186.95;8.24
cobertura;baixa;3507.57;351.51;404;S355JR;sem_tratamento;86;7035.8;802.16;329.39;7403.34;868.37;370.37;23.43
mezanino;media;4191.74;200.92;106;S235JR;pintura_liquida;52;5994.28;1095.12;2745.82;6398.04;1105.1;2801.33;29.36
plataforma;alta;3408.71;191.7;170;S355JR;galvanizacao;48;6614.69;1301.15;3914.92;7096.21;1382.26;5084.27;36.55
escadaria;baixa;825.73;64.06;53;S355JR;sem_tratamento;29;1350.09;300.01;200.0;1553.32;321.69;249.15;8.8
guarda-corpos;media;3363.58;311.3;211;AISI304;sem_tratamento;120;17032.76;919.8;358.66;18411.52;1034.83;358.9;27.69
passarela;baixa;1167.87;119.78;102;AL6060;anodizacao;31;4578.62;300.0;2308.8;6142.96;369.3;2913.15;9.57
passerelle;alta;2892.25;284.85;258;AL5754;pintura_liquida;92;11355.76;1046.67;4499.04;12566.47;1139.24;5049.84;27.28
corrimao;media;1854.02;163.46;208;S235JR;pintura_liquida;58;2419.39;503.45;2566.97;2712.22;547.94;3085.24;14.53
gradeamento;baixa;3134.02;299.39;137;S355JR;sem_tratamento;54;4839.79;592.49;313.61;5393.06;620.61;280.72;17.4
portao;baixa;1275.13;87.09;61;S235JR;lacagem;35;1987.16;300.0;1329.23;2185.9;309.8;1522.01;8.45
pavilhao;alta;11031.66;497.08;189;S355JR;galvanizacao;126;21592.75;3827.1;13839.5;22103.01;3645.74;15539.77;91.92
passadico;baixa;1055.31;89.65;54;S235JR;sem_tratamento;37;1623.32;300.0;200.0;1822.19;334.14;221.35;8.41
cobertura;baixa;6085.46;697.51;280;S355JR;sem_tratamento;98;12500.66;1198.26;608.42;13528.12;1272.8;761.44;35.0
mezanino;media;5898.93;259.15;179;S355JR;pintura_liquida;64;11353.83;1625.86;4114.4;12637.3;1907.34;5028.24;53.23
plataforma;alta;1353.78;85.15;210;AISI304;polimento;60;8144.53;469.9;1749.94;8568.02;553.75;1929.76;13.48
escadaria;baixa;315.2;24.59;77;AL6060;anodizacao;41;1024.1;299.99;405.81;1055.38;327.3;463.68;8.78
guarda-corpos;media;6181.73;622.98;550;AL5754;lacagem;132;25126.72;2190.24;11174.61;28315.95;2325.36;13069.64;61.39
passarela;baixa;2339.4;170.18;120;S235JR;sem_tratamento;43;3207.87;407.9;219.75;3465.96;444.09;213.52;10.82
passerelle;alta;4562.3;344.15;245;S355JR;galvanizacao;104;8407.38;1786.25;5613.79;9645.87;1949.12;6118.8;48.49
corrimao;media;10071.1;976.79;617;S235JR;pintura_liquida;90;13786.81;3649.82;15417.09;15490.1;4003.06;15058.62;113.9
gradeamento;baixa;2673.45;264.7;36;S355JR;sem_tratamento;66;4166.45;484.54;255.52;4385.22;552.29;317.58;13.38
portao;baixa;1041.95;76.53;48;S235JR;sem_tratamento;47;1632.81;300.0;200.0;1766.4;304.15;221.97;8.26
pavilhao;alta;10885.26;497.26;450;S355JR;galvanizacao;138;20411.92;4556.69;12292.22;23245.2;5442.33;14592.98;144.33
passadico;baixa;1602.66;119.86;125;S355JR;sem_tratamento;49;2597.24;317.94;200.0;2626.74;340.96;230.55;9.09
cobertura;baixa;1195.38;137.42;186;AISI304;sem_tratamento;55;7315.04;300.0;200.0;7983.83;337.33;218.03;9.05
mezanino;media;1308.55;93.42;261;AL6060;lacagem;76;4760.49;394.95;1552.34;4106.76;348.07;1474.71;8.56
plataforma;alta;1235.35;105.46;85;AL5754;pintura_liquida;72;5588.51;415.13;1482.08;6327.24;476.57;1583.03;10.37
escadaria;baixa;1275.52;78.35;73;S235JR;sem_tratamento;53;1720.42;300.0;200.0;1798.07;315.91;250.69;8.49
guarda-corpos;media;6582.91;543.32;217;S355JR;pintura_liquida;79;11250.4;1937.92;7936.02;11814.62;2065.07;9761.18;55.77
passarela;baixa;1971.3;161.96;108;S235JR;lacagem;55;2822.1;363.74;2452.11;4724.89;602.34;4199.0;16.52
passerelle;alta;3645.1;273.5;411;S355JR;galvanizacao;61;6238.9;1632.82;4080.7;6998.09;1769.91;4159.16;47.62
corrimao;media;2704.62;244.83;266;S235JR;pintura_liquida;82;3477.55;703.97;3344.8;3897.04;794.86;3878.91;20.86
gradeamento;baixa;1511.3;153.75;79;S355JR;sem_tratamento;78;2396.35;300.0;200.0;2590.32;325.28;228.25;8.47
portao;baixa;991.39;76.18;157;S355JR;sem_tratamento;59;1866.07;299.99;200.0;2029.66;306.96;213.07;8.17
pavilhao;alta;6835.65;324.85;494;AISI304;polimento;120;37866.09;3278.62;6503.58;43267.23;3399.79;6426.05;86.81
passadico;baixa;637.51;70.4;39;AL6060;anodizacao;21;2417.58;300.0;1165.66;2540.64;327.39;1316.79;8.19
cobertura;baixa;3356.14;383.79;160;AL5754;anodizacao;67;14703.41;579.49;6434.61;15583.42;620.45;7866.31;15.8
mezanino;media;1659.86;78.7;132;S235JR;pintura_liquida;88;2572.69;419.69;1243.66;2676.12;447.36;1401.38;11.56
plataforma;alta;2952.16;151.27;118;S355JR;galvanizacao;39;5216.52;994.66;3648.17;5729.5;1095.12;4055.66;29.46
escadaria;baixa;2257.81;156.03;159;S235JR;lacagem;25;2979.8;451.59;2809.35;3746.81;555.72;3636.12;15.22
guarda-corpos;media;5455.99;509.34;299;S355JR;pintura_liquida;91;8586.84;1480.85;6945.19;8730.91;1425.5;7002.31;38.32
passarela;baixa;1593.02;111.9;33;S235JR;sem_tratamento;27;2343.01;299.99;200.0;2625.67;312.4;224.48;8.22
passerelle;alta;6167.41;455.48;243;S355JR;galvanizacao;73;10957.14;2557.76;7684.11;11949.49;3086.41;8374.35;69.64
corrimao;media;2644.94;250.61;143;S355JR;pintura_liquida;94;4022.72;667.49;4074.18;4532.9;765.97;4474.98;20.51
gradeamento;baixa;4581.91;477.73;252;AISI304;sem_tratamento;115;22401.83;914.15;431.04;24031.23;937.78;443.72;26.41
portao;baixa;911.24;94.08;135;AL6060;anodizacao;31;3690.87;300.0;1527.81;4287.66;324.82;1792.64;7.6
pavilhao;alta;5966.78;283.48;404;AL5754;pintura_liquida;97;27638.8;2611.93;4265.3;30239.21;2800.7;5330.03;73.15
passadico;baixa;2290.29;158.42;79;S235JR;sem_tratamento;33;3116.91;367.42;217.26;3400.9;390.3;262.68;9.49
cobertura;baixa;6251.68;653.35;133;S355JR;sem_tratamento;79;12842.57;1215.01;662.54;13440.95;1263.13;719.17;34.11
mezanino;media;1738.92;79.01;231;S235JR;pintura_liquida;50;2741.07;455.86;1189.75;2968.92;493.31;1314.8;13.13
plataforma;alta;3332.68;222.78;224;S355JR;galvanizacao;51;6167.5;1161.6;3691.0;6516.29;1316.6;4512.71;33.07
escadaria;baixa;1004.45;67.02;51;S235JR;sem_tratamento;37;1346.56;300.0;200.0;1395.27;335.22;202.42;8.86
guarda-corpos;media;4754.28;414.66;489;S355JR;pintura_liquida;103;8458.58;1428.0;6108.2;8666.9;1680.22;5738.91;47.96
passarela;baixa;576.93;39.44;116;S355JR;sem_tratamento;39;1048.9;300.01;200.0;1127.08;357.28;230.16;9.2
passerelle;alta;2729.89;271.04;370;AISI304;polimento;85;15033.97;1081.12;6100.85;17056.89;1091.84;6781.02;26.82
corrimao;media;2017.67;248.61;226;AL6060;lacagem;56;7037.8;608.06;3913.11;7368.64;684.25;4286.32;17.46
gradeamento;baixa;2071.34;257.22;102;AL5754;anodizacao;57;7717.44;341.82;4435.75;9837.02;424.54;6863.56;10.74
portao;baixa;2212.01;187.41;116;S235JR;sem_tratamento;43;3163.38;421.67;239.3;3338.3;469.93;256.83;12.18
pavilhao;alta;4956.14;179.21;270;S355JR;galvanizacao;109;9598.68;1921.53;6121.36;10723.56;1854.06;7095.06;47.54
passadico;baixa;1275.16;115.33;87;S235JR;lacagem;45;1752.07;300.0;2004.72;1921.94;295.49;2065.48;8.57
cobertura;baixa;3336.77;309.4;164;S355JR;sem_tratamento;91;6948.77;647.94;356.38;7540.61;667.0;399.67;17.53
cobertura;baixa;1459.54;184.59;419;AL5754;anodizacao;72;6300.52;300.8;3226.45;7133.65;321.44;4103.36;9.63
mezanino;media;5307.6;252.76;128;S235JR;pintura_liquida;48;7922.03;1384.19;3451.32;8076.36;1376.88;4329.93;36.47
plataforma;alta;3788.64;214.38;156;S355JR;galvanizacao;54;6959.64;1286.87;4104.01;7239.83;1442.92;5076.92;34.62
escadaria;baixa;1407.66;109.01;46;S235JR;lacagem;45;1959.49;299.99;1941.35;2118.2;294.55;1850.18;8.57
guarda-corpos;media;4862.35;411.08;249;S355JR;pintura_liquida;86;7992.48;1263.79;6339.6;9037.89;1367.28;7287.83;35.33
passarela;baixa;2568.36;197.6;147;S235JR;sem_tratamento;47;3863.26;438.29;265.91;4161.88;443.37;316.15;11.91
passerelle;alta;7823.28;600.46;163;S355JR;galvanizacao;78;13150.89;2780.12;10116.5;14032.47;3045.35;11343.77;75.97
corrimao;media;3465.1;258.24;77;S355JR;pintura_liquida;54;5751.79;810.35;3489.52;6349.59;932.68;3855.86;24.12
gradeamento;baixa;654.61;81.2;59;AISI304;sem_tratamento;60;3207.16;300.0;200.0;3329.07;320.08;197.55;8.45
portao;baixa;1161.02;127.75;31;AL6060;anodizacao;51;4736.78;300.0;2485.36;5030.47;331.86;2486.57;8.76
pavilhao;alta;3258.59;193.88;230;AL5754;pintura_liquida;92;15019.71;1260.59;2979.67;15902.27;1290.75;3469.06;32.14
passadico;baixa;1909.84;137.47;55;S235JR;sem_tratamento;53;2908.3;328.23;200.0;3750.28;370.8;261.39;10.24
cobertura;baixa;4101.62;389.98;153;S355JR;sem_tratamento;84;8346.04;720.44;436.51;9753.16;811.46;403.82;22.64
mezanino;media;5678.21;252.75;290;S235JR;pintura_liquida;60;8723.16;1502.04;3743.36;9275.77;1725.86;4318.02;47.25
plataforma;alta;2430.99;147.55;218;S355JR;galvanizacao;66;4682.13;993.35;2986.63;5853.0;981.73;3391.4;25.63
escadaria;baixa;1701.84;127.17;156;S235JR;sem_tratamento;57;2161.29;299.99;200.0;3761.38;555.82;427.99;12.91
guarda-corpos;media;4828.57;391.9;530;S355JR;pintura_liquida;98;8530.37;1755.07;5308.97;9071.03;1865.48;5974.87;53.04
passarela;baixa;972.78;88.5;24;S355JR;sem_tratamento;59;1686.77;300.0;200.0;1924.34;303.66;212.22;8.09
passerelle;alta;6554.68;656.62;454;AISI304;polimento;200;28271.27;2056.37;11946.82;33144.36;2056.81;14651.9;50.49
corrimao;media;1001.31;102.17;252;AL6060;lacagem;66;3407.16;300.0;1572.42;3677.42;315.68;1766.17;7.22
gradeamento;baixa;1219.97;152.05;122;AL5754;anodizacao;72;4701.97;300.0;2569.03;5369.08;343.49;2474.41;9.2
portao;baixa;2175.34;148.2;109;S235JR;sem_tratamento;23;3496.04;410.69;223.07;3961.63;429.87;225.44;10.04
pavilhao;alta;9844.18;351.18;344;S355JR;galvanizacao;104;17694.28;3613.41;12405.03;19468.25;3554.86;14724.89;99.59
passadico;baixa;5606.48;478.4;610;S235JR;lacagem;115;7942.57;1441.19;8342.42;8649.13;1538.9;10093.76;45.7
cobertura;baixa;5045.2;482.17;458;S355JR;sem_tratamento;96;10278.12;1070.89;460.37;10875.64;1251.41;533.53;31.84
mezanino;media;3425.75;170.1;258;S235JR;pintura_liquida;72;5528.03;901.56;2699.47;5860.19;1007.44;2823.97;24.28
plataforma;alta;2619.28;174.6;214;S355JR;galvanizacao;78;4929.79;1004.79;2992.07;5509.68;1064.88;3246.14;27.03
escadaria;baixa;644.06;49.02;112;S355JR;sem_tratamento;29;1019.95;300.0;200.0;1081.31;335.79;234.71;9.72
guarda-corpos;media;4081.3;421.34;571;AISI304;sem_tratamento;110;20927.14;1495.77;444.09;28783.58;1986.18;463.97;51.21
passarela;baixa;656.8;74.34;130;AL6060;anodizacao;31;2597.06;300.0;1366.15;2736.19;327.97;1516.53;8.4
passerelle;alta;3711.48;343.75;379;AL5754;pintura_liquida;102;15306.69;1681.37;4900.56;15799.57;1684.96;5275.6;46.06
corrimao;media;3041.77;283.28;193;S235JR;pintura_liquida;78;4065.27;846.14;3900.7;4343.85;916.58;4444.8;23.41
gradeamento;baixa;1448.9;132.37;99;S355JR;sem_tratamento;39;2403.43;299.99;200.0;2625.8;323.26;211.03;8.66
portao;baixa;1377.4;110.15;87;S235JR;lacagem;35;2096.24;300.0;1782.56;2269.39;339.1;2081.13;8.53
pavilhao;alta;6051.15;233.28;400;S355JR;galvanizacao;116;11735.35;2492.9;6779.04;12508.87;2608.07;7782.01;67.38
passadico;baixa;968.02;67.18;137;S235JR;sem_tratamento;37;1332.03;299.99;200.0;1145.17;272.79;177.0;7.24
cobertura;baixa;5056.16;540.14;184;S355JR;sem_tratamento;108;9468.18;947.48;508.52;10235.01;1007.12;581.51;25.78
mezanino;media;1897.32;98.62;260;S355JR;pintura_liquida;84;3491.8;543.87;1408.43;3746.17;606.96;1381.51;15.47
plataforma;alta;588.82;36.6;111;AISI304;polimento;45;3257.71;300.0;842.62;3410.16;345.78;781.81;8.76
escadaria;baixa;542.88;47.7;120;AL6060;anodizacao;41;1822.86;300.0;873.96;2013.78;321.66;794.15;8.58
guarda-corpos;media;3178.57;423.5;484;AL5754;lacagem;122;12167.3;975.64;6403.71;13318.65;1056.29;6589.62;26.43
passarela;baixa;1280.81;116.81;122;S235JR;sem_tratamento;43;1808.51;300.0;200.0;1952.68;317.83;235.94;7.91
passerelle;alta;4733.34;336.95;146;S355JR;galvanizacao;59;7789.12;1712.73;5410.05;8675.86;1970.75;5561.58;46.41
corrimao;media;4115.64;398.58;311;S235JR;pintura_liquida;90;5676.37;1199.23;6474.44;6491.45;1268.11;6372.5;35.06
gradeamento;baixa;1882.06;154.74;234;S355JR;sem_tratamento;51;2889.15;340.76;200.0;3139.9;345.67;238.51;9.51
portao;baixa;1222.24;93.24;96;S235JR;sem_tratamento;47;1974.12;299.99;200.0;2324.81;351.27;307.31;9.12
pavilhao;alta;11678.16;535.49;357;S355JR;galvanizacao;128;22353.1;4445.14;15115.76;22502.83;4658.94;15933.61;119.02
passadico;baixa;1391.09;110.21;34;S355JR;sem_tratamento;49;2309.66;300.0;200.0;2522.59;319.02;243.78;8.11
cobertura;baixa;3135.43;357.6;261;AISI304;sem_tratamento;140;17979.78;628.68;283.9;18670.06;690.62;353.58;18.68
mezanino;media;2156.39;145.34;172;AL6060;lacagem;46;8096.47;522.26;2269.55;8872.27;569.76;2346.27;13.05
plataforma;alta;1680.41;112.88;65;AL5754;pintura_liquida;57;6949.75;579.07;1505.88;7447.2;589.13;1749.99;17.6
escadaria;baixa;919.39;59.57;62;S235JR;sem_tratamento;53;1301.48;300.0;200.0;1447.59;321.11;222.42;8.26
guarda-corpos;media;4961.25;501.07;273;S355JR;pintura_liquida;134;8002.69;1362.1;8004.8;8623.08;1563.29;9952.69;39.72
passarela;baixa;1405.83;113.95;75;S235JR;lacagem;55;2020.73;300.0;2000.99;2165.05;325.18;2068.39;8.44
passerelle;alta;6977.21;624.67;249;S355JR;galvanizacao;71;12798.34;2643.92;7677.82;14217.58;2954.84;8607.51;68.46
corrimao;media;1766.68;160.8;99;S235JR;pintura_liquida;52;2287.26;442.71;2158.68;2606.54;532.23;2429.06;12.79
gradeamento;baixa;2206.98;194.0;206;S355JR;sem_tratamento;63;3681.27;388.87;218.39;6508.17;729.94;341.75;19.05
portao;baixa;935.22;64.44;101;S355JR;sem_tratamento;59;1623.58;300.0;200.0;1804.42;328.19;206.87;9.08
pavilhao;alta;4496.77;238.86;772;AISI304;polimento;150;26401.01;2389.31;4771.86;28921.68;2490.4;5749.04;59.91
passadico;baixa;1274.07;143.84;83;AL6060;anodizacao;21;4820.47;300.0;2336.27;5183.04;308.88;2853.83;9.05
cobertura;baixa;3984.86;562.86;395;AL5754;anodizacao;77;18790.97;953.84;9563.23;19566.0;1027.21;9985.8;26.01
mezanino;media;3311.77;162.95;63;S235JR;pintura_liquida;58;4741.62;850.71;2222.75;4918.3;924.72;2422.13;25.3
plataforma;alta;2149.16;113.69;191;S355JR;galvanizacao;69;4184.76;769.19;2575.29;5200.64;918.79;3026.11;22.84
escadaria;baixa;1339.12;87.33;99;S235JR;lacagem;25;1722.04;300.01;1296.89;1762.57;338.29;1381.03;8.5
guarda-corpos;media;7792.89;606.94;557;S355JR;pintura_liquida;81;12304.88;2853.01;8448.0;13824.27;3152.04;9105.41;85.89
guarda-corpos;media;5381.64;717.96;650;AL5754;lacagem;117;21498.02;1919.23;12493.88;23631.85;2096.34;14254.2;50.38
passarela;baixa;1777.68;161.69;129;S235JR;sem_tratamento;23;2649.9;300.0;200.0;2918.47;312.77;219.6;8.92
passerelle;alta;3947.84;273.88;393;S355JR;galvanizacao;64;7274.81;1548.19;4629.65;8412.59;1636.07;5285.18;40.96
corrimao;media;4699.12;376.0;117;S235JR;pintura_liquida;50;6129.36;1184.5;6092.58;6394.13;1247.28;7428.64;33.66
gradeamento;baixa;3572.81;278.25;161;S355JR;sem_tratamento;66;5431.13;623.57;337.32;5622.46;627.21;372.54;18.01
portao;baixa;710.42;58.67;75;S235JR;sem_tratamento;27;1066.04;300.0;200.0;1152.8;326.92;242.41;8.18
pavilhao;alta;9945.37;397.19;185;S355JR;galvanizacao;123;17745.21;3856.69;11926.04;18644.52;4010.36;15233.78;100.03
passadico;baixa;1245.75;99.36;25;S355JR;sem_tratamento;29;2074.87;300.01;200.0;2207.74;343.48;218.91;8.83
cobertura;baixa;2063.5;283.59;102;AISI304;sem_tratamento;70;12451.29;362.51;200.0;14283.49;375.28;229.35;10.69
mezanino;media;1997.21;134.93;201;AL6060;lacagem;56;7698.91;535.68;2204.78;8430.09;607.39;2339.8;15.46
plataforma;alta;1566.09;140.37;91;AL5754;pintura_liquida;72;6979.15;517.09;1918.74;7601.55;592.1;1887.91;13.91
escadaria;baixa;2201.74;140.36;66;S235JR;sem_tratamento;33;3177.83;352.86;233.91;3273.62;386.43;266.62;10.85
guarda-corpos;media;6512.4;545.8;428;S355JR;pintura_liquida;129;11059.81;2084.39;7570.71;12516.24;2125.21;8514.97;58.57
passarela;baixa;1703.06;121.62;105;S235JR;lacagem;35;2396.24;322.64;2196.45;2973.21;408.56;2864.77;11.89
passerelle;alta;5781.17;528.59;397;S355JR;galvanizacao;76;10693.82;2433.08;6476.57;11637.48;2542.14;7355.19;65.69
corrimao;media;4342.37;423.18;232;S235JR;pintura_liquida;62;6059.05;1133.32;6789.03;6060.15;1262.45;7492.93;34.08
gradeamento;baixa;3440.3;297.49;61;S355JR;sem_tratamento;78;5474.36;654.34;350.25;6040.77;678.33;386.55;17.5
portao;baixa;446.21;30.59;98;S355JR;sem_tratamento;39;789.51;300.0;200.0;894.28;330.35;184.42;8.34
pavilhao;alta;3325.38;181.48;645;AISI304;polimento;135;19845.46;1555.68;3601.62;21785.52;1701.44;4022.84;42.91
passadico;baixa;566.93;51.16;77;AL6060;anodizacao;41;2003.73;300.01;883.89;2033.54;333.9;985.78;8.62
cobertura;baixa;2808.15;322.35;427;AL5754;anodizacao;82;13364.68;675.89;6182.96;14728.82;696.69;6797.76;17.6
mezanino;media;4447.79;226.43;122;S235JR;pintura_liquida;68;6781.6;1150.3;3537.72;7125.48;1325.44;3691.57;32.99
plataforma;alta;2495.34;169.75;43;S355JR;galvanizacao;39;4795.8;845.75;2714.65;5042.56;858.51;3138.24;20.9
escadaria;baixa;8699.03;628.1;673;S235JR;lacagem;140;11824.48;2066.27;10486.37;12588.74;2291.06;11688.93;58.87
guarda-corpos;media;4623.28;402.38;609;S355JR;pintura_liquida;76;7663.79;1467.69;6004.84;8121.67;1544.22;6102.43;44.81
passarela;baixa;1276.53;92.02;143;S235JR;sem_tratamento;47;1854.63;299.99;200.0;2011.2;334.63;222.57;8.83
passerelle;alta;3436.77;245.99;351;S355JR;galvanizacao;88;5636.09;1443.65;4309.05;5957.36;1533.22;4809.32;35.56
corrimao;media;4861.29;473.27;222;S355JR;pintura_liquida;74;7623.45;1265.73;7605.62;8256.53;1437.2;8232.15;40.04
gradeamento;baixa;851.18;93.67;206;AISI304;sem_tratamento;45;4404.41;300.01;200.0;4730.14;313.07;255.22;8.26
portao;baixa;747.18;74.36;112;AL6060;anodizacao;51;2821.56;300.0;1232.6;3074.78;318.92;1573.14;8.95
pavilhao;alta;3882.84;219.08;371;AL5754;pintura_liquida;82;17218.86;1639.24;3086.74;20228.9;2040.79;3930.87;49.76
passadico;baixa;903.31;68.23;39;S235JR;sem_tratamento;53;1211.5;299.99;200.0;1329.44;298.81;253.63;8.13
cobertura;baixa;4776.77;416.08;373;S355JR;sem_tratamento;94;9929.73;1089.12;477.94;10834.0;1208.1;465.75;32.05
mezanino;media;4930.61;226.67;79;S235JR;pintura_liquida;80;7708.62;1134.64;3572.47;8005.75;1150.68;3794.69;31.41
plataforma;alta;3554.2;186.95;214;S355JR;galvanizacao;51;6857.34;1206.17;4130.95;7692.79;1344.75;4205.32;33.27
escadaria;baixa;510.57;35.96;167;S235JR;sem_tratamento;57;685.59;300.01;200.0;755.61;324.14;231.42;8.72
guarda-corpos;media;8240.8;700.63;607;S355JR;pintura_liquida;88;14249.82;2754.84;9764.68;15114.05;3062.1;8760.54;78.21
passarela;baixa;725.52;61.0;57;S355JR;sem_tratamento;59;1281.4;300.01;200.0;1418.12;300.2;224.11;7.23
passerelle;alta;5272.63;548.18;824;AISI304;polimento;140;28740.85;2889.18;13047.24;54302.11;4990.98;24403.08;127.66
corrimao;media;2510.18;262.85;262;AL6060;lacagem;86;8713.33;673.38;4708.88;9774.84;731.62;5325.95;17.89
gradeamento;baixa;2153.16;285.71;224;AL5754;anodizacao;57;8537.01;400.6;4795.26;9086.47;428.17;5045.64;12.15
portao;baixa;431.54;32.34;82;S235JR;sem_tratamento;23;629.61;300.0;200.0;527.41;259.98;171.1;6.9
pavilhao;alta;10862.28;416.67;290;S355JR;galvanizacao;94;21120.94;4178.47;12864.06;22877.1;4097.33;13117.88;107.59
passadico;baixa;1435.58;120.78;77;S235JR;lacagem;25;2005.81;300.01;1960.78;2172.44;333.79;1995.79;8.28
cobertura;baixa;3928.28;337.1;98;S355JR;sem_tratamento;106;7594.72;709.74;383.18;8402.81;768.86;431.39;21.13
mezanino;media;5597.42;249.16;154;S235JR;pintura_liquida;92;9021.03;1555.54;3882.22;10113.02;1732.69;3795.2;46.73
plataforma;alta;1448.05;88.68;207;S355JR;galvanizacao;63;2590.06;486.86;1854.75;2795.25;525.98;2076.48;13.12
escadaria;baixa;1750.54;105.09;52;S355JR;sem_tratamento;29;2640.5;325.72;200.0;3507.3;378.12;284.78;10.42
guarda-corpos;media;3099.87;301.77;446;AISI304;sem_tratamento;90;15737.59;887.61;279.77;16450.84;994.69;350.86;25.58
passarela;baixa;1492.6;139.95;43;AL6060;anodizacao;31;5313.18;300.0;2413.86;5483.0;318.55;2631.47;7.79
passerelle;alta;4052.15;454.85;394;AL5754;pintura_liquida;57;16543.37;1601.15;7172.08;17765.56;1730.45;8501.05;43.63
corrimao;media;3207.66;257.25;75;S235JR;pintura_liquida;48;4148.86;804.38;3536.82;4407.65;842.49;3996.75;22.65
gradeamento;baixa;2075.68;167.54;94;S355JR;sem_tratamento;69;3329.49;385.05;201.5;3190.47;401.99;256.25;10.95
portao;baixa;2356.63;160.07;75;S235JR;lacagem;35;3453.65;384.73;2423.48;3829.26;396.8;2618.58;10.3
pavilhao;alta;8044.54;327.2;164;S355JR;galvanizacao;106;15926.98;3147.07;9718.8;18356.79;3532.17;11704.92;90.17
passadico;baixa;775.65;70.07;104;S235JR;sem_tratamento;37;1043.23;299.99;200.0;1096.98;339.04;209.18;8.91
cobertura;baixa;5630.27;635.7;392;S355JR;sem_tratamento;63;11488.79;1181.43;586.94;13985.04;1212.37;728.56;31.0
mezanino;media;4222.33;187.58;103;S355JR;pintura_liquida;54;8129.99;1091.68;2760.48;9064.52;1248.69;2970.21;31.49
plataforma;alta;1064.39;69.82;129;AISI304;polimento;75;6016.81;345.38;1591.6;6302.02;371.81;1662.0;9.34
escadaria;baixa;728.57;74.0;86;AL6060;anodizacao;41;2640.23;300.0;1199.88;3047.38;328.2;1304.85;8.05
guarda-corpos;media;6151.74;670.53;609;AL5754;lacagem;112;22482.5;2016.03;11966.3;24622.56;2266.2;14703.56;53.69
passarela;baixa;2972.24;228.15;29;S235JR;sem_tratamento;43;4356.52;542.85;304.22;4555.04;624.74;294.43;15.98
passerelle;alta;4987.74;429.6;349;S355JR;galvanizacao;69;8598.24;1977.4;6572.07;9043.5;2113.47;7585.35;55.97
corrimao;media;2992.97;269.71;193;S235JR;pintura_liquida;60;3738.55;754.12;3842.91;4043.67;748.82;4958.9;20.87
gradeamento;baixa;1431.2;144.45;200;S355JR;sem_tratamento;36;2388.08;300.0;200.0;2950.4;360.68;262.47;9.21
gradeamento;baixa;1794.26;198.88;134;AL5754;anodizacao;72;7061.03;355.26;3587.53;7665.94;393.3;3449.97;10.79
portao;baixa;1028.35;72.37;76;S235JR;sem_tratamento;43;1477.01;300.0;200.0;1591.81;318.66;220.58;8.14
pavilhao;alta;7403.31;304.78;596;S355JR;galvanizacao;89;14831.45;3606.25;8868.99;16897.67;3882.87;9136.44;92.17
passadico;baixa;2987.19;261.29;83;S235JR;lacagem;45;4579.5;479.55;4491.67;5049.85;586.71;5114.86;13.63
cobertura;baixa;4605.34;482.56;201;S355JR;sem_tratamento;56;9203.3;916.94;416.5;10012.42;929.09;525.54;23.48
mezanino;media;2030.02;99.3;251;S235JR;pintura_liquida;52;3264.1;558.19;1519.12;3484.96;585.18;1586.51;16.67
plataforma;alta;1908.52;114.75;67;S355JR;galvanizacao;78;3698.9;678.47;2427.02;4007.84;652.69;2606.54;17.0
escadaria;baixa;848.68;59.34;92;S355JR;sem_tratamento;49;1402.05;300.01;200.0;1497.96;322.91;203.23;8.75
guarda-corpos;media;4632.36;431.46;253;AISI304;sem_tratamento;95;24781.25;1200.5;438.89;26098.23;1315.53;470.53;33.24
passarela;baixa;1087.38;110.92;29;AL6060;anodizacao;51;4198.56;300.0;1935.8;4703.66;315.54;2276.89;8.13
passerelle;alta;2523.15;297.06;181;AL5754;pintura_liquida;62;10306.45;961.17;4828.06;11317.2;1106.04;4943.16;24.72
corrimao;media;4233.07;316.57;100;S235JR;pintura_liquida;58;5472.3;1043.14;4493.42;5589.68;1013.47;4946.92;28.13
gradeamento;baixa;1519.74;119.74;160;S355JR;sem_tratamento;39;2384.4;299.99;200.0;2640.97;334.48;237.52;8.82
portao;baixa;1750.3;122.29;55;S235JR;lacagem;55;2731.78;327.7;2102.1;2732.93;348.71;2558.59;9.58
pavilhao;alta;9364.82;377.21;585;S355JR;galvanizacao;101;16693.26;4660.01;10478.08;16560.32;4899.03;11356.42;125.36
passadico;baixa;1140.23;97.1;146;S235JR;sem_tratamento;57;1658.35;300.0;200.0;2117.8;370.69;267.81;9.25
cobertura;baixa;5052.35;467.94;364;S355JR;sem_tratamento;68;9656.38;1007.51;492.36;10415.1;1013.53;561.88;26.95
mezanino;media;4914.46;280.52;177;S355JR;pintura_liquida;64;8638.53;1340.07;3922.3;9497.71;1432.27;4771.49;36.32
plataforma;alta;4524.26;331.91;574;AISI304;polimento;130;27334.76;2128.76;7266.43;29660.21;2322.43;7518.4;55.4
escadaria;baixa;1214.52;113.15;38;AL6060;anodizacao;21;4104.38;300.0;2002.56;4784.21;308.74;2335.03;7.96
guarda-corpos;media;5696.05;708.2;522;AL5754;lacagem;107;22875.23;1776.65;10869.84;37776.62;3535.23;19171.65;92.67
passarela;baixa;591.49;52.37;60;S235JR;sem_tratamento;23;896.97;300.0;200.0;936.75;342.13;217.82;8.32
passerelle;alta;7020.42;606.21;384;S355JR;galvanizacao;74;12565.08;2803.4;8176.72;13494.62;3006.94;8556.92;76.49
corrimao;media;9313.85;895.39;564;S235JR;pintura_liquida;90;12847.75;2874.38;12221.07;13378.65;3043.86;12462.65;80.08
gradeamento;baixa;1965.54;202.12;194;S355JR;sem_tratamento;51;3192.02;341.28;206.32;3320.72;403.07;250.85;10.64
portao;baixa;2000.95;133.22;71;S235JR;sem_tratamento;27;3121.42;376.06;210.1;3333.49;406.19;246.89;11.09
pavilhao;alta;4100.28;146.31;415;S355JR;galvanizacao;113;7703.28;1887.58;5290.76;8362.45;2028.74;5897.4;52.68
passadico;baixa;950.66;87.0;99;S355JR;sem_tratamento;29;1529.12;300.0;200.0;1670.03;300.44;214.93;8.16
cobertura;baixa;1367.67;160.28;321;AISI304;sem_tratamento;80;7828.49;299.99;200.0;8947.31;323.79;229.6;8.5
mezanino;media;2602.05;171.58;286;AL6060;lacagem;76;10556.82;765.46;3045.74;10922.32;888.47;3673.9;21.67
plataforma;alta;1263.83;91.03;146;AL5754;pintura_liquida;57;5827.08;461.85;1364.13;6597.41;474.34;1309.53;12.36
escadaria;baixa;1349.06;87.73;109;S235JR;sem_tratamento;33;1797.77;300.0;200.0;1982.43;327.02;206.29;8.34
guarda-corpos;media;9558.75;861.8;346;S355JR;pintura_liquida;119;16952.02;2978.25;11648.08;20916.17;3883.58;14215.4;98.69
passarela;baixa;2133.05;170.65;70;S235JR;lacagem;35;2940.37;387.63;2837.01;3149.3;379.24;2968.96;10.85
passerelle;alta;7804.38;680.72;203;S355JR;galvanizacao;86;14285.31;3010.85;10138.27;16196.83;3267.34;11572.99;77.72
corrimao;media;3374.16;321.57;187;S235JR;pintura_liquida;82;4232.74;906.77;4922.05;4915.64;1023.17;4607.57;26.84
gradeamento;baixa;3042.47;275.46;154;S355JR;sem_tratamento;63;4928.85;619.68;324.98;5374.83;647.4;408.65;16.94
portao;baixa;2298.19;182.16;56;S355JR;sem_tratamento;39;3958.84;391.94;220.31;4282.73;418.86;248.12;11.82
pavilhao;alta;3940.99;190.97;620;AISI304;polimento;125;22181.64;1920.58;4510.66;23498.4;1921.6;4586.36;50.78
passadico;baixa;560.22;54.3;103;AL6060;anodizacao;41;2147.52;300.0;1070.99;2224.29;331.97;1259.82;9.34
cobertura;baixa;3955.63;577.63;417;AL5754;anodizacao;92;17592.57;881.4;10186.41;18174.06;987.41;10489.43;24.37
mezanino;media;5437.13;247.15;91;S235JR;pintura_liquida;88;8645.13;1305.45;3417.77;9193.3;1372.25;3955.25;36.28
plataforma;alta;2456.52;145.41;187;S355JR;galvanizacao;69;4548.91;879.66;3128.24;4580.96;947.99;3779.55;24.21
escadaria;baixa;2202.84;162.03;175;S235JR;lacagem;45;3105.14;386.25;2559.2;3338.45;383.01;2721.61;11.8
guarda-corpos;media;4623.4;467.38;258;S355JR;pintura_liquida;131;7423.61;1203.58;7299.07;8497.3;1272.23;8572.38;35.03
passarela;baixa;2935.23;253.63;134;S235JR;sem_tratamento;47;4348.66;552.42;279.69;4595.06;566.96;331.87;15.83
passerelle;alta;2959.26;246.14;135;S355JR;galvanizacao;98;4941.26;1130.28;3904.62;5160.01;1303.03;4161.04;32.49
corrimao;media;4348.17;344.26;319;S355JR;pintura_liquida;94;6682.53;1237.91;5078.24;5831.68;987.13;3838.77;27.04
gradeamento;baixa;3078.88;358.41;280;AISI304;sem_tratamento;115;14768.95;630.64;298.57;16141.47;695.75;317.63;17.05
portao;baixa;1023.43;91.71;127;AL6060;anodizacao;51;4059.87;300.0;1529.36;5446.85;368.19;2052.12;9.16
pavilhao;alta;5169.91;301.95;416;AL5754;pintura_liquida;137;22432.36;2037.95;4622.22;24293.36;2168.4;5413.0;54.86
passadico;baixa;672.78;55.24;37;S235JR;sem_tratamento;53;942.12;300.0;200.0;994.5;319.76;230.58;8.98
cobertura;baixa;6383.51;558.81;438;S355JR;sem_tratamento;104;12242.24;1346.34;599.8;13361.35;1413.31;751.55;36.83
mezanino;media;4407.6;194.93;263;S235JR;pintura_liquida;50;6306.26;1135.7;2726.69;7067.2;1229.69;3044.35;32.2
plataforma;alta;2085.09;140.76;118;S355JR;galvanizacao;36;4156.29;654.01;2602.81;4548.5;689.74;2966.37;16.62
escadaria;baixa;954.12;65.4;59;S235JR;sem_tratamento;57;1375.63;300.0;200.0;1488.08;325.94;239.64;8.7
guarda-corpos;media;11791.24;954.28;370;S355JR;pintura_liquida;78;19590.09;3441.6;14293.3;22800.9;3426.44;15037.8;97.07
passarela;baixa;2697.69;206.66;66;S355JR;sem_tratamento;59;4721.6;440.01;292.57;5344.61;455.79;342.41;11.91
passerelle;alta;4086.16;349.71;440;AISI304;polimento;170;22292.89;1795.46;7707.78;24795.52;1952.34;8471.14;51.24
corrimao;media;1706.14;165.36;203;AL6060;lacagem;56;6083.42;438.37;2949.24;6479.37;488.53;3427.11;13.35
gradeamento;baixa;1422.76;151.23;200;AL5754;anodizacao;42;5676.3;300.0;2743.7;6321.81;313.97;3202.45;8.47
portao;baixa;1579.75;131.4;62;S235JR;sem_tratamento;23;2241.21;300.01;200.0;3823.13;518.61;306.42;12.65
pavilhao;alta;6085.94;246.27;423;S355JR;galvanizacao;84;11137.75;2702.84;7378.42;13318.68;2932.16;7298.82;67.38
passadico;baixa;2155.01;187.12;123;S235JR;lacagem;25;3165.99;363.91;3207.51;3733.26;412.86;3684.95;10.85
cobertura;baixa;3729.85;363.38;154;S355JR;sem_tratamento;61;7481.48;739.41;369.07;7953.32;756.85;363.41;21.26
cobertura;baixa;2845.02;373.63;445;AL5754;anodizacao;97;13925.0;700.71;6624.83;11107.66;554.19;6069.2;14.12
mezanino;media;4351.1;209.48;273;S235JR;pintura_liquida;48;6242.91;1113.9;3401.19;6515.09;1116.13;3721.2;31.68
plataforma;alta;2843.32;194.5;178;S355JR;galvanizacao;39;5305.81;955.41;3482.87;9570.04;1740.29;6083.57;40.67
escadaria;baixa;1306.36;92.56;171;S235JR;lacagem;25;1888.08;300.0;1617.28;1972.21;296.3;2046.67;7.82
guarda-corpos;media;8959.36;877.78;505;S355JR;pintura_liquida;126;15547.83;3093.76;12093.73;17200.11;3190.63;14450.27;83.55
passarela;baixa;2979.89;237.46;94;S235JR;sem_tratamento;27;4415.76;571.95;284.41;4864.19;581.61;331.78;15.14
passerelle;alta;4417.72;333.01;326;S355JR;galvanizacao;103;8185.7;1866.27;5134.7;9366.64;1935.4;6050.8;47.39
corrimao;media;5045.98;469.6;300;S355JR;pintura_liquida;54;7443.8;1354.61;7260.1;8360.01;1586.36;7825.79;40.95
gradeamento;baixa;1460.39;143.11;159;AISI304;sem_tratamento;45;7727.95;299.99;200.0;8321.54;329.85;220.1;9.13
portao;baixa;1015.67;111.25;109;AL6060;anodizacao;31;4105.64;299.99;1901.36;4524.92;332.66;2091.48;8.04
pavilhao;alta;3414.17;178.12;448;AL5754;pintura_liquida;132;14000.61;1346.62;2762.46;15455.94;1446.27;3047.26;34.41
passadico;baixa;2349.29;193.86;114;S235JR;sem_tratamento;33;3298.74;443.71;217.26;3551.07;463.54;258.97;12.74
cobertura;baixa;3603.86;330.23;176;S355JR;sem_tratamento;109;6829.53;651.21;381.28;7296.36;771.46;452.85;18.52
mezanino;media;1914.59;100.9;150;S235JR;pintura_liquida;60;2813.01;517.6;1534.01;3217.56;557.14;1918.57;13.8
plataforma;alta;1279.91;83.35;49;S355JR;galvanizacao;51;2405.28;401.23;1443.88;2664.54;435.09;1820.94;10.97
escadaria;baixa;769.15;45.91;57;S235JR;sem_tratamento;37;1041.24;300.0;200.0;1077.45;329.85;235.59;8.64
guarda-corpos;media;6055.41;511.12;536;S355JR;pintura_liquida;138;9502.1;2178.66;8179.02;10138.1;2172.64;9529.79;56.43
passarela;baixa;1231.84;88.69;83;S355JR;sem_tratamento;39;2057.49;300.0;200.0;2732.97;408.55;278.17;10.34
passerelle;alta;3011.8;285.57;362;AISI304;polimento;60;15603.83;1299.86;5705.54;16766.23;1261.91;6035.77;33.33
corrimao;media;1122.45;118.41;228;AL6060;lacagem;66;4012.34;322.26;2123.24;4213.3;333.25;2444.29;9.11
gradeamento;baixa;1236.24;135.79;160;AL5754;anodizacao;57;4713.49;300.0;2526.6;5182.67;295.84;3005.24;8.4
portao;baixa;1200.88;83.42;61;S235JR;sem_tratamento;43;1760.54;300.0;200.0;1989.66;343.44;240.85;8.4
pavilhao;alta;4069.33;160.32;391;S355JR;galvanizacao;79;8089.6;1776.22;4953.43;8287.38;1910.36;4762.08;44.97
passadico;baixa;9368.04;817.25;511;S235JR;lacagem;115;13344.62;2172.19;12357.26;15023.65;2512.88;15355.22;68.31
cobertura;baixa;5949.46;549.83;235;S355JR;sem_tratamento;66;12532.71;1074.42;633.12;13982.56;1074.87;713.82;29.28
mezanino;media;5909.9;319.14;184;S235JR;pintura_liquida;72;8679.93;1535.95;5045.55;10104.66;1547.81;4971.56;40.6
plataforma;alta;1300.02;81.48;111;S355JR;galvanizacao;63;2542.85;439.33;1412.96;2696.87;484.42;1589.83;11.22
escadaria;baixa;468.37;33.91;106;S355JR;sem_tratamento;49;801.76;300.0;200.0;838.6;308.73;202.65;9.27
guarda-corpos;media;3221.85;387.88;425;AISI304;sem_tratamento;85;16576.21;950.73;353.4;18075.89;1030.79;319.0;28.4
passarela;baixa;874.64;81.34;64;AL6060;anodizacao;51;3276.46;300.01;1535.94;3585.26;342.49;1671.24;9.41
passerelle;alta;1811.79;180.83;256;AL5754;pintura_liquida;72;7100.62;666.16;2919.27;8062.93;715.99;3513.21;18.07
corrimao;media;1696.55;129.21;298;S235JR;pintura_liquida;78;2291.16;516.82;2039.06;2750.78;580.31;2335.94;15.71
gradeamento;baixa;1542.02;125.38;51;S355JR;sem_tratamento;69;2386.87;300.0;200.0;2509.88;326.54;206.02;8.56
portao;baixa;729.48;62.9;51;S235JR;lacagem;55;1050.3;299.99;1090.94;1187.71;307.82;1387.61;8.43
pavilhao;alta;7370.87;280.94;604;S355JR;galvanizacao;91;14141.81;3574.68;8425.7;17369.41;4294.59;10952.08;109.65
passadico;baixa;2665.58;196.11;76;S235JR;sem_tratamento;57;3701.48;486.72;288.92;4000.02;556.32;296.35;13.85
cobertura;baixa;4365.99;376.96;397;S355JR;sem_tratamento;78;9117.67;925.96;471.02;10028.37;1013.89;520.3;26.49
mezanino;media;2014.21;105.37;277;S355JR;pintura_liquida;84;3560.47;587.64;1695.15;3871.14;668.49;2152.87;17.75
plataforma;alta;6103.79;387.93;917;AISI304;polimento;160;35600.7;3225.16;9085.63;36219.15;3566.6;10090.22;89.07
escadaria;baixa;316.74;32.67;25;AL6060;anodizacao;21;1127.43;300.01;544.7;1273.9;314.28;553.85;7.55
guarda-corpos;media;3053.23;305.17;442;AL5754;lacagem;97;11464.71;1057.95;5051.08;13044.74;1086.98;5467.61;30.19
passarela;baixa;595.94;50.61;51;S235JR;sem_tratamento;23;869.43;300.0;200.0;930.39;311.19;236.96;7.57
passerelle;alta;4581.13;331.38;295;S355JR;galvanizacao;84;8332.87;1935.18;5812.69;8899.02;2123.87;7027.19;54.27
corrimao;media;3077.53;256.42;295;S235JR;pintura_liquida;90;4120.34;964.31;3937.81;7464.03;1952.55;7533.48;46.75
gradeamento;baixa;1511.26;128.39;117;S355JR;sem_tratamento;36;2448.78;300.0;200.0;2729.5;344.48;216.21;9.51
portao;baixa;1101.41;77.58;120;S235JR;sem_tratamento;27;1697.58;300.0;200.0;1855.71;320.48;236.9;8.4
pavilhao;alta;5361.41;217.75;334;S355JR;galvanizacao;103;10459.96;2148.4;6348.85;11085.32;2296.89;6554.17;54.82
passadico;baixa;1220.94;108.14;98;S355JR;sem_tratamento;29;2184.26;299.99;200.0;2314.98;307.62;244.48;8.13
cobertura;baixa;4720.97;541.32;620;AISI304;sem_tratamento;140;28144.36;1063.54;447.61;29376.56;1268.22;522.55;31.56
mezanino;media;1771.17;118.44;86;AL6060;lacagem;46;7188.76;449.82;2113.01;7583.57;487.96;2526.44;12.37
plataforma;alta;1008.33;77.8;80;AL5754;pintura_liquida;42;4193.86;345.58;1260.56;4568.91;384.15;1414.5;10.27
escadaria;baixa;1627.59;107.76;53;S235JR;sem_tratamento;33;2115.85;300.0;200.0;2621.36;350.8;221.78;9.49
guarda-corpos;media;5177.93;489.43;513;S355JR;pintura_liquida;109;8243.26;1607.43;7423.61;8071.43;1615.01;7931.08;45.81
passarela;baixa;1591.62;123.15;112;S235JR;lacagem;35;2471.88;312.26;1864.28;2117.66;279.46;1631.03;7.1
passerelle;alta;4558.44;380.39;194;S355JR;galvanizacao;96;7809.72;1515.77;5057.37;8473.9;1645.49;5502.69;40.95
corrimao;media;4350.31;381.37;175;S235JR;pintura_liquida;52;5839.66;1239.42;5869.16;6239.83;1252.33;5824.47;33.22
gradeamento;baixa;2198.2;179.85;228;S355JR;sem_tratamento;48;3392.77;463.31;206.44;3759.19;500.82;244.78;13.54
portao;baixa;1770.93;135.0;116;S355JR;sem_tratamento;39;3192.49;300.0;200.0;3479.29;312.38;228.19;8.71
pavilhao;alta;1805.96;90.01;213;AISI304;polimento;115;10935.82;643.51;1918.71;11186.18;709.62;1936.19;16.85
passadico;baixa;1016.89;108.56;135;AL6060;anodizacao;41;3744.15;300.0;1980.98;3820.33;330.47;2259.47;8.74
cobertura;baixa;2943.53;376.37;252;AL5754;anodizacao;102;13844.07;535.68;6293.86;15802.27;545.46;7096.1;15.13
mezanino;media;4155.12;208.06;216;S235JR;pintura_liquida;58;6354.86;1060.92;2820.09;6609.68;1226.91;3012.27;32.83
plataforma;alta;2745.53;167.78;217;S355JR;galvanizacao;54;5244.12;957.38;3283.32;5904.3;1071.51;3235.38;26.29
escadaria;baixa;1139.58;87.78;135;S235JR;lacagem;45;1502.09;300.0;1516.62;1597.51;322.24;1671.81;9.12
guarda-corpos;media;6110.44;553.53;522;S355JR;pintura_liquida;121;10392.01;2186.23;7573.23;12095.16;2271.21;8043.05;62.4
guarda-corpos;media;4955.21;543.61;564;AL5754;lacagem;92;18023.04;1550.46;9027.22;18804.28;1648.17;8863.17;40.5
passarela;baixa;2565.78;198.3;48;S235JR;sem_tratamento;43;3961.06;479.23;262.99;4311.68;516.77;299.9;14.02
passerelle;alta;6671.61;517.4;176;S355JR;galvanizacao;89;10939.65;2227.21;7301.4;14024.83;2676.63;10606.32;69.93
corrimao;media;5178.54;463.29;139;S235JR;pintura_liquida;50;7248.59;1289.59;6404.42;7915.95;1299.13;6496.69;36.05
gradeamento;baixa;1197.51;95.19;215;S355JR;sem_tratamento;51;1963.99;300.01;200.0;2228.37;330.82;200.39;9.27
portao;baixa;1026.68;83.47;25;S235JR;sem_tratamento;47;1611.97;300.0;200.0;1725.4;332.31;215.35;8.86
pavilhao;alta;11244.69;514.5;331;S355JR;galvanizacao;98;20645.95;4376.19;13171.54;19514.51;3676.57;10283.5;97.82
passadico;baixa;2299.31;201.51;73;S355JR;sem_tratamento;49;4107.47;386.74;251.59;4380.21;427.23;309.2;11.57
cobertura;baixa;1461.33;174.51;362;AISI304;sem_tratamento;95;8309.09;329.76;200.0;9221.41;360.64;224.46;9.68
mezanino;media;2504.09;141.02;153;AL6060;lacagem;56;9150.22;619.85;2384.36;9905.82;674.4;2653.39;18.45
plataforma;alta;1372.28;94.26;81;AL5754;pintura_liquida;57;5650.63;444.64;1490.41;6308.02;481.96;1818.77;11.71
escadaria;baixa;1107.33;82.49;65;S235JR;sem_tratamento;53;1573.62;300.0;200.0;1686.0;322.49;258.22;8.38
guarda-corpos;media;7243.94;727.64;639;S355JR;pintura_liquida;104;11321.76;2772.87;11830.59;12079.74;2868.63;14350.54;79.58
passarela;baixa;1089.2;77.86;106;S235JR;lacagem;55;1546.56;299.99;1161.95;1689.72;335.18;1127.56;9.24
passerelle;alta;4450.73;356.89;389;S355JR;galvanizacao;101;8069.98;1979.05;5272.08;9409.04;1954.33;5589.29;48.87
corrimao;media;5404.42;497.3;152;S235JR;pintura_liquida;62;7306.99;1400.86;7214.21;7683.87;1396.39;9220.94;37.41
gradeamento;baixa;1052.15;91.45;202;S355JR;sem_tratamento;63;1647.94;300.0;200.0;1951.73;314.3;223.98;8.58
portao;baixa;1347.88;103.78;98;S355JR;sem_tratamento;59;2533.79;300.01;200.0;2600.44;327.51;218.58;8.37
pavilhao;alta;4732.26;241.73;671;AISI304;polimento;150;27500.34;2238.55;5124.85;32205.21;2356.98;5414.38;59.55
passadico;baixa;642.38;73.26;71;AL6060;anodizacao;21;2524.13;300.0;1264.14;3388.92;372.16;1527.37;9.15
cobertura;baixa;1983.87;283.8;289;AL5754;anodizacao;107;9220.41;392.84;5573.78;10190.6;425.53;6423.57;11.52
mezanino;media;1588.01;85.5;69;S235JR;pintura_liquida;68;2248.07;419.61;1285.57;2439.74;466.91;1457.24;12.58
plataforma;alta;2432.12;159.12;110;S355JR;galvanizacao;69;4301.59;914.46;2825.51;4725.2;1033.14;2989.16;23.69
escadaria;baixa;6231.86;483.38;407;S235JR;lacagem;140;8621.32;1486.83;8737.36;8574.13;1664.53;10332.39;43.37
guarda-corpos;media;6692.13;525.78;496;S355JR;pintura_liquida;116;10472.0;2190.65;7795.77;10561.09;2234.02;8793.86;57.37
passarela;baixa;1030.35;90.17;134;S235JR;sem_tratamento;27;1453.57;299.99;200.0;2420.81;523.62;356.01;13.86
passerelle;alta;4128.12;282.53;325;S355JR;galvanizacao;58;7394.66;1555.28;4738.06;8530.93;1722.81;5911.08;41.55
corrimao;media;2921.84;217.28;202;S355JR;pintura_liquida;74;4272.99;728.75;2943.38;4562.11;861.27;3338.06;23.55
gradeamento;baixa;1445.13;171.88;66;AISI304;sem_tratamento;75;6779.6;299.99;200.0;6817.58;312.77;235.8;8.29
portao;baixa;716.46;76.19;102;AL6060;anodizacao;31;2960.84;299.99;1355.22;3242.31;312.73;1655.42;8.19
pavilhao;alta;5389.14;283.41;558;AL5754;pintura_liquida;122;24144.84;2229.96;4365.82;26752.62;2560.1;5075.83;66.38
passadico;baixa;1735.14;141.23;84;S235JR;sem_tratamento;33;2423.01;306.83;200.0;2625.5;334.19;211.29;8.57
cobertura;baixa;3981.37;353.45;414;S355JR;sem_tratamento;64;8454.33;948.2;389.31;8926.53;983.62;414.26;23.94
mezanino;media;2049.14;109.64;140;S235JR;pintura_liquida;80;3168.19;493.02;1699.67;3515.23;553.72;1737.35;14.7
plataforma;alta;1210.76;81.0;101;S355JR;galvanizacao;36;2262.83;429.54;1483.43;2408.36;493.28;1457.7;13.16
escadaria;baixa;2256.58;150.48;127;S235JR;sem_tratamento;37;2878.87;385.62;240.63;3042.25;464.41;262.41;10.49
guarda-corpos;media;10311.09;1046.95;507;S355JR;pintura_liquida;128;17067.66;3457.59;15102.49;22544.72;4403.8;16651.24;114.82
passarela;baixa;2272.38;196.79;143;S355JR;sem_tratamento;39;4143.22;417.33;249.95;4567.27;465.14;301.92;12.62
passerelle;alta;1311.24;139.31;138;AISI304;polimento;70;7012.23;484.06;2811.04;7637.57;514.31;3247.83;13.25
corrimao;media;2818.62;317.81;190;AL6060;lacagem;86;9547.26;822.88;5593.91;10283.76;852.84;5276.6;22.8
gradeamento;baixa;2121.58;237.04;83;AL5754;anodizacao;42;8179.88;391.71;4306.26;8778.48;419.4;4027.19;9.69
portao;baixa;518.3;39.76;140;S235JR;sem_tratamento;43;750.79;300.01;200.0;798.05;336.86;198.35;8.26
pavilhao;alta;4394.26;187.56;602;S355JR;galvanizacao;134;8642.71;1881.51;5102.29;9251.38;2129.35;4683.02;54.72
passadico;baixa;1379.68;100.01;38;S235JR;lacagem;45;2049.07;300.0;1774.62;2321.24;335.15;1902.31;9.38
cobertura;baixa;4060.83;455.41;103;S355JR;sem_tratamento;76;8651.54;684.26;413.33;8329.19;731.7;490.63;18.22
mezanino;media;1913.2;95.37;307;S235JR;pintura_liquida;92;2751.48;594.8;1273.97;3009.42;673.47;1330.38;18.58
plataforma;alta;2706.37;158.35;193;S355JR;galvanizacao;48;5254.36;924.13;3153.1;5472.2;1019.03;3690.33;24.1
escadaria;baixa;1231.7;95.54;127;S355JR;sem_tratamento;49;1867.19;300.0;200.0;2107.06;310.29;220.63;8.46
guarda-corpos;media;2913.28;336.86;434;AISI304;sem_tratamento;90;13833.23;928.27;279.24;15443.17;965.36;310.84;26.71
passarela;baixa;406.29;47.27;29;AL6060;anodizacao;51;1525.23;300.0;770.86;1647.41;320.03;855.92;7.91
passerelle;alta;1524.19;155.33;304;AL5754;pintura_liquida;82;6528.31;558.28;2074.86;6513.73;584.44;2189.16;14.9
corrimao;media;3960.47;369.84;159;S235JR;pintura_liquida;48;5214.82;1033.14;5880.62;5243.85;1101.71;5974.09;27.73
gradeamento;baixa;1997.81;168.55;139;S355JR;sem_tratamento;54;3257.57;378.68;206.38;3554.3;398.91;225.37;10.34
portao;baixa;986.45;72.93;124;S235JR;lacagem;55;1436.39;299.99;1183.96;1804.59;386.27;1446.18;10.46
pavilhao;alta;10639.59;432.19;239;S355JR;galvanizacao;81;20708.53;3835.66;12144.14;23103.51;4158.36;14411.5;105.17
passadico;baixa;2796.28;213.01;81;S235JR;sem_tratamento;57;3785.66;480.35;286.26;3794.86;510.68;302.41;13.52
cobertura;baixa;7243.19;827.34;432;S355JR;sem_tratamento;88;14246.56;1761.06;788.21;16073.83;1799.82;856.39;49.51
mezanino;media;3657.26;162.11;205;S355JR;pintura_liquida;54;6830.49;895.39;2247.84;7791.91;1009.63;2496.39;25.76
plataforma;alta;5623.77;423.04;678;AISI304;polimento;190;30395.24;2780.45;9632.31;33982.41;2913.73;11816.12;78.14
escadaria;baixa;551.75;45.52;87;AL6060;anodizacao;21;2002.73;300.01;800.99;1619.71;248.2;746.96;7.24
guarda-corpos;media;4973.34;501.96;230;AL5754;lacagem;87;20542.53;1374.57;7755.14;23805.38;1405.98;8347.06;39.47
passarela;baixa;2725.38;186.45;38;S235JR;sem_tratamento;23;3772.39;463.6;281.78;4348.21;528.55;325.18;13.64
passerelle;alta;5265.39;463.62;92;S355JR;galvanizacao;94;9310.2;1789.82;6799.55;10009.81;1887.06;6421.08;44.98
corrimao;media;2158.67;156.08;130;S235JR;pintura_liquida;60;2776.59;552.49;2130.97;2858.17;603.87;2717.37;15.91
gradeamento;baixa;2978.33;277.41;45;S355JR;sem_tratamento;66;4645.6;557.65;287.4;5062.81;615.74;331.69;15.83
gradeamento;baixa;695.76;79.4;216;AL5754;anodizacao;57;2639.44;300.0;1327.83;2808.15;327.51;1346.44;8.23
portao;baixa;1255.8;106.12;159;S235JR;sem_tratamento;23;1920.54;300.0;200.0;2194.72;308.69;214.0;8.31
pavilhao;alta;9610.23;351.45;614;S355JR;galvanizacao;129;19309.94;4298.99;12462.04;22571.64;4673.51;13562.14;115.91
passadico;baixa;2588.24;207.77;94;S235JR;lacagem;25;3526.64;450.47;3114.24;3800.25;490.69;3253.88;12.61
cobertura;baixa;6765.24;628.08;431;S355JR;sem_tratamento;81;14032.76;1595.56;732.03;17482.73;2078.94;865.05;54.6
mezanino;media;4473.19;194.82;256;S235JR;pintura_liquida;52;6407.57;1257.09;2739.75;6900.2;1270.52;2858.54;34.85
plataforma;alta;2343.71;151.29;83;S355JR;galvanizacao;63;4452.96;719.98;2600.66;4620.14;828.94;2967.75;20.84
escadaria;baixa;1333.74;98.62;31;S355JR;sem_tratamento;29;2285.33;300.01;200.0;3749.25;579.62;383.88;15.57
guarda-corpos;media;3491.01;426.44;206;AISI304;sem_tratamento;135;18769.09;954.51;363.28;20564.72;954.22;342.31;27.03
passarela;baixa;1632.83;156.89;143;AL6060;anodizacao;31;6250.35;300.0;3007.53;6836.06;330.31;3104.31;8.23
passerelle;alta;1437.09;167.9;401;AL5754;pintura_liquida;87;5554.29;553.25;2531.21;5911.98;639.84;3118.65;14.79
corrimao;media;3787.43;321.31;65;S235JR;pintura_liquida;58;4641.0;946.57;4797.24;5136.09;1069.49;5299.98;29.58
gradeamento;baixa;1512.63;126.29;113;S355JR;sem_tratamento;69;2378.22;300.0;200.0;2360.9;297.09;169.31;7.07
portao;baixa;1961.84;132.26;87;S235JR;lacagem;35;3109.05;367.54;2398.56;3264.48;378.79;2700.34;10.06
pavilhao;alta;6448.79;234.58;395;S355JR;galvanizacao;76;12265.83;2492.38;7568.61;12015.09;2594.63;7880.39;59.48
passadico;baixa;1763.93;148.64;114;S235JR;sem_tratamento;37;2467.56;326.17;200.0;2830.9;336.93;205.65;8.87
cobertura;baixa;3668.74;358.49;256;S355JR;sem_tratamento;93;7671.52;738.69;338.35;8370.23;743.4;400.92;19.7
mezanino;media;3035.41;153.01;300;S355JR;pintura_liquida;64;5277.88;801.57;2437.76;5736.55;857.6;2587.14;22.54
plataforma;alta;932.97;59.2;137;AISI304;polimento;75;5242.3;315.04;1269.52;5529.25;331.65;1343.63;8.58
escadaria;baixa;1099.45;104.28;79;AL6060;anodizacao;41;4016.36;300.0;1981.08;4302.26;327.8;2139.77;8.94
guarda-corpos;media;4228.42;521.86;540;AL5754;lacagem;82;16175.33;1370.5;8469.21;17035.43;1603.58;9572.73;45.37
passarela;baixa;1854.96;128.5;29;S235JR;sem_tratamento;43;2667.17;300.0;201.46;3387.07;364.37;234.7;9.94
passerelle;alta;5119.72;463.24;162;S355JR;galvanizacao;99;8845.09;1918.76;6437.24;9872.1;1906.39;7711.3;49.17
corrimao;media;8450.64;714.49;251;S235JR;pintura_liquida;90;10449.68;2232.74;9896.57;11535.27;2201.87;12436.31;61.94
gradeamento;baixa;1603.58;122.81;163;S355JR;sem_tratamento;36;2555.03;301.41;200.0;2716.81;292.87;204.52;8.52
portao;baixa;1606.76;128.85;108;S235JR;sem_tratamento;47;2541.18;300.0;200.0;2658.17;323.52;212.0;7.63
pavilhao;alta;4251.9;148.61;562;S355JR;galvanizacao;88;7696.09;2102.35;5144.37;7994.31;2248.22;6095.79;56.21
passadico;baixa;749.61;66.04;21;S355JR;sem_tratamento;49;1296.18;300.0;200.0;1390.2;311.37;230.48;8.62
cobertura;baixa;1155.25;151.59;248;AISI304;sem_tratamento;105;6659.89;300.0;200.0;7202.96;316.07;209.82;8.67
mezanino;media;874.86;56.83;309;AL6060;lacagem;76;3307.7;300.0;1013.82;3785.4;343.01;1019.9;9.45
plataforma;alta;1661.73;127.27;117;AL5754;pintura_liquida;42;7602.9;524.49;2067.86;8058.5;578.67;2605.5;13.62
escadaria;baixa;1269.99;86.43;90;S235JR;sem_tratamento;53;1807.08;300.0;200.0;2000.06;337.71;200.51;9.14
guarda-corpos;media;10489.16;876.25;256;S355JR;pintura_liquida;94;18184.4;2968.6;13330.59;20653.28;3052.46;14093.05;86.03
passarela;baixa;981.67;89.51;30;S235JR;lacagem;55;1405.55;300.01;1602.57;1509.31;325.01;1624.01;8.75
passerelle;alta;3268.16;266.23;205;S355JR;galvanizacao;56;5421.94;1255.15;3764.74;6381.08;1228.15;3990.0;31.71
corrimao;media;2205.74;209.67;226;S235JR;pintura_liquida;82;2749.76;632.98;2845.42;2936.21;663.02;3187.02;18.3
gradeamento;baixa;3087.2;304.39;230;S355JR;sem_tratamento;48;4794.4;597.94;337.68;5603.58;583.44;389.32;14.98
portao;baixa;1643.27;138.67;39;S355JR;sem_tratamento;59;3114.58;300.01;200.0;3265.83;344.91;184.55;8.91
pavilhao;alta;6992.82;314.41;493;AISI304;polimento;180;33385.03;2361.57;5415.75;43845.57;3052.99;6871.89;73.36
passadico;baixa;452.7;53.44;71;AL6060;anodizacao;21;1703.76;299.99;995.26;1838.18;321.05;1152.65;8.48
cobertura;baixa;3385.8;402.95;123;AL5754;anodizacao;62;15232.82;641.7;7312.68;16137.5;660.92;6796.82;18.23
mezanino;media;3539.41;199.59;306;S235JR;pintura_liquida;88;5513.17;933.15;2833.92;5892.1;1040.04;3219.7;27.75
plataforma;alta;2778.47;185.13;54;S355JR;galvanizacao;54;5132.0;930.47;3238.58;5624.33;1040.66;3866.89;25.13
escadaria;baixa;2396.01;160.57;119;S235JR;lacagem;25;3168.2;440.19;2887.49;3449.72;493.09;2915.37;12.07
guarda-corpos;media;4281.29;421.17;425;S355JR;pintura_liquida;106;7438.77;1323.98;6428.85;8414.34;1449.06;6343.72;40.51
passarela;baixa;2179.15;198.04;139;S235JR;sem_tratamento;27;3272.97;396.71;214.44;3779.04;430.68;291.84;11.56
passerelle;alta;2978.99;237.62;286;S355JR;galvanizacao;68;5294.08;1090.19;3470.05;5859.39;1185.8;3815.51;30.83
corrimao;media;4421.14;431.18;177;S355JR;pintura_liquida;94;6679.23;1126.98;6030.97;6640.71;1133.77;6063.21;30.82
gradeamento;baixa;3725.86;351.47;623;AISI304;sem_tratamento;115;17748.8;913.23;343.89;30206.57;1828.43;576.19;41.63
portao;baixa;225.65;20.34;140;AL6060;anodizacao;31;923.56;300.0;367.13;1014.35;329.16;391.55;7.29
pavilhao;alta;3446.88;195.8;627;AL5754;pintura_liquida;112;14575.68;1671.85;2954.11;16582.12;1743.31;3152.31;46.28
passadico;baixa;1266.48;107.99;78;S235JR;sem_tratamento;33;1710.88;300.0;200.0;1817.69;293.21;217.43;7.73
cobertura;baixa;2553.29;264.1;462;S355JR;sem_tratamento;74;4992.32;632.94;230.0;5449.95;678.87;262.12;17.4
mezanino;media;3982.2;209.8;241;S235JR;pintura_liquida;50;5738.84;1195.88;2884.88;6264.78;1400.34;3083.03;38.17
plataforma;alta;2170.83;111.03;65;S355JR;galvanizacao;66;4225.51;785.6;2451.15;4524.11;857.51;2632.32;20.56
escadaria;baixa;1304.58;89.89;157;S235JR;sem_tratamento;37;1869.17;299.99;200.0;2262.14;365.51;276.28;9.38
guarda-corpos;media;9965.94;976.81;577;S355JR;pintura_liquida;118;15549.39;3455.13;14313.27;17408.62;3855.64;17225.04;98.23
passarela;baixa;737.95;59.97;125;S355JR;sem_tratamento;39;1299.81;299.99;200.0;1384.07;335.69;243.56;8.5
passerelle;alta;1605.66;137.73;177;AISI304;polimento;80;8872.61;626.74;3039.86;9430.08;671.86;2945.81;17.17
corrimao;media;2871.64;276.28;102;AL6060;lacagem;56;9975.99;751.94;4655.62;10601.91;813.08;6108.94;18.25
gradeamento;baixa;911.8;118.54;201;AL5754;anodizacao;72;3368.1;300.0;2078.57;3704.96;335.37;2333.7;8.59
portao;baixa;866.26;67.7;50;S235JR;sem_tratamento;43;1277.5;300.01;200.0;1459.94;333.9;198.41;8.87
pavilhao;alta;8095.73;336.52;598;S355JR;galvanizacao;124;16332.96;4153.35;9380.03;18575.95;4014.14;10130.56;102.26
passadico;baixa;1578.29;112.34;110;S235JR;lacagem;45;2241.45;299.99;1793.42;2456.9;312.72;2162.14;8.34
cobertura;baixa;3833.23;365.27;113;S355JR;sem_tratamento;86;7471.48;716.96;406.93;8561.52;763.81;418.5;20.47
cobertura;baixa;2720.18;378.32;211;AL5754;anodizacao;67;12056.16;522.62;6550.73;12941.21;544.94;7827.65;15.03
mezanino;media;3057.96;157.85;98;S235JR;pintura_liquida;48;4720.41;720.63;2247.03;5398.54;751.0;2250.4;18.81
plataforma;alta;2876.54;164.25;67;S355JR;galvanizacao;69;5436.35;893.71;3425.06;5943.58;933.11;3494.35;23.63
escadaria;baixa;1821.89;135.29;138;S235JR;lacagem;45;2555.66;359.57;2321.21;2770.87;375.79;2614.43;10.87
guarda-corpos;media;8676.94;886.42;195;S355JR;pintura_liquida;101;14417.7;2126.35;13261.54;14216.85;2403.13;12278.99;63.64
passarela;baixa;2498.22;181.85;30;S235JR;sem_tratamento;47;3510.68;414.94;267.04;3808.77;464.04;272.49;12.62
passerelle;alta;5478.37;428.77;362;S355JR;galvanizacao;73;9340.06;2401.38;6239.55;11645.4;2795.29;7412.0;69.12
corrimao;media;2839.59;273.93;292;S355JR;pintura_liquida;54;4492.84;767.99;4007.25;4774.95;824.78;4471.11;23.11
gradeamento;baixa;535.85;54.27;187;AISI304;sem_tratamento;75;2794.67;300.0;200.0;3001.66;327.74;193.4;9.56
portao;baixa;300.25;33.6;47;AL6060;anodizacao;51;1183.34;300.0;639.06;1265.02;323.76;585.56;8.86
pavilhao;alta;2243.18;102.26;412;AL5754;pintura_liquida;107;10013.33;904.41;1629.59;10746.88;976.4;1819.56;21.76
passadico;baixa;1616.41;142.65;59;S235JR;sem_tratamento;53;2465.42;300.0;200.0;2716.86;327.3;209.38;7.87
cobertura;baixa;3348.48;367.33;225;S355JR;sem_tratamento;79;6653.32;676.83;363.16;6880.46;819.0;432.34;19.91
mezanino;media;4263.21;241.15;153;S235JR;pintura_liquida;60;6679.04;1132.15;3475.99;7090.56;1237.6;3710.62;32.03
plataforma;alta;3358.02;221.97;206;S355JR;galvanizacao;36;6359.05;1235.28;4113.79;6582.66;1244.76;4658.73;30.76
escadaria;baixa;2057.06;153.45;153;S235JR;sem_tratamento;57;2707.93;390.31;222.5;2968.91;409.23;205.74;10.43
guarda-corpos;media;10597.51;1031.42;585;S355JR;pintura_liquida;113;17306.96;3290.39;15823.82;17926.84;3710.21;15353.04;96.27
passarela;baixa;1745.24;138.75;91;S355JR;sem_tratamento;59;3097.67;323.02;200.0;3115.58;351.14;240.5;9.38
passerelle;alta;6037.42;503.81;890;AISI304;polimento;170;31875.55;3398.86;11451.56;27073.88;3048.62;8795.22;83.83
corrimao;media;959.18;115.89;281;AL6060;lacagem;66;3276.73;300.0;1931.86;3657.9;301.45;2462.62;7.41
gradeamento;baixa;871.52;87.44;64;AL5754;anodizacao;42;3308.31;300.0;1483.47;3501.06;316.88;1673.23;9.07
portao;baixa;1102.31;76.79;144;S235JR;sem_tratamento;23;1601.86;299.99;200.0;1752.52;331.8;217.03;8.46
pavilhao;alta;4918.26;188.63;417;S355JR;galvanizacao;119;9961.83;2092.28;5990.93;11567.24;2232.17;7226.93;58.82
passadico;baixa;10051.14;721.14;375;S235JR;lacagem;115;15251.87;2356.02;11807.53;19719.05;2986.73;13912.78;76.66
cobertura;baixa;5407.57;595.79;286;S355JR;sem_tratamento;91;10145.49;1075.81;511.15;10651.53;1086.13;620.29;29.36
mezanino;media;2662.25;141.92;62;S235JR;pintura_liquida;72;4091.43;641.2;2051.54;4454.81;654.15;2481.53;18.11
plataforma;alta;3870.93;256.78;212;S355JR;galvanizacao;48;6894.5;1332.12;4229.35;7714.8;1334.42;5171.52;31.58
escadaria;baixa;2023.59;126.66;115;S355JR;sem_tratamento;29;3315.65;369.63;206.16;3609.67;387.23;200.94;10.18
guarda-corpos;media;3359.9;401.19;567;AISI304;sem_tratamento;125;17198.05;1096.46;335.48;18381.55;1087.15;374.63;30.06
passarela;baixa;1510.93;177.16;133;AL6060;anodizacao;31;5443.51;300.01;3015.68;5897.94;337.37;3350.83;7.89
passerelle;alta;2508.24;260.87;185;AL5754;pintura_liquida;97;10610.55;879.34;4049.36;19778.83;1546.93;7885.94;39.92
corrimao;media;3507.67;257.61;236;S235JR;pintura_liquida;78;4875.03;1047.12;3976.69;5458.0;1120.03;3780.53;30.29
gradeamento;baixa;1345.73;128.13;44;S355JR;sem_tratamento;54;2306.21;299.99;200.0;2581.13;292.97;196.12;7.64
portao;baixa;1707.76;147.09;118;S235JR;lacagem;35;2736.46;331.16;2556.94;2943.95;358.48;3085.98;10.3
pavilhao;alta;6033.5;267.51;587;S355JR;galvanizacao;131;10874.21;2699.28;7654.96;11610.06;2840.71;8072.96;70.47
passadico;baixa;2717.36;231.64;144;S235JR;sem_tratamento;37;4148.33;514.55;270.84;4603.66;550.89;321.99;14.38
cobertura;baixa;3287.5;327.83;296;S355JR;sem_tratamento;103;6423.05;709.26;306.84;6961.15;714.71;329.61;19.26
mezanino;media;5468.05;312.65;126;S355JR;pintura_liquida;84;10063.32;1339.76;4221.58;10808.4;1390.85;4233.98;38.34
plataforma;alta;689.54;42.94;173;AISI304;polimento;60;4021.38;299.99;986.22;4314.85;330.14;1233.9;8.03
escadaria;baixa;803.69;78.93;56;AL6060;anodizacao;41;2952.02;300.01;1307.3;3009.11;321.55;1514.67;8.23
guarda-corpos;media;4803.29;552.55;367;AL5754;lacagem;137;18226.22;1360.7;9263.82;22227.28;1793.69;12137.23;46.06
passarela;baixa;642.06;44.12;110;S235JR;sem_tratamento;43;900.26;299.99;200.0;940.12;334.34;225.9;8.81
passerelle;alta;3572.54;289.0;449;S355JR;galvanizacao;109;6502.17;1560.74;4478.15;7108.52;1680.47;4998.22;38.74
corrimao;media;2094.33;153.19;108;S235JR;pintura_liquida;90;2714.05;523.24;2230.65;3018.7;615.07;2490.21;15.45
gradeamento;baixa;1590.33;136.4;227;S355JR;sem_tratamento;66;2700.53;333.1;200.0;2826.61;350.56;232.92;9.48
portao;baixa;2069.42;173.56;153;S235JR;sem_tratamento;47;3196.06;416.08;218.1;3715.28;490.71;215.01;11.97
pavilhao;alta;6472.26;287.55;569;S355JR;galvanizacao;78;12405.09;3192.27;7478.74;13581.61;3163.61;8059.59;80.15
passadico;baixa;2294.85;183.42;118;S355JR;sem_tratamento;49;3697.15;434.72;225.42;3850.58;501.79;287.79;12.58
cobertura;baixa;4581.0;564.76;403;AISI304;sem_tratamento;140;29021.01;1037.12;470.96;32311.37;1051.25;514.03;27.1
mezanino;media;2481.72;167.35;321;AL6060;lacagem;46;9838.98;708.76;2742.04;10432.84;763.84;3253.57;17.71
plataforma;alta;1108.01;98.46;161;AL5754;pintura_liquida;72;5133.14;371.35;1416.13;5330.87;398.82;1393.03;11.09
escadaria;baixa;1557.89;103.06;34;S235JR;sem_tratamento;53;2250.16;300.0;200.0;2463.33;323.49;242.54;8.26
guarda-corpos;media;11059.64;859.01;468;S355JR;pintura_liquida;84;17886.41;3201.2;11529.19;19471.34;3637.62;12307.28;97.14
passarela;baixa;1482.45;105.0;131;S235JR;lacagem;55;2035.03;299.99;1592.64;2110.28;331.47;1885.09;8.77
passerelle;alta;6501.98;457.7;162;S355JR;galvanizacao;66;11026.0;2120.73;8221.87;12915.33;2092.17;9289.52;54.3
corrimao;media;5715.42;432.12;276;S235JR;pintura_liquida;52;7238.96;1732.73;6413.46;8080.3;1686.93;6775.64;47.61
gradeamento;baixa;2844.56;251.26;61;S355JR;sem_tratamento;78;4811.44;526.58;296.49;5110.27;582.58;283.77;14.72
portao;baixa;2336.54;182.66;79;S355JR;sem_tratamento;59;3976.39;379.36;212.64;5157.95;483.39;291.89;12.42
pavilhao;alta;4535.42;241.85;663;AISI304;polimento;120;26144.46;2167.16;5039.12;29369.65;2399.37;6609.38;57.37
passadico;baixa;581.19;64.78;90;AL6060;anodizacao;21;2121.92;300.0;1199.79;2343.43;298.51;1246.6;7.78
cobertura;baixa;3573.56;413.76;461;AL5754;anodizacao;72;17251.98;861.53;7054.65;18331.64;911.7;6553.45;24.92
mezanino;media;4760.69;263.25;204;S235JR;pintura_liquida;58;7307.72;1285.31;4266.57;7831.26;1355.86;4098.92;34.65
plataforma;alta;2053.06;120.28;127;S355JR;galvanizacao;39;3694.58;725.55;2402.46;4200.13;800.27;2532.82;19.29
escadaria;baixa;2176.78;159.61;152;S235JR;lacagem;25;3048.19;412.79;2455.18;3349.8;430.12;2433.96;11.75
guarda-corpos;media;11044.45;1035.96;520;S355JR;pintura_liquida;96;19118.02;3532.93;16490.98;19997.33;4390.05;18153.04;106.89
guarda-corpos;media;2200.32;228.02;532;AL5754;lacagem;132;8490.7;718.75;4008.82;9146.01;814.7;4918.98;19.94
passarela;baixa;912.67;72.44;129;S235JR;sem_tratamento;23;1271.78;299.99;200.0;1433.72;307.35;183.16;7.9
passerelle;alta;6217.18;450.6;236;S355JR;galvanizacao;59;11222.15;2194.22;7805.85;12556.42;2168.67;8886.46;55.08
corrimao;media;5632.62;479.43;102;S235JR;pintura_liquida;50;7248.45;1482.68;6875.39;8024.85;1609.95;7526.03;41.81
gradeamento;baixa;2846.07;269.07;116;S355JR;sem_tratamento;36;4698.17;483.43;265.27;5159.95;522.54;271.59;13.38
portao;baixa;1543.11;131.29;18;S235JR;sem_tratamento;27;2471.55;300.01;200.0;2747.5;304.27;232.78;8.04
pavilhao;alta;11747.18;520.67;376;S355JR;galvanizacao;138;23261.51;4903.14;12864.48;25502.53;4936.59;15837.0;129.1
passadico;baixa;2255.58;168.9;33;S355JR;sem_tratamento;29;3784.3;357.37;238.86;4103.78;413.0;296.24;11.17
cobertura;baixa;2433.24;259.34;131;AISI304;sem_tratamento;65;14724.63;404.54;236.52;18886.37;576.05;280.17;14.17
mezanino;media;2691.71;161.71;270;AL6060;lacagem;56;10282.77;769.22;2770.07;11275.42;828.6;3425.27;19.11
plataforma;alta;747.04;52.47;85;AL5754;pintura_liquida;42;3353.89;299.99;799.34;3669.79;342.75;946.7;8.2
escadaria;baixa;2237.6;146.16;22;S235JR;sem_tratamento;33;3160.0;385.63;230.77;3185.97;420.84;265.47;11.25
guarda-corpos;media;5665.39;444.49;253;S355JR;pintura_liquida;79;9689.26;1483.78;6208.51;18342.47;2675.23;11603.71;68.06
passarela;baixa;1072.89;79.03;126;S235JR;lacagem;35;1528.19;300.01;1276.0;1533.89;334.61;1254.73;9.33
passerelle;alta;7883.79;687.77;305;S355JR;galvanizacao;71;12891.78;3202.92;10342.12;14266.91;3181.93;9725.3;76.52
corrimao;media;2516.81;199.89;176;S235JR;pintura_liquida;62;3171.75;612.73;3035.86;3499.71;673.75;3951.81;17.4
gradeamento;baixa;1877.07;145.39;89;S355JR;sem_tratamento;48;3261.08;338.41;200.0;3536.88;334.46;247.4;9.06
portao;baixa;1390.59;100.31;26;S355JR;sem_tratamento;39;2610.99;300.0;200.0;2708.08;317.01;179.7;8.77
pavilhao;alta;3384.76;152.78;527;AISI304;polimento;85;19698.26;1564.11;3222.77;20910.93;1726.83;3522.62;43.96
passadico;baixa;647.01;75.0;94;AL6060;anodizacao;41;2332.74;299.99;1402.09;2450.84;347.86;1313.31;9.24
cobertura;baixa;4096.33;489.17;310;AL5754;anodizacao;77;18336.54;873.36;9247.15;20878.39;923.74;10755.01;24.86
mezanino;media;3370.87;153.61;280;S235JR;pintura_liquida;68;5029.46;1009.17;2361.85;5519.0;978.04;2515.72;26.42
plataforma;alta;1268.27;85.05;161;S355JR;galvanizacao;54;2480.17;442.14;1646.88;2713.33;495.03;1858.12;11.62
escadaria;baixa;6871.26;430.16;588;S235JR;lacagem;140;9269.59;1813.51;6885.15;10276.74;2076.39;7789.28;58.34
guarda-corpos;media;11825.44;949.63;543;S355JR;pintura_liquida;91;20746.53;4047.91;14686.24;18706.97;3461.94;11826.56;94.35
passarela;baixa;2651.84;240.97;120;S235JR;sem_tratamento;47;4154.98;512.02;245.51;4982.86;632.62;310.05;15.36
passerelle;alta;3758.2;292.2;270;S355JR;galvanizacao;83;6293.49;1579.03;4615.83;6989.54;1604.73;5315.63;43.08
corrimao;media;2203.95;170.54;161;S355JR;pintura_liquida;74;3603.49;561.99;2650.96;3886.72;611.07;2966.59;17.18
gradeamento;baixa;1491.4;171.02;186;AISI304;sem_tratamento;60;7313.45;300.0;200.0;7904.6;326.12;182.96;8.66
portao;baixa;1045.81;100.16;52;AL6060;anodizacao;51;4056.02;299.99;1728.6;4307.88;326.94;2366.41;9.91
pavilhao;alta;5927.33;330.84;153;AL5754;pintura_liquida;97;27414.06;1927.47;5270.23;28851.67;2115.27;6158.31;57.22
passadico;baixa;2853.58;248.33;131;S235JR;sem_tratamento;53;4023.55;475.63;270.7;4206.25;533.61;316.48;14.24
cobertura;baixa;3671.42;318.76;110;S355JR;sem_tratamento;89;6871.47;664.77;357.98;7214.51;702.13;360.91;18.09
mezanino;media;4908.29;274.15;227;S235JR;pintura_liquida;80;6943.56;1296.73;4216.7;7256.09;1445.74;5280.41;40.65
plataforma;alta;1011.75;61.47;44;S355JR;galvanizacao;66;1928.55;333.78;1282.45;2056.43;367.46;1321.57;9.68
escadaria;baixa;750.51;57.43;87;S235JR;sem_tratamento;57;1049.53;300.0;200.0;1113.85;325.39;208.37;8.32
guarda-corpos;media;5914.82;494.19;443;S355JR;pintura_liquida;103;10552.24;1789.96;7079.92;11348.98;1923.4;7602.88;50.74
passarela;baixa;1742.58;152.81;94;S355JR;sem_tratamento;59;3114.24;309.11;200.0;3320.09;339.6;254.42;8.75
passerelle;alta;4950.95;486.6;411;AISI304;polimento;200;27081.07;2083.01;10473.58;28270.6;2185.21;11701.0;58.17
corrimao;media;1224.56;153.07;337;AL6060;lacagem;86;4373.99;378.13;2710.12;4697.41;418.87;2580.94;10.47
gradeamento;baixa;683.24;73.47;176;AL5754;anodizacao;72;2450.87;300.0;1314.87;2620.7;312.27;1631.99;8.5
portao;baixa;937.72;68.97;139;S235JR;sem_tratamento;23;1507.98;300.0;200.0;1700.69;325.63;234.58;8.87
pavilhao;alta;8674.38;367.84;333;S355JR;galvanizacao;109;16607.74;3212.76;11441.56;19931.43;3712.27;13450.67;97.19
passadico;baixa;1861.79;167.24;121;S235JR;lacagem;25;2798.43;329.25;2682.17;3044.43;348.23;3234.33;10.2
cobertura;baixa;2505.0;229.2;143;S355JR;sem_tratamento;101;5323.61;444.65;233.78;5964.77;500.19;253.44;13.42
mezanino;media;1838.02;102.06;260;S235JR;pintura_liquida;92;2810.73;523.42;1604.38;2912.6;591.06;1479.07;15.15
plataforma;alta;2307.97;141.12;213;S355JR;galvanizacao;78;4556.49;801.59;2553.59;4975.2;851.52;3001.88;20.31
escadaria;baixa;2005.71;130.17;125;S355JR;sem_tratamento;29;3204.39;383.51;200.0;3424.26;372.92;263.52;9.89
guarda-corpos;media;3431.2;322.51;440;AISI304;sem_tratamento;90;16848.64;1032.66;333.67;17917.69;1073.2;351.37;30.69
passarela;baixa;1622.8;168.74;50;AL6060;anodizacao;31;6315.05;300.01;2886.8;6876.11;311.61;3344.83;7.81
passerelle;alta;3684.94;348.81;261;AL5754;pintura_liquida;107;15442.42;1359.12;5525.73;17009.45;1410.94;6696.15;41.52
corrimao;media;1999.44;155.21;91;S235JR;pintura_liquida;48;2728.66;512.05;2201.63;2980.19;542.09;2303.52;15.07
gradeamento;baixa;1270.79;118.58;194;S355JR;sem_tratamento;39;2182.42;300.0;200.0;2332.68;318.31;228.58;7.83
portao;baixa;2349.04;185.21;95;S235JR;lacagem;35;3412.84;392.7;3107.75;6059.4;684.04;5513.29;16.69
pavilhao;alta;10538.19;397.05;179;S355JR;galvanizacao;121;20046.21;3654.9;13470.48;22178.24;3779.24;14544.38;95.79
passadico;baixa;2793.48;217.14;106;S235JR;sem_tratamento;37;3765.27;503.39;278.29;4145.88;509.49;291.77;14.25
cobertura;baixa;6553.27;605.98;218;S355JR;sem_tratamento;58;13638.45;1159.43;609.92;14365.78;1325.26;606.86;31.25
mezanino;media;5289.89;277.79;186;S355JR;pintura_liquida;54;9943.81;1412.33;4186.03;10811.95;1449.08;4392.56;39.08
plataforma;alta;756.35;49.92;139;AISI304;polimento;45;4214.76;299.99;1027.15;4199.59;301.11;1134.56;8.31
escadaria;baixa;645.48;50.04;16;AL6060;anodizacao;41;2213.95;300.0;891.65;2791.04;352.21;1117.08;8.48
guarda-corpos;media;4644.1;612.87;640;AL5754;lacagem;127;18220.57;1532.6;10573.62;18746.9;1624.49;10329.38;45.22
passarela;baixa;1228.93;90.96;24;S235JR;sem_tratamento;43;1796.32;300.0;200.0;1855.8;301.17;251.62;7.99
passerelle;alta;6198.25;554.05;295;S355JR;galvanizacao;64;10298.72;2409.66;6883.67;10631.8;2775.18;8352.73;64.59
corrimao;media;4161.58;347.04;335;S235JR;pintura_liquida;60;5107.21;1304.52;5078.1;5897.35;1439.83;6137.77;38.58
gradeamento;baixa;3292.14;275.85;117;S355JR;sem_tratamento;51;5063.22;612.18;323.7;5696.02;640.11;369.91;16.54
gradeamento;baixa;1184.15;118.97;214;AL5754;anodizacao;42;4376.25;300.0;2099.09;4777.84;320.9;2252.0;9.05
portao;baixa;1680.62;140.51;151;S235JR;sem_tratamento;43;2606.9;326.57;200.0;2923.09;354.06;234.1;9.14
pavilhao;alta;11304.0;464.91;624;S355JR;galvanizacao;104;22792.77;5415.47;13460.54;26034.23;5780.51;15882.47;137.09
passadico;baixa;1507.43;104.94;29;S235JR;lacagem;45;2237.41;299.99;1598.52;2394.31;329.84;1648.81;8.51
cobertura;baixa;6893.23;665.7;110;S355JR;sem_tratamento;106;12813.75;1282.51;641.89;13248.0;1303.98;753.73;35.81
mezanino;media;2294.01;98.77;211;S235JR;pintura_liquida;52;3381.98;564.97;1409.72;3811.38;628.44;1535.58;16.19
plataforma;alta;1307.55;82.02;188;S355JR;galvanizacao;48;2614.18;495.1;1631.14;2865.09;522.69;1815.51;13.64
escadaria;baixa;1903.48;145.62;140;S355JR;sem_tratamento;49;3010.35;353.18;200.0;3324.61;383.65;227.74;10.59
guarda-corpos;media;2893.42;267.64;561;AISI304;sem_tratamento;110;14576.42;985.75;304.97;16047.33;966.17;339.53;27.52
passarela;baixa;752.85;80.56;46;AL6060;anodizacao;51;2832.07;300.0;1481.68;3096.88;318.31;1692.12;8.84
passerelle;alta;3661.61;408.69;313;AL5754;pintura_liquida;57;14075.91;1470.09;6506.86;17536.74;1882.28;8120.94;46.65
corrimao;media;5758.77;454.29;192;S235JR;pintura_liquida;58;7536.58;1592.92;6484.14;7847.48;1518.12;7825.58;44.33
gradeamento;baixa;3857.39;349.96;158;S355JR;sem_tratamento;54;6512.09;658.83;383.59;6864.22;760.08;385.1;19.48
portao;baixa;1182.93;100.72;162;S235JR;lacagem;55;1776.56;300.01;1764.96;1896.26;312.99;2030.16;8.83
pavilhao;alta;5731.37;214.03;340;S355JR;galvanizacao;116;11136.34;2217.68;6247.87;11981.08;2690.29;7268.92;57.65
passadico;baixa;834.79;74.54;98;S235JR;sem_tratamento;57;1148.84;300.0;200.0;1232.76;308.86;229.81;7.52
cobertura;baixa;7241.83;676.28;361;S355JR;sem_tratamento;63;15050.24;1517.33;704.62;17082.27;1731.83;745.69;47.81
mezanino;media;4050.16;198.29;152;S355JR;pintura_liquida;64;7815.18;1078.33;2770.02;8783.59;1158.43;3269.26;31.58
plataforma;alta;6806.1;502.49;497;AISI304;polimento;190;30815.64;2521.13;7739.62;32324.63;2760.5;8276.69;70.12
escadaria;baixa;447.37;37.35;18;AL6060;anodizacao;21;1540.99;300.0;704.07;1730.53;314.07;825.32;7.56
guarda-corpos;media;2374.69;268.97;348;AL5754;lacagem;122;9223.54;697.34;4586.6;9738.28;770.46;4973.61;20.95
passarela;baixa;1486.94;106.06;85;S235JR;sem_tratamento;23;2130.28;300.0;200.0;2287.75;334.01;249.63;8.71
passerelle;alta;5192.74;404.38;267;S355JR;galvanizacao;69;9450.85;2194.06;5740.37;10021.6;2295.51;6238.07;62.62
corrimao;media;9943.76;854.32;285;S235JR;pintura_liquida;90;12750.11;3030.57;12906.46;14418.62;3401.78;15349.6;93.43
gradeamento;baixa;3066.93;299.0;186;S355JR;sem_tratamento;66;5108.53;642.94;323.33;5785.78;668.51;359.29;18.2
portao;baixa;533.63;41.65;134;S235JR;sem_tratamento;27;801.58;300.0;200.0;846.99;313.49;233.86;8.91
pavilhao;alta;11865.3;525.52;353;S355JR;galvanizacao;128;22022.79;4470.13;15114.32;23015.75;4911.53;16170.34;127.74
passadico;baixa;768.45;68.27;90;S355JR;sem_tratamento;29;1379.29;300.0;200.0;1725.75;350.52;231.88;9.38
cobertura;baixa;3417.1;379.7;217;AISI304;sem_tratamento;75;19847.26;603.73;329.65;20772.26;668.05;380.45;17.64
mezanino;media;1664.45;100.86;181;AL6060;lacagem;76;6721.7;407.74;1520.45;7055.07;404.86;1744.83;10.71
plataforma;alta;1724.39;122.65;161;AL5754;pintura_liquida;72;8035.13;593.02;1766.76;7185.33;493.27;1759.08;12.64
escadaria;baixa;1442.42;91.12;92;S235JR;sem_tratamento;33;1995.78;300.01;200.0;2086.41;289.77;258.16;8.01
guarda-corpos;media;7593.39;745.28;623;S355JR;pintura_liquida;134;13142.05;2761.87;10825.04;14227.23;2949.19;11872.05;75.99
passarela;baixa;1020.37;88.69;118;S235JR;lacagem;35;1571.97;300.0;1501.09;1731.11;325.57;1573.04;8.25
passerelle;alta;5774.84;458.14;167;S355JR;galvanizacao;81;10444.4;1920.73;6920.09;11278.56;1947.49;8226.2;47.87
corrimao;media;3564.8;279.18;289;S235JR;pintura_liquida;82;4824.51;1000.14;4215.53;9008.86;1664.15;8291.43;40.79
gradeamento;baixa;3744.71;301.05;218;S355JR;sem_tratamento;78;5797.87;695.09;339.21;6305.17;699.39;372.41;19.94
portao;baixa;1632.23;133.32;95;S355JR;sem_tratamento;39;2741.16;317.16;200.0;2760.4;315.49;199.09;8.43
pavilhao;alta;3537.84;183.61;626;AISI304;polimento;75;20090.57;1594.34;3783.07;21952.63;1822.23;4847.46;46.72
passadico;baixa;1531.6;144.45;143;AL6060;anodizacao;41;5995.2;305.74;2748.38;6390.88;341.74;3271.03;8.73
cobertura;baixa;3556.26;460.48;181;AL5754;anodizacao;87;15468.83;619.92;8967.88;17122.92;700.48;10118.13;16.35
mezanino;media;1969.03;111.89;320;S235JR;pintura_liquida;88;2917.96;564.46;1729.74;3275.69;611.37;1742.23;16.15
plataforma;alta;1897.31;125.8;133;S355JR;galvanizacao;39;3745.54;649.03;2314.61;4034.4;720.51;2457.74;18.46
escadaria;baixa;672.15;42.63;18;S235JR;lacagem;45;949.64;300.0;671.64;1006.59;316.96;753.95;8.74
guarda-corpos;media;8243.91;819.93;480;S355JR;pintura_liquida;81;12980.38;2924.39;12660.32;16725.81;3789.94;16563.89;104.06
passarela;baixa;2683.53;240.28;45;S235JR;sem_tratamento;47;4042.72;481.89;290.32;4008.21;549.02;326.62;14.89
passerelle;alta;5864.82;448.65;183;S355JR;galvanizacao;93;10092.2;2221.89;6479.27;10524.23;2310.21;7815.37;54.31
corrimao;media;2076.12;197.74;82;S355JR;pintura_liquida;94;3324.42;480.3;2781.26;3595.49;476.8;2770.33;13.68
gradeamento;baixa;3166.84;304.41;546;AISI304;sem_tratamento;115;16780.97;790.42;344.67;18340.32;858.16;401.68;21.98
portao;baixa;894.36;87.26;106;AL6060;anodizacao;51;3403.54;300.0;1573.32;3978.27;312.5;1538.48;7.15
pavilhao;alta;3026.66;163.15;198;AL5754;pintura_liquida;87;13320.35;1163.41;2652.76;14144.74;1275.0;2678.5;31.94
passadico;baixa;2790.05;190.63;45;S235JR;sem_tratamento;53;3808.47;478.19;275.98;4339.43;547.29;247.33;14.42
cobertura;baixa;6823.01;774.76;350;S355JR;sem_tratamento;99;13441.66;1379.61;715.53;14341.48;1479.95;755.17;37.92
mezanino;media;4979.28;246.99;197;S235JR;pintura_liquida;50;7605.95;1479.07;3950.07;7683.42;1724.21;4772.61;44.31
plataforma;alta;1966.27;105.7;214;S355JR;galvanizacao;51;3643.46;677.24;2365.39;4035.25;739.06;2447.58;17.08
escadaria;baixa;695.06;45.88;56;S235JR;sem_tratamento;57;955.76;300.01;200.0;1016.18;323.38;209.46;8.42
guarda-corpos;media;4307.07;376.44;157;S355JR;pintura_liquida;93;7437.18;1117.91;5424.12;7883.35;1261.5;6037.79;30.26
passarela;baixa;2112.53;185.57;39;S355JR;sem_tratamento;59;3717.95;328.51;219.93;4158.15;344.87;260.43;9.63
passerelle;alta;5003.51;445.09;453;AISI304;polimento;140;27320.32;2275.41;9875.62;30565.28;2454.24;12087.68;67.05
corrimao;media;1528.86;150.06;147;AL6060;lacagem;56;5126.07;436.27;2298.37;5837.73;455.82;2913.83;13.04
gradeamento;baixa;694.28;77.95;166;AL5754;anodizacao;57;2708.78;299.99;1328.07;3165.13;321.99;1444.28;8.92
portao;baixa;2104.69;143.97;143;S235JR;sem_tratamento;23;3320.73;429.27;223.2;3987.77;537.94;319.21;14.23
pavilhao;alta;10604.8;397.84;620;S355JR;galvanizacao;99;18800.78;5067.07;13968.55;21849.02;5232.77;17927.19;142.79
passadico;baixa;2502.64;191.3;100;S235JR;lacagem;25;3735.67;464.63;3460.1;4097.55;520.57;3564.35;13.57
cobertura;baixa;3989.45;410.73;242;S355JR;sem_tratamento;56;7468.16;777.5;434.18;7627.88;790.29;484.82;22.19
cobertura;baixa;4337.58;494.54;111;AL5754;anodizacao;92;19376.23;825.44;8537.53;21130.62;837.62;10192.46;20.42
mezanino;media;2294.04;103.53;339;S235JR;pintura_liquida;48;3477.66;702.08;1487.03;3674.99;794.71;1825.22;20.39
plataforma;alta;1746.5;106.85;165;S355JR;galvanizacao;54;3454.11;598.15;2133.52;3726.76;644.75;2361.99;16.45
escadaria;baixa;669.89;48.99;139;S235JR;lacagem;25;866.06;299.99;729.46;969.05;298.7;680.72;8.07
guarda-corpos;media;5755.29;582.69;276;S355JR;pintura_liquida;76;9663.91;1752.97;9019.11;10163.11;1882.99;9628.74;51.21
passarela;baixa;1976.66;134.81;47;S235JR;sem_tratamento;27;3037.45;329.28;200.0;3217.81;379.9;244.83;10.66
passerelle;alta;6541.52;534.48;132;S355JR;galvanizacao;98;10687.71;2218.45;7757.8;11234.52;2532.62;8995.64;60.55
corrimao;media;2212.9;190.02;195;S355JR;pintura_liquida;54;3209.64;584.65;2644.25;3432.13;620.77;3216.03;17.58
gradeamento;baixa;934.81;105.71;153;AISI304;sem_tratamento;60;4646.39;300.0;200.0;5012.69;326.6;193.45;9.08
portao;baixa;1258.43;139.7;62;AL6060;anodizacao;31;5109.97;300.0;2540.09;5577.54;321.24;2806.67;7.9
pavilhao;alta;2441.88;137.09;482;AL5754;pintura_liquida;82;10692.75;1135.7;2101.47;11284.55;1210.74;2065.11;32.25
passadico;baixa;1189.96;81.54;133;S235JR;sem_tratamento;33;1659.83;300.0;200.0;1795.9;321.07;236.59;8.37
cobertura;baixa;4462.41;381.78;415;S355JR;sem_tratamento;104;9261.14;1020.05;413.63;11148.92;1398.09;630.58;34.84
mezanino;media;3298.66;184.23;245;S235JR;pintura_liquida;60;5270.53;946.77;2901.55;5818.17;931.17;3457.43;24.18
plataforma;alta;3956.7;232.8;74;S355JR;galvanizacao;66;7032.81;1358.77;4365.74;7714.54;1451.01;4524.33;37.71
escadaria;baixa;2109.62;141.23;145;S235JR;sem_tratamento;37;3007.49;383.87;223.18;3283.82;426.65;238.84;11.13
guarda-corpos;media;9840.8;885.04;540;S355JR;pintura_liquida;88;16399.12;3591.28;11969.27;18044.86;3946.45;12632.67;110.12
passarela;baixa;2735.49;222.75;147;S355JR;sem_tratamento;39;5092.35;462.08;248.84;9011.84;797.66;452.6;23.45
passerelle;alta;2519.93;209.33;146;AISI304;polimento;55;14348.97;944.76;4938.23;14953.82;1039.89;5614.93;25.87
corrimao;media;2080.27;232.87;132;AL6060;lacagem;66;7424.98;495.11;3549.06;8116.17;516.37;3779.41;14.58
gradeamento;baixa;788.85;83.42;219;AL5754;anodizacao;72;2900.69;300.0;1369.28;3109.39;343.16;1457.8;9.35
portao;baixa;2095.54;175.02;103;S235JR;sem_tratamento;43;3398.82;391.98;224.47;3755.85;422.0;248.33;9.74
pavilhao;alta;6180.43;259.03;472;S355JR;galvanizacao;94;11909.44;2938.83;7251.04;13304.15;3110.66;7310.23;79.53
passadico;baixa;11923.78;906.91;590;S235JR;lacagem;115;17050.69;2657.32;14107.89;18630.99;2660.32;14053.85;76.49
cobertura;baixa;7411.32;799.35;403;S355JR;sem_tratamento;61;14384.24;1541.11;726.09;15329.15;1781.19;951.39;46.64
mezanino;media;3280.71;147.01;301;S235JR;pintura_liquida;72;4666.36;996.46;2081.44;5052.81;1027.28;2522.76;27.69
plataforma;alta;1713.89;97.95;214;S355JR;galvanizacao;78;3358.43;640.18;1997.29;3684.29;645.64;2380.46;16.28
escadaria;baixa;2146.51;149.69;135;S355JR;sem_tratamento;49;3596.8;384.66;221.94;3877.88;459.35;236.5;11.78
guarda-corpos;media;2204.92;221.68;610;AISI304;sem_tratamento;100;11857.46;759.34;212.87;13308.78;818.09;256.35;21.0
passarela;baixa;930.76;99.7;69;AL6060;anodizacao;51;3681.3;300.0;1652.39;4699.07;376.47;2281.62;10.02
passerelle;alta;2418.29;252.58;249;AL5754;pintura_liquida;67;9335.78;854.8;3779.37;9972.56;894.38;4280.69;22.44
corrimao;media;3742.5;335.71;111;S235JR;pintura_liquida;78;4708.73;890.35;5112.83;5173.77;1002.61;5603.35;29.41
gradeamento;baixa;3988.49;374.06;146;S355JR;sem_tratamento;39;6370.19;747.31;409.8;6561.53;840.47;475.33;20.94
portao;baixa;1507.52;122.77;132;S235JR;lacagem;55;2327.13;300.0;2069.96;2502.99;299.5;2387.53;8.73
pavilhao;alta;11237.26;403.05;301;S355JR;galvanizacao;106;22556.99;4076.91;13242.83;23307.69;4775.94;13400.76;117.89
passadico;baixa;2040.21;140.01;36;S235JR;sem_tratamento;57;3094.09;380.86;222.69;3244.87;422.47;249.0;10.8
cobertura;baixa;3114.66;335.43;435;S355JR;sem_tratamento;73;6309.99;739.57;304.34;5515.93;655.11;287.02;16.4
mezanino;media;3114.48;177.52;316;S355JR;pintura_liquida;84;5713.23;852.93;2512.99;6489.05;853.69;3309.4;21.99
plataforma;alta;5978.96;433.46;938;AISI304;polimento;130;32436.64;3088.42;9349.82;35479.84;3400.76;9874.79;80.95
escadaria;baixa;317.72;28.66;35;AL6060;anodizacao;21;1066.5;300.0;548.74;1158.33;311.81;651.93;7.62
guarda-corpos;media;3809.03;454.98;565;AL5754;lacagem;112;15310.98;1342.02;7330.18;15995.87;1444.0;8539.47;39.35
passarela;baixa;2011.96;162.93;90;S235JR;sem_tratamento;23;2806.56;356.68;200.0;2831.88;365.93;192.06;9.78
passerelle;alta;5542.61;489.73;344;S355JR;galvanizacao;79;9709.43;2118.02;6086.61;10639.59;2250.2;7383.73;56.93
corrimao;media;2052.34;189.38;275;S235JR;pintura_liquida;90;2625.24;541.89;3017.05;2998.72;583.62;3629.25;15.68
gradeamento;baixa;1270.12;110.97;153;S355JR;sem_tratamento;51;1973.56;300.0;200.0;2032.4;302.46;225.24;8.38
portao;baixa;875.44;62.36;45;S235JR;sem_tratamento;27;1412.89;299.99;200.0;1593.31;313.06;263.27;8.52
pavilhao;alta;10265.41;400.01;540;S355JR;galvanizacao;118;20409.44;4579.99;12620.92;24949.03;6264.62;15556.25;140.27
passadico;baixa;1462.57;119.4;114;S355JR;sem_tratamento;29;2646.12;300.01;200.0;2653.37;310.73;244.46;8.39
cobertura;baixa;4198.89;463.16;610;AISI304;sem_tratamento;140;24905.3;1119.1;428.43;27403.57;1304.85;527.32;32.68
mezanino;media;2763.89;191.62;276;AL6060;lacagem;46;11045.23;718.12;2910.0;12280.56;798.68;3045.86;18.87
plataforma;alta;2176.94;156.84;169;AL5754;pintura_liquida;57;8949.43;750.86;2293.65;10429.83;817.13;2624.18;22.84
escadaria;baixa;1052.41;70.37;32;S235JR;sem_tratamento;33;1513.42;299.99;200.0;1610.76;312.46;243.88;8.38
guarda-corpos;media;10090.38;930.91;222;S355JR;pintura_liquida;124;17109.92;2801.27;14337.94;19249.5;3029.61;14981.86;76.07
passarela;baixa;2920.77;235.32;53;S235JR;lacagem;35;4352.79;550.89;3499.79;4470.0;644.17;4063.41;17.05
passerelle;alta;6597.06;561.69;434;S355JR;galvanizacao;91;11991.4;2744.7;7374.47;13197.45;2977.77;8618.37;71.36
corrimao;media;1664.75;137.99;258;S235JR;pintura_liquida;52;2104.77;491.47;1940.67;2304.22;515.68;2272.8;13.73
gradeamento;baixa;2297.39;200.17;83;S355JR;sem_tratamento;63;3630.33;369.44;208.27;3629.83;398.89;207.81;10.12
portao;baixa;1148.04;83.52;67;S355JR;sem_tratamento;39;2042.18;300.0;200.0;2247.61;347.6;201.24;8.52
pavilhao;alta;2142.89;116.66;589;AISI304;polimento;130;12481.57;911.98;2405.14;21308.91;1652.45;3924.55;41.08
passadico;baixa;1467.45;145.36;96;AL6060;anodizacao;41;5453.79;300.0;2734.01;5973.69;325.3;2893.14;8.15
cobertura;baixa;1963.07;225.23;241;AL5754;anodizacao;97;9336.82;381.49;4370.85;9909.34;425.42;4554.02;11.28
mezanino;media;3217.91;151.34;180;S235JR;pintura_liquida;58;5209.2;899.14;2392.48;5835.15;995.02;2799.39;26.06
plataforma;alta;2161.1;147.31;133;S355JR;galvanizacao;69;3906.1;685.25;2337.6;4214.48;713.0;2739.84;18.55
escadaria;baixa;659.27;50.2;44;S235JR;lacagem;45;934.84;300.0;884.04;1142.3;366.83;1174.17;9.58
guarda-corpos;media;11679.26;1170.56;449;S355JR;pintura_liquida;136;20097.52;3695.16;18166.37;21085.56;4165.47;17969.56;108.05
guarda-corpos;media;3020.75;356.8;177;AL5754;lacagem;107;11064.61;764.73;6304.11;11556.69;803.25;6820.52;20.37
passarela;baixa;2527.31;203.42;92;S235JR;sem_tratamento;43;3850.69;475.18;229.02;4209.95;521.64;282.38;13.14
passerelle;alta;2519.84;228.19;207;S355JR;galvanizacao;84;4482.58;920.9;3230.29;4955.87;969.59;3834.13;24.81
corrimao;media;4974.45;423.28;290;S235JR;pintura_liquida;50;6901.2;1307.21;6372.53;7539.71;1531.77;6714.63;37.23
gradeamento;baixa;1055.99;105.06;215;S355JR;sem_tratamento;66;1716.82;299.99;200.0;1839.82;320.26;233.51;9.03
portao;baixa;1849.52;153.12;105;S235JR;sem_tratamento;47;2879.41;331.7;200.0;3382.04;350.36;231.26;8.9
pavilhao;alta;10047.24;358.26;248;S355JR;galvanizacao;113;17914.0;3450.3;12135.51;19684.39;3390.25;13382.32;87.61
passadico;baixa;2373.52;204.85;86;S355JR;sem_tratamento;49;4257.33;454.07;249.68;4629.43;446.98;246.55;12.0
cobertura;baixa;2379.66;275.33;331;AISI304;sem_tratamento;90;14493.35;458.26;239.38;15109.07;503.57;234.89;13.77
mezanino;media;2463.12;165.56;181;AL6060;lacagem;56;10021.08;636.86;2876.34;10759.84;687.8;3069.4;18.19
plataforma;alta;721.34;56.87;64;AL5754;pintura_liquida;72;3243.64;300.0;827.38;3388.09;337.99;888.51;8.07
escadaria;baixa;1594.47;114.67;74;S235JR;sem_tratamento;53;2051.62;300.0;200.0;2364.78;325.11;205.54;8.6
guarda-corpos;media;9965.17;846.29;178;S355JR;pintura_liquida;119;17707.98;2446.83;12328.4;19142.86;2607.0;13539.04;70.49
passarela;baixa;2108.49;143.6;136;S235JR;lacagem;55;3019.98;423.47;2356.27;3206.7;464.15;2426.56;12.75
passerelle;alta;7323.91;604.19;327;S355JR;galvanizacao;96;13561.7;3057.05;9252.47;16287.44;3745.04;9599.65;93.45
corrimao;media;1647.61;139.0;246;S235JR;pintura_liquida;62;2084.72;435.96;1955.61;2153.91;490.16;2072.66;13.11
gradeamento;baixa;1728.92;157.51;212;S355JR;sem_tratamento;78;2986.3;333.63;200.0;3311.59;351.83;216.37;9.25
portao;baixa;625.48;41.04;126;S355JR;sem_tratamento;59;1191.72;300.0;200.0;1288.11;287.26;236.97;7.58
pavilhao;alta;4557.1;211.37;808;AISI304;polimento;120;25952.97;2541.43;4493.71;29670.4;2543.22;5094.37;68.63
passadico;baixa;901.45;103.21;22;AL6060;anodizacao;21;3191.59;300.01;1794.79;3291.24;331.83;2186.4;7.76
cobertura;baixa;3856.06;570.44;214;AL5754;anodizacao;102;18522.77;797.87;11056.39;20554.81;882.24;11151.05;22.06
mezanino;media;4379.89;242.38;303;S235JR;pintura_liquida;68;7071.54;1252.29;3492.02;8183.51;1335.13;3576.46;35.68
plataforma;alta;3807.02;206.36;140;S355JR;galvanizacao;39;6843.25;1250.93;4594.53;7545.65;1543.1;4817.42;34.6
escadaria;baixa;8011.95;568.33;420;S235JR;lacagem;140;10681.91;1808.65;10016.7;11715.56;1886.32;10408.48;53.48
guarda-corpos;media;8194.61;832.46;267;S355JR;pintura_liquida;131;13396.28;2289.04;12052.43;15541.32;2552.86;12771.37;67.65
passarela;baixa;2301.12;195.99;77;S235JR;sem_tratamento;27;3569.85;425.99;223.6;3746.0;455.76;279.85;12.23
passerelle;alta;3003.9;224.1;376;S355JR;galvanizacao;108;5276.6;1351.44;3539.4;6173.08;1397.62;3677.2;33.59
corrimao;media;3654.12;356.55;307;S355JR;pintura_liquida;74;5512.88;1123.0;5298.58;5724.31;1277.07;5992.3;31.21
gradeamento;baixa;679.05;84.11;222;AISI304;sem_tratamento;45;3419.35;300.01;200.0;3765.93;322.38;248.26;8.59
portao;baixa;350.06;39.22;153;AL6060;anodizacao;31;1286.93;300.0;769.9;1415.56;313.39;878.77;9.19
pavilhao;alta;6469.42;312.9;456;AL5754;pintura_liquida;137;26842.4;2989.28;4783.91;29334.85;2972.77;5160.4;77.02
passadico;baixa;2764.41;249.13;59;S235JR;sem_tratamento;33;3757.76;442.28;287.64;4825.71;569.64;355.62;14.27
cobertura;baixa;6873.59;727.59;135;S355JR;sem_tratamento;59;14133.24;1153.91;684.11;16097.33;1130.8;889.22;30.12
mezanino;media;4852.29;260.63;78;S235JR;pintura_liquida;80;6999.96;1278.06;4116.77;7591.21;1319.58;5492.21;37.74
plataforma;alta;3160.57;192.98;117;S355JR;galvanizacao;51;5767.87;1194.47;3862.94;6234.48;1260.59;4375.66;33.89
escadaria;baixa;1557.87;124.14;152;S235JR;sem_tratamento;37;2185.89;302.04;200.0;2355.74;351.07;197.65;8.86
guarda-corpos;media;9915.61;1011.77;596;S355JR;pintura_liquida;78;16961.0;3596.89;14718.23;17753.54;3587.08;16738.15;97.21
passarela;baixa;573.67;45.6;92;S355JR;sem_tratamento;39;1005.24;300.0;200.0;1064.67;314.29;214.86;8.36
passerelle;alta;2392.58;225.59;462;AISI304;polimento;65;12712.81;1003.56;5228.15;13552.73;1150.62;4871.5;28.54
corrimao;media;1272.75;124.71;296;AL6060;lacagem;86;4112.86;365.21;2249.91;4422.75;391.36;2660.68;10.11
gradeamento;baixa;1188.72;149.43;194;AL5754;anodizacao;57;4618.22;300.0;2571.28;7655.55;528.89;4318.15;11.69
portao;baixa;1256.11;98.79;126;S235JR;sem_tratamento;43;1937.93;300.01;200.0;2060.32;294.85;207.36;8.07
pavilhao;alta;6789.47;297.24;598;S355JR;galvanizacao;84;12738.79;3147.36;7440.85;11794.35;2779.79;6878.87;66.6
passadico;baixa;2181.12;153.48;97;S235JR;lacagem;45;3094.81;424.02;2682.33;3438.56;478.22;2853.26;12.66
cobertura;baixa;3655.2;380.23;414;S355JR;sem_tratamento;71;7568.84;737.53;347.33;8016.54;740.21;402.83;19.32
mezanino;media;3191.13;158.5;195;S235JR;pintura_liquida;92;4685.9;822.91;2306.89;5445.22;795.65;2513.36;21.62
plataforma;alta;1695.61;101.69;165;S355JR;galvanizacao;63;3102.74;639.49;1981.99;3362.57;713.88;2655.84;18.21
escadaria;baixa;1325.76;103.84;157;S355JR;sem_tratamento;49;2094.3;300.0;200.0;2373.43;325.86;222.85;8.79
guarda-corpos;media;4891.56;562.48;656;AISI304;sem_tratamento;90;23702.46;1781.6;476.94;31212.62;2065.97;717.9;56.05
passarela;baixa;1446.98;131.17;52;AL6060;anodizacao;51;5772.65;300.0;2230.98;6159.61;349.87;2374.23;8.26
passerelle;alta;2905.64;292.79;152;AL5754;pintura_liquida;77;11264.96;991.16;4048.43;12245.89;1084.42;4518.31;28.35
corrimao;media;5585.09;414.99;149;S235JR;pintura_liquida;48;7160.83;1396.05;5789.53;7425.14;1507.78;6342.26;36.12
gradeamento;baixa;2823.9;247.63;124;S355JR;sem_tratamento;69;4834.01;512.39;296.0;5541.87;570.85;341.2;14.51
portao;baixa;2217.78;153.54;110;S235JR;lacagem;55;3309.71;407.74;2593.55;3445.79;421.88;2829.32;11.28
pavilhao;alta;9247.63;388.68;312;S355JR;galvanizacao;96;18741.61;3672.09;10085.65;20344.41;3832.83;10408.73;97.65
passadico;baixa;859.53;62.57;76;S235JR;sem_tratamento;57;1236.67;299.99;200.0;1248.59;311.16;242.47;8.14
cobertura;baixa;4102.65;421.26;179;S355JR;sem_tratamento;83;8277.65;808.31;432.34;8836.88;855.45;535.25;19.54
mezanino;media;5434.63;312.14;68;S355JR;pintura_liquida;54;9426.94;1238.84;4245.14;9414.35;1290.36;4369.39;34.8
plataforma;alta;6938.81;495.64;928;AISI304;polimento;160;34017.97;3227.2;10484.17;35867.32;3487.92;11482.44;88.09
escadaria;baixa;866.25;90.16;158;AL6060;anodizacao;21;2969.81;300.0;1688.46;3288.68;331.98;1840.85;8.39
guarda-corpos;media;2666.27;298.99;370;AL5754;lacagem;102;10072.57;771.98;4634.74;11270.91;798.01;5568.8;20.16
passarela;baixa;2309.82;163.73;36;S235JR;sem_tratamento;23;3522.03;376.26;211.47;3787.71;408.54;243.87;10.85
passerelle;alta;4294.36;394.5;95;S355JR;galvanizacao;89;7358.74;1404.03;5536.1;7573.4;1546.07;5901.8;40.16
corrimao;media;3049.46;231.46;224;S235JR;pintura_liquida;60;4183.64;821.46;3540.97;4790.77;912.42;3627.76;24.51
gradeamento;baixa;1096.68;87.76;46;S355JR;sem_tratamento;36;1890.71;299.99;200.0;1924.33;314.97;223.42;8.29
gradeamento;baixa;717.01;89.03;127;AL5754;anodizacao;72;2750.58;300.0;1528.72;2981.94;321.65;1798.48;8.12
portao;baixa;1284.65;109.34;87;S235JR;sem_tratamento;23;1908.26;300.01;200.0;2013.11;311.84;207.09;7.62
pavilhao;alta;10244.95;387.7;250;S355JR;galvanizacao;79;19211.4;3969.41;12024.35;20371.96;4037.15;14716.99;102.87
passadico;baixa;2476.52;195.99;108;S235JR;lacagem;25;3423.38;477.78;3116.32;3823.91;517.87;3658.59;14.53
cobertura;baixa;3565.41;392.01;463;S355JR;sem_tratamento;76;7404.42;807.95;338.78;8472.18;854.73;393.01;21.98
mezanino;media;5455.61;248.78;305;S235JR;pintura_liquida;52;7894.75;1481.44;3485.16;8281.72;1636.74;4050.39;42.76
plataforma;alta;2583.7;171.41;112;S355JR;galvanizacao;78;4808.14;936.58;3183.18;5098.6;976.17;4032.38;24.9
escadaria;baixa;666.44;47.94;105;S355JR;sem_tratamento;29;1014.82;299.99;200.0;1115.14;347.11;218.1;8.07
guarda-corpos;media;2145.53;245.16;199;AISI304;sem_tratamento;85;10320.37;571.92;231.35;11338.45;674.35;265.3;18.02
passarela;baixa;1517.3;177.09;25;AL6060;anodizacao;31;6039.2;300.0;3134.02;6679.04;340.93;3452.18;7.64
passerelle;alta;1504.32;145.94;447;AL5754;pintura_liquida;82;6021.18;681.71;2181.71;6404.93;768.99;2195.75;19.25
corrimao;media;5946.01;576.34;99;S235JR;pintura_liquida;58;8307.12;1434.34;8049.68;8508.28;1592.96;8657.78;42.35
gradeamento;baixa;1035.42;87.07;123;S355JR;sem_tratamento;39;1675.81;300.0;200.0;1768.15;322.4;237.25;8.37
portao;baixa;787.74;50.51;49;S235JR;lacagem;35;1262.42;300.0;844.71;1365.69;337.22;880.11;8.72
pavilhao;alta;5017.27;177.15;504;S355JR;galvanizacao;91;8996.27;2299.24;6253.9;9589.27;2345.41;6035.36;63.09
passadico;baixa;2505.3;215.84;91;S235JR;sem_tratamento;37;3367.06;407.7;268.48;3687.31;416.13;303.42;10.36
cobertura;baixa;3652.45;323.5;339;S355JR;sem_tratamento;88;6952.42;790.8;382.56;8918.13;900.89;522.57;25.63
mezanino;media;5187.96;256.55;97;S355JR;pintura_liquida;64;9978.39;1226.45;4041.06;10939.59;1303.69;4584.81;32.55
plataforma;alta;1022.77;76.99;235;AISI304;polimento;45;5526.95;408.4;1688.73;6070.28;422.27;1739.48;10.67
escadaria;baixa;307.81;26.74;162;AL6060;anodizacao;41;1013.93;300.01;522.78;1074.11;334.45;622.19;8.54
guarda-corpos;media;4460.97;568.33;160;AL5754;lacagem;97;18108.36;1061.68;9975.78;19787.37;1127.77;10283.62;29.88
passarela;baixa;2191.87;187.15;44;S235JR;sem_tratamento;43;3290.47;408.08;233.21;3526.41;438.75;259.86;11.35
passerelle;alta;2966.51;225.22;356;S355JR;galvanizacao;94;5081.09;1299.89;3295.01;9214.4;2213.16;4910.39;54.22
corrimao;media;6347.97;567.59;532;S235JR;pintura_liquida;90;8280.05;1976.98;7830.47;9176.16;2034.01;9813.9;54.15
gradeamento;baixa;2371.64;236.82;161;S355JR;sem_tratamento;51;3791.95;466.39;220.96;4138.63;518.58;216.23;14.02
portao;baixa;719.85;59.18;43;S235JR;sem_tratamento;47;1138.82;300.0;200.0;1223.14;338.92;252.26;8.49
pavilhao;alta;10051.67;430.44;375;S355JR;galvanizacao;103;19023.8;4274.46;11362.19;21671.5;4508.68;12815.44;103.25
passadico;baixa;2023.41;148.09;107;S355JR;sem_tratamento;49;3504.16;365.74;218.84;3741.1;410.89;206.22;11.45
cobertura;baixa;3055.93;399.5;276;AISI304;sem_tratamento;100;18341.42;620.21;329.47;20292.14;611.07;355.24;15.82
mezanino;media;1291.15;95.62;304;AL6060;lacagem;76;5231.0;376.02;1424.71;5741.07;429.18;1679.53;11.34
plataforma;alta;1037.58;83.18;167;AL5754;pintura_liquida;57;4527.63;372.69;1345.54;5012.93;388.38;1460.84;9.55
escadaria;baixa;615.78;40.05;141;S235JR;sem_tratamento;53;894.57;300.0;200.0;1010.78;347.32;217.19;8.24
guarda-corpos;media;11194.59;946.93;425;S355JR;pintura_liquida;109;17865.38;3326.52;13076.87;19222.37;3670.35;12419.73;97.53
passarela;baixa;870.8;64.64;133;S235JR;lacagem;55;1358.92;300.0;1044.87;1761.72;389.0;1368.56;10.33
passerelle;alta;6506.69;566.37;355;S355JR;galvanizacao;106;12042.12;2694.19;7743.75;13205.06;2987.05;7780.02;77.8
corrimao;media;2754.19;251.35;300;S235JR;pintura_liquida;82;3861.66;825.62;3843.21;4194.91;887.31;4396.21;24.22
gradeamento;baixa;3209.44;303.2;51;S355JR;sem_tratamento;63;5600.64;522.1;303.53;6065.41;593.15;397.22;14.7
portao;baixa;1923.27;148.0;88;S355JR;sem_tratamento;59;3394.38;329.96;200.0;3815.27;338.65;254.46;8.79
pavilhao;alta;6061.56;269.13;702;AISI304;polimento;150;34437.08;3281.06;6337.47;36788.9;3777.62;7296.44;94.39
passadico;baixa;374.45;42.61;28;AL6060;anodizacao;21;1305.03;300.01;696.44;1379.13;336.83;708.97;7.69
cobertura;baixa;3769.6;515.63;453;AL5754;anodizacao;57;16501.45;851.74;9876.95;17691.01;892.22;10040.37;24.72
mezanino;media;2433.19;105.49;336;S235JR;pintura_liquida;88;3772.27;652.7;1506.2;4116.66;679.38;1863.5;18.27
plataforma;alta;1139.64;77.64;80;S355JR;galvanizacao;69;2295.95;372.95;1336.22;2399.54;436.56;1413.14;11.16
escadaria;baixa;558.01;38.33;107;S235JR;lacagem;25;811.98;300.0;659.89;873.99;310.94;689.35;9.14
guarda-corpos;media;6443.6;638.74;293;S355JR;pintura_liquida;121;11388.96;1823.6;10040.74;11671.71;2042.39;11109.56;54.9
passarela;baixa;2290.77;197.76;78;S235JR;sem_tratamento;27;3173.11;374.07;225.9;3679.09;387.34;264.36;10.46
passerelle;alta;7049.72;522.25;306;S355JR;galvanizacao;63;12742.95;2780.39;7831.92;13437.85;3123.04;8019.35;76.11
corrimao;media;5974.54;491.96;62;S355JR;pintura_liquida;94;8853.32;1345.45;7082.84;9675.75;1510.07;8214.21;39.78
gradeamento;baixa;4995.44;593.35;588;AISI304;sem_tratamento;115;23587.63;1295.17;496.1;19727.55;1215.73;445.83;28.49
portao;baixa;340.43;37.2;163;AL6060;anodizacao;31;1244.14;299.99;679.46;1357.08;321.38;692.75;7.39
pavilhao;alta;6070.72;334.22;601;AL5754;pintura_liquida;127;28410.45;3044.81;5425.68;37788.59;3551.88;6909.49;96.89
passadico;baixa;704.57;63.05;93;S235JR;sem_tratamento;33;1001.78;300.0;200.0;1093.19;308.92;237.6;8.92
cobertura;baixa;2969.11;281.31;198;S355JR;sem_tratamento;69;5763.39;535.48;284.9;6425.3;592.98;316.59;15.3
mezanino;media;4866.89;249.74;335;S235JR;pintura_liquida;50;7801.6;1387.42;3619.69;8867.11;1484.45;4165.61;40.09
plataforma;alta;2123.27;139.73;225;S355JR;galvanizacao;36;3820.37;804.98;2600.29;4206.44;826.36;2660.07;21.65
escadaria;baixa;1923.59;149.19;137;S235JR;sem_tratamento;37;2627.34;331.56;210.54;2894.03;373.86;255.03;9.42
guarda-corpos;media;8817.28;907.43;470;S355JR;pintura_liquida;133;14620.88;3049.52;13063.73;16365.74;3493.49;16483.23;89.81
passarela;baixa;990.65;80.47;145;S355JR;sem_tratamento;39;1668.94;299.99;200.0;1929.22;316.89;208.53;9.0
passerelle;alta;1428.02;122.62;226;AISI304;polimento;75;7486.64;493.44;2590.72;8107.19;529.53;2906.53;14.18
corrimao;media;1413.28;158.17;272;AL6060;lacagem;56;4808.56;421.09;2578.67;4914.4;450.84;2756.07;10.26
gradeamento;baixa;2042.69;211.34;192;AL5754;anodizacao;42;8238.45;411.94;3902.49;8355.22;454.68;4315.63;11.99
portao;baixa;866.37;62.09;161;S235JR;sem_tratamento;43;1396.89;300.0;200.0;1593.25;305.97;254.21;8.55
pavilhao;alta;10927.71;440.02;188;S355JR;galvanizacao;139;21245.84;4295.73;14123.83;22945.55;4489.9;15370.68;113.77
passadico;baixa;1820.38;165.89;55;S235JR;lacagem;45;2708.92;303.43;2678.61;5190.83;515.96;4445.76;13.83
cobertura;baixa;2670.95;247.33;120;S355JR;sem_tratamento;81;5478.12;536.29;255.84;5958.54;570.68;296.41;15.11
cobertura;baixa;2329.8;278.92;422;AL5754;anodizacao;62;10236.23;567.54;4746.21;10799.69;554.08;5916.69;15.28
mezanino;media;5226.62;269.46;237;S235JR;pintura_liquida;48;7937.4;1557.25;3667.2;6909.71;1241.82;3333.94;33.98
plataforma;alta;1092.89;55.89;119;S355JR;galvanizacao;39;2133.34;347.92;1264.65;2474.78;372.15;1587.39;9.11
escadaria;baixa;449.83;30.61;141;S235JR;lacagem;45;582.29;300.01;536.08;643.92;307.03;569.99;8.79
guarda-corpos;media;4816.82;475.8;602;S355JR;pintura_liquida;116;8489.91;1635.4;6611.51;14997.54;2766.15;11711.25;81.24
passarela;baixa;1286.66;92.2;141;S235JR;sem_tratamento;47;2020.77;300.0;200.0;2116.97;306.77;257.16;8.46
passerelle;alta;7528.96;646.67;451;S355JR;galvanizacao;68;13180.7;3403.56;8286.15;14157.47;3394.43;10023.53;82.05
corrimao;media;3377.42;258.57;82;S355JR;pintura_liquida;54;4954.65;869.86;3983.11;5129.23;873.12;4685.71;22.61
gradeamento;baixa;1175.3;139.14;103;AISI304;sem_tratamento;45;5696.27;300.0;200.0;6288.72;311.87;195.98;8.95
portao;baixa;940.57;93.44;150;AL6060;anodizacao;51;3580.9;300.0;1674.3;3879.36;329.52;1737.47;8.66
pavilhao;alta;6119.41;278.62;332;AL5754;pintura_liquida;122;25158.09;2353.16;4246.77;28827.69;2588.57;4782.37;63.75
passadico;baixa;2998.51;249.62;66;S235JR;sem_tratamento;53;4233.14;545.52;286.06;4902.57;611.07;380.23;16.04
cobertura;baixa;5648.37;502.3;191;S355JR;sem_tratamento;74;11827.47;1132.94;600.96;11336.91;1174.88;700.84;35.14
mezanino;media;1554.84;79.83;75;S235JR;pintura_liquida;60;2492.94;361.64;1219.29;2479.12;387.83;1594.85;10.64
plataforma;alta;3065.22;168.82;213;S355JR;galvanizacao;51;5521.34;1148.45;3745.3;6162.62;1185.28;3796.31;30.87
escadaria;baixa;1349.53;84.1;160;S235JR;sem_tratamento;57;1846.52;300.0;200.0;1986.69;309.94;206.2;8.7
guarda-corpos;media;8324.45;850.76;649;S355JR;pintura_liquida;128;14240.38;2776.64;13061.86;16027.78;2922.27;14645.22;76.04
passarela;baixa;2070.21;143.26;40;S355JR;sem_tratamento;59;3404.26;366.35;201.57;3869.26;398.61;204.21;10.28
passerelle;alta;4948.07;514.62;544;AISI304;polimento;140;27064.21;2026.84;10664.14;33079.11;2583.51;13207.01;65.05
corrimao;media;3139.07;321.33;115;AL6060;lacagem;66;9991.09;781.77;4781.55;11151.89;777.46;4900.81;20.21
gradeamento;baixa;811.06;102.62;162;AL5754;anodizacao;57;3165.14;300.0;1843.0;3261.52;357.88;1890.78;9.42
portao;baixa;856.78;70.72;64;S235JR;sem_tratamento;23;1227.4;300.0;200.0;1396.1;337.47;221.89;8.55
pavilhao;alta;4079.76;179.84;244;S355JR;galvanizacao;134;7577.22;1616.59;4430.29;8268.4;1858.86;4420.61;44.46
passadico;baixa;7972.84;574.17;343;S235JR;lacagem;115;12221.74;1756.7;9052.81;12778.55;1785.01;9422.92;49.64
cobertura;baixa;3785.65;334.31;330;S355JR;sem_tratamento;86;7603.96;851.0;395.15;8786.43;915.06;439.66;22.34
mezanino;media;4595.7;256.79;277;S235JR;pintura_liquida;72;6567.17;1281.04;3783.35;6881.55;1280.42;3908.78;32.47
plataforma;alta;1362.98;87.17;78;S355JR;galvanizacao;63;2659.27;495.53;1769.31;2789.35;547.89;2078.61;13.87
escadaria;baixa;1576.43;114.72;75;S355JR;sem_tratamento;29;2627.82;300.01;200.0;2838.06;332.69;197.21;8.77
guarda-corpos;media;3490.4;391.85;250;AISI304;sem_tratamento;75;17323.52;971.4;325.72;19462.07;1023.16;333.59;27.95
passarela;baixa;524.55;47.19;118;AL6060;anodizacao;31;1891.45;300.0;928.72;1946.99;318.58;1134.4;9.33
passerelle;alta;3334.6;395.3;460;AL5754;pintura_liquida;92;13056.84;1382.31;6309.93;13895.15;1642.13;5883.8;43.97
corrimao;media;2061.31;188.35;254;S235JR;pintura_liquida;78;2664.15;541.61;2840.14;2913.04;511.12;3821.71;15.21
gradeamento;baixa;1469.19;147.05;124;S355JR;sem_tratamento;69;2272.77;300.0;200.0;2454.02;305.58;236.01;7.64
portao;baixa;921.9;63.65;111;S235JR;lacagem;35;1391.85;300.01;1037.17;1480.19;314.78;1056.8;8.36
pavilhao;alta;6523.95;297.41;384;S355JR;galvanizacao;81;12584.88;2509.53;8486.12;13615.21;2555.95;8350.97;63.49
passadico;baixa;1690.71;155.49;76;S235JR;sem_tratamento;37;2362.31;300.0;200.0;3034.88;365.96;237.11;10.95
cobertura;baixa;6084.09;635.67;442;S355JR;sem_tratamento;98;11895.66;1260.51;642.95;13043.73;1389.26;666.94;37.14
mezanino;media;5866.56;284.76;61;S355JR;pintura_liquida;84;9875.75;1499.32;3890.83;10154.83;1772.49;3965.83;45.13
plataforma;alta;890.46;64.22;172;AISI304;polimento;75;5396.58;310.59;1412.73;5573.42;353.75;1376.92;8.56
escadaria;baixa;755.15;72.36;69;AL6060;anodizacao;41;2688.46;300.0;1337.19;2961.82;332.92;1553.04;8.24
guarda-corpos;media;5517.92;636.54;386;AL5754;lacagem;87;20785.94;1847.38;11095.37;21426.21;2084.56;12725.04;46.55
passarela;baixa;2022.57;175.73;146;S235JR;sem_tratamento;43;2824.42;388.05;218.21;2972.54;381.74;246.16;10.0
passerelle;alta;2562.52;233.0;161;S355JR;galvanizacao;104;4424.1;978.1;2912.18;5176.58;1059.72;2945.19;28.88
corrimao;media;2522.32;228.97;258;S235JR;pintura_liquida;90;3338.3;763.67;3333.62;3663.63;854.64;4018.15;23.61
gradeamento;baixa;3484.55;356.03;107;S355JR;sem_tratamento;36;5322.36;597.21;365.18;5879.48;638.63;462.82;17.83
portao;baixa;1215.15;100.69;89;S235JR;sem_tratamento;47;1953.65;300.0;200.0;3670.18;551.97;386.3;13.79
pavilhao;alta;8270.63;374.22;465;S355JR;galvanizacao;93;15616.54;3276.23;9259.56;17207.39;3241.65;9313.83;88.89
passadico;baixa;1477.2;114.04;87;S355JR;sem_tratamento;49;2381.01;300.0;200.0;2510.47;351.82;216.75;8.75
cobertura;baixa;2494.51;336.78;308;AISI304;sem_tratamento;140;16120.0;517.77;254.02;17133.64;602.7;267.97;16.01
mezanino;media;2472.28;170.19;91;AL6060;lacagem;46;9612.82;588.65;2570.13;10692.11;592.78;2817.18;14.08
plataforma;alta;1112.88;89.74;106;AL5754;pintura_liquida;42;4872.92;408.4;1334.93;5389.52;447.94;1528.21;11.69
escadaria;baixa;480.35;36.43;36;S235JR;sem_tratamento;53;632.4;300.0;200.0;707.01;333.84;224.71;8.52
guarda-corpos;media;7270.62;591.46;560;S355JR;pintura_liquida;99;11794.36;2453.36;9574.9;14505.05;3216.55;10510.13;83.2
passarela;baixa;2978.6;246.63;146;S235JR;lacagem;55;4175.35;517.89;4031.98;4718.69;555.67;4623.69;13.77
passerelle;alta;3727.19;265.09;219;S355JR;galvanizacao;61;6948.09;1473.95;4470.78;6212.91;1195.09;4077.23;29.8
corrimao;media;4259.58;367.14;89;S235JR;pintura_liquida;52;5536.49;991.09;5189.45;5942.77;1019.49;5849.26;28.68
gradeamento;baixa;3956.13;358.25;156;S355JR;sem_tratamento;48;6871.25;803.41;372.62;7211.24;914.18;386.45;23.05
portao;baixa;1271.72;102.1;118;S355JR;sem_tratamento;59;2377.62;300.01;200.0;2549.41;322.84;220.56;8.07
pavilhao;alta;6986.61;336.19;691;AISI304;polimento;180;38062.97;3464.43;7074.97;40503.02;3858.15;8108.36;102.65
passadico;baixa;1539.2;178.1;21;AL6060;anodizacao;21;6051.62;299.99;3239.32;6381.68;324.11;3841.32;9.19
cobertura;baixa;3845.51;467.21;96;AL5754;anodizacao;67;17474.41;663.34;7875.54;20310.88;720.6;7944.42;19.87
mezanino;media;1727.63;82.41;63;S235JR;pintura_liquida;58;2707.5;422.23;1180.75;2912.78;432.42;1334.01;11.32
plataforma;alta;3567.1;213.46;195;S355JR;galvanizacao;54;6435.76;1397.63;4679.58;6886.36;1393.31;4796.41;35.34
escadaria;baixa;1772.73;106.35;152;S235JR;lacagem;25;2471.12;360.24;1710.63;2776.05;382.13;1733.96;9.34
guarda-corpos;media;9509.3;946.26;336;S355JR;pintura_liquida;111;14821.83;2814.85;13596.63;16062.82;3158.09;14820.16;81.52
guarda-corpos;media;2541.51;305.4;165;AL5754;lacagem;82;9907.77;730.78;5393.2;10449.2;833.63;5723.76;19.21
passarela;baixa;1926.49;138.36;130;S235JR;sem_tratamento;23;2923.08;352.41;203.22;2899.29;368.8;191.6;10.27
passerelle;alta;6885.74;478.83;317;S355JR;galvanizacao;109;12479.78;2848.78;7677.22;14152.87;3013.04;7861.67;77.05
corrimao;media;4229.44;411.59;218;S235JR;pintura_liquida;50;5722.04;1244.45;6135.05;7396.33;1425.92;8832.59;34.8
gradeamento;baixa;3883.25;363.45;39;S355JR;sem_tratamento;51;5901.36;622.3;366.44;6531.39;619.34;400.28;16.16
portao;baixa;1515.55;122.67;27;S235JR;sem_tratamento;27;2409.38;300.0;200.0;2571.48;362.98;211.0;8.29
pavilhao;alta;9699.55;340.67;161;S355JR;galvanizacao;88;17539.07;3378.8;10688.11;17798.3;3438.91;13433.27;84.73
passadico;baixa;2844.14;193.66;73;S355JR;sem_tratamento;29;4538.48;509.39;312.44;3688.81;424.98;258.16;11.04
cobertura;baixa;1489.6;184.09;356;AISI304;sem_tratamento;60;9077.37;333.01;200.0;9825.71;388.61;207.24;10.61
mezanino;media;1111.71;81.26;249;AL6060;lacagem;56;4552.16;300.25;1373.06;4915.01;327.84;1441.18;8.26
plataforma;alta;2118.7;148.69;103;AL5754;pintura_liquida;57;9826.84;794.21;2272.15;11274.98;917.41;2575.82;23.31
escadaria;baixa;960.77;67.26;55;S235JR;sem_tratamento;33;1323.5;300.0;200.0;1403.32;327.83;231.76;8.76
guarda-corpos;media;7273.57;591.38;641;S355JR;pintura_liquida;94;12561.47;2687.51;9054.43;13583.63;2899.07;9544.4;78.42
passarela;baixa;2332.25;211.93;75;S235JR;lacagem;35;3603.45;433.23;3323.05;3875.51;439.77;3407.3;12.07
passerelle;alta;3002.55;244.6;92;S355JR;galvanizacao;66;5290.67;1068.03;3483.39;5894.12;1141.75;4211.19;29.46
corrimao;media;5089.91;401.81;200;S235JR;pintura_liquida;62;7140.15;1286.96;6245.54;7321.97;1334.8;7850.0;34.75
gradeamento;baixa;2370.97;236.57;222;S355JR;sem_tratamento;63;4144.28;433.32;234.22;4546.59;463.32;243.79;12.26
portao;baixa;1397.57;119.47;21;S355JR;sem_tratamento;39;2613.03;300.0;200.0;2823.34;325.97;199.99;8.78
pavilhao;alta;3292.55;181.69;190;AISI304;polimento;100;19253.52;1117.0;4269.44;23180.5;1155.41;5132.48;31.43
passadico;baixa;921.05;82.63;113;AL6060;anodizacao;41;3291.75;300.0;1443.23;3620.37;324.52;1708.07;8.25
cobertura;baixa;2304.68;328.82;336;AL5754;anodizacao;72;10459.62;521.79;5920.07;12960.58;620.19;6945.72;16.21
mezanino;media;1594.81;68.55;258;S235JR;pintura_liquida;68;2588.84;462.18;995.04;2815.11;471.32;1076.97;13.46
plataforma;alta;1991.04;102.52;113;S355JR;galvanizacao;69;3694.89;641.46;2418.91;4078.12;684.81;2620.32;17.65
escadaria;baixa;7429.76;487.59;569;S235JR;lacagem;140;10586.54;1877.5;8754.03;11201.67;1898.86;9162.39;51.77
guarda-corpos;media;4298.93;392.6;602;S355JR;pintura_liquida;106;7635.84;1594.76;5529.11;7616.0;1582.49;7207.49;39.17
passarela;baixa;2154.43;173.81;126;S235JR;sem_tratamento;47;3164.73;394.2;226.39;3208.68;436.64;270.13;12.02
passerelle;alta;4391.85;391.04;106;S355JR;galvanizacao;78;7609.58;1594.24;5458.49;8684.73;1761.07;6002.89;43.19
corrimao;media;1980.86;149.16;330;S355JR;pintura_liquida;74;2904.65;544.73;2090.12;5133.0;853.76;3860.0;23.66
gradeamento;baixa;1187.85;130.58;187;AISI304;sem_tratamento;75;5903.53;300.0;200.0;6822.15;313.34;240.09;9.04
portao;baixa;633.08;59.66;21;AL6060;anodizacao;51;2590.2;299.99;1162.2;2929.11;312.83;1341.14;8.71
pavilhao;alta;2643.29;154.87;270;AL5754;pintura_liquida;112;12031.35;1000.67;2454.6;13154.07;1062.74;2445.71;27.66
passadico;baixa;665.32;55.42;128;S235JR;sem_tratamento;53;957.79;300.0;200.0;1031.6;329.28;230.06;7.96
cobertura;baixa;2604.29;280.61;427;S355JR;sem_tratamento;84;5217.1;556.64;238.93;5151.52;551.73;244.23;14.78
mezanino;media;4711.36;247.04;313;S235JR;pintura_liquida;80;7212.75;1460.87;3348.17;8015.59;1575.34;3375.58;43.58
plataforma;alta;1799.21;106.68;38;S355JR;galvanizacao;36;3284.38;563.71;2355.37;3422.19;603.52;2400.14;15.64
escadaria;baixa;2134.56;132.05;162;S235JR;sem_tratamento;57;2764.36;425.02;200.0;3070.55;441.71;192.04;11.96
guarda-corpos;media;8731.44;822.71;266;S355JR;pintura_liquida;118;14866.97;2492.96;13256.75;16193.37;2746.85;14690.05;73.03
passarela;baixa;813.42;63.29;129;S355JR;sem_tratamento;59;1447.01;299.99;200.0;1785.71;379.03;267.6;10.49
passerelle;alta;6626.03;683.22;468;AISI304;polimento;170;27735.43;2198.75;11031.79;31347.52;2474.26;14598.64;64.03
corrimao;media;938.41;95.28;232;AL6060;lacagem;86;3066.94;300.0;1557.54;3138.35;326.59;1663.26;8.21
gradeamento;baixa;1478.48;151.84;53;AL5754;anodizacao;42;5280.91;300.01;2853.82;5617.56;321.65;2835.3;8.15
portao;baixa;2329.21;187.71;70;S235JR;sem_tratamento;23;3347.85;440.66;214.3;3459.87;497.45;233.77;13.0
pavilhao;alta;10375.72;423.59;184;S355JR;galvanizacao;124;18389.59;3690.57;12654.89;19601.26;4058.34;14440.33;95.23
passadico;baixa;2942.85;220.01;74;S235JR;lacagem;25;4224.36;525.88;3304.04;4581.05;552.39;3893.31;15.28
cobertura;baixa;5439.76;561.77;334;S355JR;sem_tratamento;96;11404.72;1064.5;552.5;12413.49;1135.4;532.53;29.71
mezanino;media;5877.1;255.33;143;S235JR;pintura_liquida;92;9532.87;1417.06;3478.06;9829.81;1490.66;3465.6;39.15
plataforma;alta;2136.24;110.05;106;S355JR;galvanizacao;48;4239.63;701.41;2809.94;4464.99;777.92;3241.1;20.84
escadaria;baixa;442.28;35.21;62;S355JR;sem_tratamento;29;666.8;300.0;200.0;705.94;331.38;231.46;8.56
guarda-corpos;media;4052.66;389.13;543;AISI304;sem_tratamento;90;19496.02;1488.46;365.19;21559.16;1600.78;445.18;42.17
passarela;baixa;839.53;97.06;73;AL6060;anodizacao;31;3177.98;300.0;1905.47;3477.67;311.74;2356.74;6.9
passerelle;alta;1383.11;125.59;137;AL5754;pintura_liquida;102;5511.79;443.32;1835.48;5581.35;476.74;1864.68;13.23
corrimao;media;2655.93;209.93;207;S235JR;pintura_liquida;48;3709.33;783.05;2963.26;4009.88;828.54;3320.0;22.02
gradeamento;baixa;1457.65;146.74;86;S355JR;sem_tratamento;54;2333.91;300.0;200.01;2422.45;308.9;205.6;7.99
portao;baixa;2307.41;154.47;174;S235JR;lacagem;35;3441.46;429.17;2432.73;3602.54;463.28;2505.17;12.99
pavilhao;alta;6254.36;263.85;348;S355JR;galvanizacao;136;11951.66;2532.07;7933.54;14750.06;3363.85;9977.28;75.36
passadico;baixa;830.54;67.23;109;S235JR;sem_tratamento;37;1149.5;300.0;200.0;1255.98;350.06;236.95;9.27
cobertura;baixa;6886.26;689.35;107;S355JR;sem_tratamento;108;14690.26;1156.37;679.79;15552.32;1334.1;742.92;35.16
mezanino;media;1567.23;81.48;294;S355JR;pintura_liquida;54;2738.2;467.45;1107.8;2957.64;528.86;1285.86;13.41
plataforma;alta;1566.25;121.02;141;AISI304;polimento;60;9510.41;583.45;2824.25;9840.83;615.58;2723.18;16.39
escadaria;baixa;1271.13;102.04;83;AL6060;anodizacao;41;4601.62;299.99;1906.78;4839.74;317.4;2259.77;7.77
guarda-corpos;media;6205.32;739.74;581;AL5754;lacagem;77;25320.69;1937.23;12668.44;21544.48;1569.5;11998.48;40.09
passarela;baixa;661.1;59.07;66;S235JR;sem_tratamento;43;957.41;300.01;200.0;1057.39;346.37;208.19;9.02
passerelle;alta;4503.63;309.12;278;S355JR;galvanizacao;59;7703.12;1678.27;5811.08;8577.95;1876.19;6934.73;43.91
corrimao;media;4666.93;445.11;209;S235JR;pintura_liquida;60;5787.37;1225.53;6811.45;6109.87;1246.81;7025.18;32.18
gradeamento;baixa;2421.85;188.3;138;S355JR;sem_tratamento;66;3709.45;465.19;240.23;4039.08;463.35;240.38;13.29
gradeamento;baixa;1146.63;139.46;230;AL5754;anodizacao;57;4504.01;299.99;2719.32;4759.83;320.71;3030.44;7.87
portao;baixa;1808.16;119.69;91;S235JR;sem_tratamento;43;2724.53;300.0;200.0;3063.78;296.16;225.19;7.55
pavilhao;alta;9581.3;385.17;622;S355JR;galvanizacao;119;18752.52;4728.32;11486.36;19584.47;5384.35;13352.6;134.04
passadico;baixa;1308.35;106.45;77;S235JR;lacagem;45;1989.33;300.0;1912.84;2129.41;330.05;2384.45;8.44
cobertura;baixa;5253.04;558.43;167;S355JR;sem_tratamento;101;11065.84;995.81;521.51;11762.35;982.42;609.43;26.74
mezanino;media;5214.15;242.91;198;S235JR;pintura_liquida;52;7744.95;1316.47;3558.36;9640.18;1691.26;4696.98;43.47
plataforma;alta;3666.93;213.23;234;S355JR;galvanizacao;63;6761.64;1380.09;4577.98;7444.86;1452.23;5022.16;33.84
escadaria;baixa;500.82;37.39;22;S355JR;sem_tratamento;49;839.62;300.0;200.0;969.8;323.49;226.92;8.46
guarda-corpos;media;1949.1;239.27;542;AISI304;sem_tratamento;125;9476.48;703.54;211.23;10082.78;741.23;279.36;18.71
passarela;baixa;777.79;72.16;109;AL6060;anodizacao;51;2791.26;300.01;1328.74;5617.11;572.62;2635.2;16.13
passerelle;alta;2268.36;246.95;315;AL5754;pintura_liquida;107;8651.73;897.04;3375.23;9395.79;1019.45;4419.72;24.54
corrimao;media;4273.1;375.82;133;S235JR;pintura_liquida;58;5696.53;1112.74;6031.2;6539.96;1253.56;6829.54;33.93
gradeamento;baixa;2633.39;229.75;131;S355JR;sem_tratamento;69;4247.15;509.2;248.13;4265.35;535.66;263.16;13.82
portao;baixa;1840.6;129.16;158;S235JR;lacagem;55;2643.54;365.74;2334.5;2159.51;299.63;2366.71;8.09
pavilhao;alta;5444.61;204.28;267;S355JR;galvanizacao;131;10571.57;1985.96;7154.08;11866.15;1995.59;7858.59;49.96
passadico;baixa;2515.95;209.3;141;S235JR;sem_tratamento;57;3452.87;501.29;251.87;3618.24;519.74;257.57;13.38
cobertura;baixa;3635.04;359.16;368;S355JR;sem_tratamento;58;7475.68;780.35;348.76;8089.3;898.89;394.15;22.87
mezanino;media;5741.27;257.33;79;S355JR;pintura_liquida;64;10398.97;1480.2;4094.83;10947.33;1674.77;4184.22;44.03
plataforma;alta;4092.64;258.08;885;AISI304;polimento;160;25077.48;2351.63;5453.32;27590.27;2511.18;6454.74;64.93
escadaria;baixa;1095.84;114.66;28;AL6060;anodizacao;21;4078.44;300.0;2045.71;4248.06;327.71;2414.99;8.21
guarda-corpos;media;6190.63;718.05;238;AL5754;lacagem;137;24808.63;1610.78;11953.87;25865.59;1698.44;14222.19;45.67
passarela;baixa;2307.42;186.67;96;S235JR;sem_tratamento;23;3369.78;392.44;215.46;3662.0;440.59;231.03;11.37
passerelle;alta;2584.18;194.67;284;S355JR;galvanizacao;64;4698.73;1015.19;3408.48;5542.68;1255.58;4496.87;32.63
corrimao;media;6755.51;522.62;628;S235JR;pintura_liquida;90;8458.36;2367.99;7872.77;9441.13;2586.88;9906.87;67.54
gradeamento;baixa;3905.7;315.91;62;S355JR;sem_tratamento;36;6174.41;666.06;427.54;6878.9;762.65;596.29;18.82
portao;baixa;558.17;45.23;157;S235JR;sem_tratamento;27;805.24;300.0;200.0;915.7;328.06;215.51;8.4
pavilhao;alta;6581.86;285.09;416;S355JR;galvanizacao;78;11864.93;2620.01;7545.3;13298.27;2748.0;7463.7;68.26
passadico;baixa;2064.5;186.62;136;S355JR;sem_tratamento;29;3765.58;366.77;200.0;3950.85;382.0;217.61;9.86
cobertura;baixa;3447.71;363.31;262;AISI304;sem_tratamento;70;22106.76;729.56;340.56;26208.92;822.76;406.41;22.6
mezanino;media;2965.56;200.57;79;AL6060;lacagem;76;11721.67;775.63;3419.49;13461.74;813.38;3898.43;21.56
plataforma;alta;1484.42;120.13;99;AL5754;pintura_liquida;42;6289.19;528.34;1694.78;7135.06;577.06;2003.56;14.99
escadaria;baixa;464.85;35.06;168;S235JR;sem_tratamento;33;661.85;300.0;200.0;750.86;340.8;217.35;8.81
guarda-corpos;media;6229.07;601.65;353;S355JR;pintura_liquida;84;10547.43;1699.71;8739.67;11896.31;2020.16;10178.73;58.17
passarela;baixa;1776.8;148.8;37;S235JR;lacagem;35;2731.56;300.0;2372.52;2802.75;351.45;2929.45;9.03
passerelle;alta;2938.26;263.51;410;S355JR;galvanizacao;76;5222.76;1273.98;3318.13;5493.58;1333.09;4274.51;34.74
corrimao;media;5927.53;460.17;263;S235JR;pintura_liquida;82;8208.27;1805.31;6841.6;8530.32;1920.63;8391.39;51.5
gradeamento;baixa;2950.2;235.66;93;S355JR;sem_tratamento;48;5154.79;483.28;324.49;5906.21;544.65;354.52;13.61
portao;baixa;707.65;54.05;170;S355JR;sem_tratamento;39;1295.26;300.0;200.0;1398.08;334.52;200.89;8.75
pavilhao;alta;2521.72;138.39;275;AISI304;polimento;90;15248.31;898.17;2941.98;15774.77;991.77;3243.32;24.49
passadico;baixa;311.46;30.96;28;AL6060;anodizacao;41;1187.3;299.99;565.51;1382.56;381.06;737.47;9.14
cobertura;baixa;3803.58;488.31;395;AL5754;anodizacao;82;17479.8;789.1;9334.78;19083.35;835.86;9812.55;21.71
mezanino;media;5828.78;292.16;239;S235JR;pintura_liquida;88;9115.9;1555.75;3892.34;10153.12;1693.58;4400.55;41.09
plataforma;alta;3665.83;207.32;42;S355JR;galvanizacao;54;7318.69;1302.94;4601.95;8638.46;1359.32;5130.94;35.22
escadaria;baixa;924.23;67.6;100;S235JR;lacagem;45;1334.3;300.0;1180.4;1376.32;307.49;1305.99;8.68
guarda-corpos;media;5000.47;445.29;540;S355JR;pintura_liquida;96;8269.75;1541.4;6286.45;8523.7;1676.24;6689.35;45.13
passarela;baixa;938.15;75.55;70;S235JR;sem_tratamento;47;1300.8;300.0;200.0;1327.97;299.07;209.59;7.61
passerelle;alta;7014.89;545.65;202;S355JR;galvanizacao;88;12291.92;2797.83;8379.21;13631.15;3153.62;9730.88;73.51
corrimao;media;3546.08;280.37;198;S355JR;pintura_liquida;94;5681.71;1014.18;4112.94;6203.87;1106.78;4197.45;30.54
gradeamento;baixa;4004.88;423.6;556;AISI304;sem_tratamento;115;21301.92;1003.54;371.98;23153.04;1128.39;350.98;30.06
portao;baixa;1148.72;102.34;98;AL6060;anodizacao;51;4764.3;300.0;1993.49;4919.91;313.6;1910.11;8.39
pavilhao;alta;3362.62;177.49;615;AL5754;pintura_liquida;102;15012.06;1578.2;2423.2;27345.18;2519.26;5046.9;64.97
passadico;baixa;1849.1;151.79;117;S235JR;sem_tratamento;53;2611.82;328.17;200.0;2686.22;332.15;206.15;8.74
cobertura;baixa;7299.93;699.22;116;S355JR;sem_tratamento;94;14354.47;1205.86;690.62;15482.99;1332.92;731.91;33.54
mezanino;media;5337.63;278.33;108;S235JR;pintura_liquida;50;7831.38;1337.14;4091.0;8608.39;1450.68;4156.46;39.21
plataforma;alta;1757.61;119.13;231;S355JR;galvanizacao;66;3325.95;718.5;2029.94;3646.15;716.37;2540.52;18.27
escadaria;baixa;507.75;36.03;166;S235JR;sem_tratamento;57;690.68;300.01;200.0;760.11;342.21;215.9;9.11
guarda-corpos;media;6547.68;562.03;430;S355JR;pintura_liquida;108;10946.93;1914.68;8067.91;14275.54;2277.53;10014.8;58.01
passarela;baixa;1333.74;95.95;63;S355JR;sem_tratamento;59;2256.79;300.0;200.0;2431.19;344.03;237.57;10.05
passerelle;alta;6111.12;642.65;517;AISI304;polimento;200;31662.5;2707.81;15188.65;35271.95;2969.42;17704.68;83.2
corrimao;media;1051.6;108.01;274;AL6060;lacagem;56;3410.33;300.0;1611.88;3750.93;311.3;1862.3;8.03
gradeamento;baixa;2000.42;214.93;48;AL5754;anodizacao;72;7976.77;338.58;4248.5;8518.65;391.44;4349.06;10.29
portao;baixa;1495.39;111.32;167;S235JR;sem_tratamento;23;2332.69;299.99;200.0;2370.44;335.32;237.45;8.06
pavilhao;alta;7957.36;340.41;177;S355JR;galvanizacao;114;15854.15;3127.23;9275.9;16334.28;3446.66;10111.7;86.72
passadico;baixa;2076.01;148.79;40;S235JR;lacagem;25;2977.06;351.06;2314.96;3099.07;406.26;2390.76;10.96
cobertura;baixa;3167.55;281.15;151;S355JR;sem_tratamento;106;6664.05;647.07;327.88;7822.46;731.29;342.45;19.19
cobertura;baixa;2740.76;340.21;327;AL5754;anodizacao;87;12853.84;568.44;6169.97;13843.59;640.55;6684.3;15.18
mezanino;media;3293.5;186.38;233;S235JR;pintura_liquida;48;5230.83;1002.34;2633.64;5514.52;1112.3;3430.64;30.57
plataforma;alta;2839.17;186.04;221;S355JR;galvanizacao;69;5155.44;1106.9;3117.43;5660.37;1127.28;3556.94;29.16
escadaria;baixa;1129.31;77.87;34;S235JR;lacagem;25;1456.46;300.01;1270.35;1590.62;303.38;1534.45;8.51
guarda-corpos;media;4664.95;363.49;321;S355JR;pintura_liquida;91;7995.02;1303.98;5459.59;8312.18;1427.68;6133.97;36.9
passarela;baixa;2724.78;185.4;125;S235JR;sem_tratamento;27;4233.74;476.17;282.49;4611.63;502.31;308.79;12.43
passerelle;alta;3950.47;290.81;267;S355JR;galvanizacao;93;6926.37;1632.39;5181.37;7117.69;1845.24;5771.65;46.16
corrimao;media;3760.21;356.2;212;S355JR;pintura_liquida;54;5847.02;942.94;5322.36;7698.04;1190.63;7091.11;29.23
gradeamento;baixa;454.05;42.59;42;AISI304;sem_tratamento;75;2361.65;299.99;200.0;2555.73;296.22;197.14;7.46
portao;baixa;366.75;37.85;87;AL6060;anodizacao;31;1401.85;300.01;673.49;1422.6;314.91;792.7;7.91
pavilhao;alta;3224.28;171.88;381;AL5754;pintura_liquida;97;13750.94;1296.95;2522.31;14655.96;1439.25;2393.35;37.69
passadico;baixa;1804.86;143.77;106;S235JR;sem_tratamento;33;2581.87;321.21;200.0;2634.72;342.59;210.33;8.97
cobertura;baixa;3855.55;327.83;302;S355JR;sem_tratamento;99;7918.64;779.25;362.84;8222.18;828.6;360.31;21.27
mezanino;media;3220.45;170.13;158;S235JR;pintura_liquida;60;4858.63;916.63;2510.2;5076.16;1056.38;2655.64;28.27
plataforma;alta;3475.22;219.55;62;S355JR;galvanizacao;36;6306.63;1196.9;4022.55;6981.45;1365.49;4539.63;34.38
escadaria;baixa;1091.5;71.2;57;S235JR;sem_tratamento;37;1552.85;300.0;200.0;1636.24;315.88;229.06;8.25
guarda-corpos;media;8235.32;806.34;526;S355JR;pintura_liquida;103;13059.85;2976.36;12593.4;13410.6;3280.7;13201.52;83.12
passarela;baixa;2248.21;202.11;106;S355JR;sem_tratamento;39;3715.74;428.08;205.1;3945.76;454.09;228.01;12.98
passerelle;alta;1255.77;129.88;119;AISI304;polimento;105;7075.02;411.95;2800.09;7400.33;397.57;3027.3;10.84
corrimao;media;1259.04;159.31;117;AL6060;lacagem;66;4521.46;343.54;2506.75;3708.38;296.85;1797.86;8.33
gradeamento;baixa;1244.73;140.06;213;AL5754;anodizacao;42;4621.37;300.0;2743.04;4979.71;335.65;3290.38;8.7
portao;baixa;2062.15;152.98;73;S235JR;sem_tratamento;43;3162.4;399.11;224.4;3539.07;435.04;243.53;11.6
pavilhao;alta;4352.61;190.01;635;S355JR;galvanizacao;109;8649.95;2177.82;4940.7;9982.02;2205.53;5693.39;62.06
passadico;baixa;10630.66;727.31;399;S235JR;lacagem;115;14695.62;2440.39;13198.21;15534.64;2475.87;15373.98;69.24
cobertura;baixa;3004.48;289.93;369;S355JR;sem_tratamento;56;6110.36;709.75;313.5;7712.13;897.55;390.8;25.46
mezanino;media;1839.02;91.98;255;S235JR;pintura_liquida;72;2733.54;475.73;1319.7;2898.33;541.15;1369.91;14.78
plataforma;alta;3190.14;178.46;177;S355JR;galvanizacao;48;6372.57;1232.85;3468.04;7180.99;1317.36;3861.45;32.82
escadaria;baixa;2066.71;153.78;95;S355JR;sem_tratamento;49;3351.12;368.57;214.08;3608.3;373.72;205.43;9.69
guarda-corpos;media;4976.65;557.93;164;AISI304;sem_tratamento;115;24778.99;1367.61;545.64;27182.2;1529.8;663.17;40.89
passarela;baixa;795.41;91.48;25;AL6060;anodizacao;51;2896.08;300.0;1776.3;3197.44;319.52;1754.49;7.74
passerelle;alta;3569.48;380.3;181;AL5754;pintura_liquida;62;13966.6;1289.55;5198.56;15246.4;1395.08;6581.05;31.6
corrimao;media;2221.83;186.14;313;S235JR;pintura_liquida;78;2791.3;656.0;2772.51;2867.19;690.96;2930.61;17.91
gradeamento;baixa;3933.2;315.14;81;S355JR;sem_tratamento;54;6473.51;694.7;359.83;11097.2;1143.85;731.96;29.52
portao;baixa;1750.91;138.35;163;S235JR;lacagem;55;2607.83;308.39;2201.25;2844.14;350.77;2528.77;10.14
pavilhao;alta;7278.45;291.14;641;S355JR;galvanizacao;121;14425.11;3217.75;9285.98;15981.64;3593.13;10012.14;91.65
passadico;baixa;1235.28;113.02;45;S235JR;sem_tratamento;57;1654.85;300.0;200.0;1759.75;319.72;225.24;8.49
cobertura;baixa;4814.95;472.41;188;S355JR;sem_tratamento;68;9824.92;1014.22;512.15;10874.59;1094.27;621.33;26.24
mezanino;media;1732.92;79.66;86;S355JR;pintura_liquida;84;3298.69;433.44;1154.16;3587.24;499.98;1152.0;12.48
plataforma;alta;5635.81;374.34;695;AISI304;polimento;190;33669.48;2830.16;8966.77;35787.1;3157.5;10637.16;78.44
escadaria;baixa;968.02;97.15;55;AL6060;anodizacao;21;3493.36;300.0;1911.77;3737.67;314.19;1837.97;7.26
guarda-corpos;media;3399.15;416.22;474;AL5754;lacagem;127;13030.57;1145.94;6937.77;14398.38;1198.74;7295.27;33.17
passarela;baixa;2604.15;185.4;26;S235JR;sem_tratamento;23;3821.07;479.39;239.72;5012.02;574.14;312.93;14.36
passerelle;alta;5072.87;421.14;230;S355JR;galvanizacao;74;9470.8;1903.11;5489.86;10339.07;2059.58;6753.36;47.64
corrimao;media;5211.56;495.19;303;S235JR;pintura_liquida;90;6649.56;1398.91;7840.28;7034.11;1630.85;8262.27;42.71
gradeamento;baixa;2732.87;273.95;222;S355JR;sem_tratamento;66;4505.31;483.34;298.16;5161.53;536.96;359.99;14.64
portao;baixa;675.49;43.15;84;S235JR;sem_tratamento;27;1032.84;300.0;200.0;1127.15;331.82;197.28;8.64
pavilhao;alta;7170.69;272.16;450;S355JR;galvanizacao;133;13512.26;3175.62;8340.09;14677.34;3266.59;9202.55;76.39
passadico;baixa;2401.09;170.73;127;S355JR;sem_tratamento;29;4229.5;459.71;223.27;4692.43;507.8;219.54;12.91
cobertura;baixa;3834.15;458.68;484;AISI304;sem_tratamento;140;23875.19;912.36;358.66;24970.8;1022.8;445.76;26.26
mezanino;media;839.92;53.55;198;AL6060;lacagem;46;3069.58;300.0;897.94;3424.11;327.6;948.55;7.65
plataforma;alta;2022.24;175.13;86;AL5754;pintura_liquida;72;8628.75;734.75;2685.09;9430.88;756.78;3238.6;19.89
escadaria;baixa;1931.69;132.95;38;S235JR;sem_tratamento;33;2542.2;350.72;211.11;2957.78;380.67;222.23;9.93
guarda-corpos;media;4506.33;352.77;217;S355JR;pintura_liquida;139;7254.19;1232.01;4871.06;7339.85;1371.25;5589.17;37.07
passarela;baixa;642.25;52.84;52;S235JR;lacagem;35;881.7;300.0;866.8;1048.72;312.25;784.35;8.32
passerelle;alta;4330.21;372.38;330;S355JR;galvanizacao;86;7198.61;1774.38;5522.83;7793.12;1895.49;5647.33;47.06
corrimao;media;2215.49;182.97;203;S235JR;pintura_liquida;52;2876.38;629.9;2668.63;3378.9;721.96;2998.76;17.22
gradeamento;baixa;2289.7;182.08;172;S355JR;sem_tratamento;78;3551.23;436.44;206.8;3549.67;452.58;223.74;11.17
portao;baixa;1316.02;97.26;153;S355JR;sem_tratamento;39;2266.39;300.0;200.0;2192.51;324.54;197.4;8.84
pavilhao;alta;2682.8;115.86;630;AISI304;polimento;80;15832.88;1303.35;2374.97;19855.73;1641.79;3060.94;41.81
passadico;baixa;1520.91;170.26;131;AL6060;anodizacao;41;5514.88;299.99;2969.08;6040.74;341.85;3098.42;8.39
cobertura;baixa;2373.21;346.99;327;AL5754;anodizacao;92;10533.11;491.35;6811.92;11996.57;546.51;7297.45;14.54
mezanino;media;3608.0;189.78;286;S235JR;pintura_liquida;58;5466.25;1040.87;2773.49;5920.91;1100.31;2765.13;29.3
plataforma;alta;2502.08;151.29;42;S355JR;galvanizacao;39;5075.72;851.41;3185.43;5847.04;907.18;3628.67;24.21
escadaria;baixa;1115.06;85.89;16;S235JR;lacagem;45;1412.83;300.01;1296.0;1470.51;319.03;1423.65;9.48
guarda-corpos;media;10964.28;996.99;612;S355JR;pintura_liquida;86;18405.35;3798.08;14744.99;20378.25;4354.91;16444.22;110.13
guarda-corpos;media;6033.08;803.79;428;AL5754;lacagem;122;24251.21;1751.49;12546.4;27263.81;1734.05;14310.47;50.8
passarela;baixa;1193.41;92.26;136;S235JR;sem_tratamento;43;1798.54;300.0;200.0;1973.52;308.88;226.45;8.24
passerelle;alta;4022.97;350.36;369;S355JR;galvanizacao;79;6724.73;1744.8;4630.7;7345.13;1848.2;5866.48;42.48
corrimao;media;2623.07;222.82;161;S235JR;pintura_liquida;50;3550.58;709.56;3462.67;4100.04;744.34;4039.65;19.93
gradeamento;baixa;3752.05;291.22;203;S355JR;sem_tratamento;36;6459.28;751.89;380.59;7019.84;758.26;414.11;20.09
portao;baixa;859.57;69.14;84;S235JR;sem_tratamento;47;1217.46;300.0;200.0;1297.83;325.47;194.1;8.77
pavilhao;alta;10215.21;400.02;259;S355JR;galvanizacao;128;18770.19;4140.86;11703.21;19708.24;4410.98;13577.4;106.9
passadico;baixa;748.13;63.76;142;S355JR;sem_tratamento;49;1239.14;300.0;200.0;1352.17;324.03;189.61;8.99
cobertura;baixa;1894.11;204.54;377;AISI304;sem_tratamento;85;11354.46;430.33;200.0;12445.63;446.98;223.87;11.68
mezanino;media;2338.72;141.87;284;AL6060;lacagem;56;9481.12;705.46;2315.23;11745.91;899.61;2464.24;21.93
plataforma;alta;1597.56;134.49;72;AL5754;pintura_liquida;42;6888.58;582.5;2009.4;7703.35;640.08;2241.43;15.05
escadaria;baixa;2031.74;150.18;83;S235JR;sem_tratamento;53;2926.87;326.82;200.0;3166.49;342.45;226.57;9.53
guarda-corpos;media;10586.79;950.21;340;S355JR;pintura_liquida;134;17358.29;3204.81;14379.4;18443.55;3527.67;14768.86;87.42
passarela;baixa;861.7;72.19;98;S235JR;lacagem;55;1271.44;300.0;1185.51;1350.97;334.77;1142.85;8.63
passerelle;alta;2906.31;203.27;298;S355JR;galvanizacao;91;4772.69;1132.41;3489.15;8289.87;1923.26;5019.59;52.5
corrimao;media;3620.43;297.24;185;S235JR;pintura_liquida;62;4509.74;1052.08;4498.15;4712.44;1085.81;4577.04;29.08
gradeamento;baixa;3974.64;358.92;83;S355JR;sem_tratamento;48;6896.57;689.97;358.93;7215.39;718.39;350.42;17.72
portao;baixa;2268.53;165.64;162;S355JR;sem_tratamento;59;4249.58;464.58;209.38;4316.46;518.55;200.74;13.35
pavilhao;alta;7187.99;323.58;937;AISI304;polimento;180;32987.96;3051.45;6040.05;37685.56;3161.51;6590.0;80.25
passadico;baixa;1156.02;132.93;26;AL6060;anodizacao;21;4329.01;300.0;2590.73;4860.39;337.94;2570.3;8.03
cobertura;baixa;2320.59;334.7;345;AL5754;anodizacao;97;9982.3;501.71;5841.27;10664.05;532.0;6060.4;15.09
mezanino;media;4472.9;212.85;338;S235JR;pintura_liquida;68;7206.22;1242.73;3199.58;7769.31;1416.69;3387.51;38.12
plataforma;alta;2964.72;161.31;47;S355JR;galvanizacao;54;5778.8;899.76;3235.5;6298.79;909.8;3270.83;22.29
escadaria;baixa;6529.81;471.66;600;S235JR;lacagem;140;9417.41;1727.46;7467.09;10547.78;1847.1;8743.92;48.57
guarda-corpos;media;9123.94;806.7;492;S355JR;pintura_liquida;81;14290.71;3138.09;12100.95;15502.25;3409.1;13970.82;89.04
passarela;baixa;1532.69;110.53;101;S235JR;sem_tratamento;27;2235.74;300.0;200.0;1880.01;259.22;143.05;6.84
passerelle;alta;5396.14;404.35;93;S355JR;galvanizacao;103;9622.19;1673.24;6507.87;12517.34;1882.5;9051.37;51.65
corrimao;media;2672.53;228.57;241;S355JR;pintura_liquida;74;4177.36;781.37;3360.14;4458.31;866.89;3728.05;22.75
gradeamento;baixa;572.31;66.8;53;AISI304;sem_tratamento;60;2749.44;300.0;200.0;2995.13;318.74;227.89;8.44
portao;baixa;716.51;63.14;39;AL6060;anodizacao;31;2837.2;300.01;1214.81;3130.05;310.13;1392.77;8.76
pavilhao;alta;5431.27;271.91;582;AL5754;pintura_liquida;87;24433.14;2730.24;3683.79;24959.63;3091.88;4132.29;74.23
passadico;baixa;2967.56;247.22;57;S235JR;sem_tratamento;33;4345.5;567.48;300.21;4661.69;587.16;304.94;15.45
cobertura;baixa;3455.74;385.93;446;S355JR;sem_tratamento;109;7072.37;753.2;350.01;7322.05;805.13;427.47;21.94
mezanino;media;1540.63;79.95;100;S235JR;pintura_liquida;80;2408.69;355.23;1272.15;2671.09;400.95;1422.02;10.02
plataforma;alta;2709.51;177.57;208;S355JR;galvanizacao;66;4936.94;1072.45;3514.71;5306.86;1033.06;3924.18;27.63
escadaria;baixa;1291.39;102.04;94;S235JR;sem_tratamento;37;1663.87;300.01;200.0;1835.07;325.45;196.45;8.49
guarda-corpos;media;6770.29;625.67;369;S355JR;pintura_liquida;93;11243.15;2215.91;10165.84;12694.76;2316.55;12439.71;59.29
passarela;baixa;594.45;49.7;87;S355JR;sem_tratamento;39;1081.39;300.01;200.0;1161.53;337.36;217.22;8.66
passerelle;alta;2022.55;193.33;238;AISI304;polimento;60;10781.54;808.01;4626.65;11167.03;853.26;5281.72;22.52
corrimao;media;1915.38;214.66;286;AL6060;lacagem;86;6191.57;577.25;3330.73;7134.33;638.18;4018.96;17.48
gradeamento;baixa;1992.67;229.92;229;AL5754;anodizacao;72;7861.46;421.85;4494.32;8516.67;463.04;4094.86;10.09
portao;baixa;898.49;60.22;29;S235JR;sem_tratamento;43;1272.44;300.0;200.0;1366.4;318.57;228.12;7.76
pavilhao;alta;5629.7;234.41;311;S355JR;galvanizacao;99;10012.24;2056.22;7111.89;11364.08;2314.92;7770.03;54.75
passadico;baixa;1813.69;126.38;142;S235JR;lacagem;45;2762.93;344.25;2099.31;3610.56;450.86;2557.66;12.18
cobertura;baixa;6221.5;653.14;177;S355JR;sem_tratamento;66;12845.75;1078.24;658.45;14034.26;1204.51;630.17;28.29
mezanino;media;3076.86;143.26;162;S235JR;pintura_liquida;92;4617.33;767.77;1929.83;5199.24;907.4;2200.11;22.27
plataforma;alta;2778.95;165.06;94;S355JR;galvanizacao;78;5473.61;856.54;3427.52;6287.15;972.8;4437.1;22.19
escadaria;baixa;1562.04;105.5;17;S355JR;sem_tratamento;49;2359.88;300.01;200.0;2465.42;338.7;236.63;8.81
guarda-corpos;media;3385.16;396.47;589;AISI304;sem_tratamento;90;16522.58;1147.71;355.3;17108.06;1183.43;390.52;30.47
passarela;baixa;1028.46;95.11;47;AL6060;anodizacao;51;3858.99;300.01;1628.55;4168.43;342.4;1851.94;7.59
passerelle;alta;2712.73;281.31;110;AL5754;pintura_liquida;72;11418.51;880.35;4571.8;11662.11;956.03;4586.98;25.24
corrimao;media;4584.81;352.57;134;S235JR;pintura_liquida;48;5645.2;1079.34;5108.11;6187.69;1133.43;5970.95;29.63
gradeamento;baixa;2491.35;208.59;140;S355JR;sem_tratamento;39;4051.67;426.47;267.92;4130.99;455.89;335.81;11.41
portao;baixa;1187.13;95.07;41;S235JR;lacagem;55;1884.41;300.0;1544.99;2114.18;335.74;1866.68;8.82
pavilhao;alta;8704.37;344.36;237;S355JR;galvanizacao;111;16153.46;3564.15;10978.67;18098.6;3496.87;11479.73;88.53
passadico;baixa;1234.76;97.83;29;S235JR;sem_tratamento;57;1713.58;300.0;200.0;3145.56;549.79;409.97;13.98
cobertura;baixa;6504.7;622.15;236;S355JR;sem_tratamento;78;13073.0;1278.49;705.91;14081.16;1396.98;766.24;34.32
mezanino;media;3221.23;149.72;65;S355JR;pintura_liquida;54;5451.76;744.08;2412.65;5608.15;729.22;2596.9;17.79
plataforma;alta;6000.12;462.38;952;AISI304;polimento;130;32395.44;3220.14;10436.87;35021.08;3541.28;11889.97;86.19
escadaria;baixa;1170.72;103.12;160;AL6060;anodizacao;21;4263.07;300.0;1941.35;4351.36;317.98;1806.64;8.85
guarda-corpos;media;3085.57;350.72;305;AL5754;lacagem;117;12399.82;966.94;5856.67;15920.03;1128.08;8020.6;32.45
passarela;baixa;1903.17;141.53;101;S235JR;sem_tratamento;23;2848.46;369.14;205.4;2987.53;378.13;230.55;9.5
passerelle;alta;6571.44;463.36;368;S355JR;galvanizacao;84;10790.25;2843.01;7209.29;11825.22;2858.2;8909.51;67.45
corrimao;media;5005.06;399.51;278;S235JR;pintura_liquida;60;6395.58;1408.65;5490.05;6799.16;1560.68;5907.95;37.41
gradeamento;baixa;2201.98;183.86;220;S355JR;sem_tratamento;51;3748.91;418.66;200.0;4136.48;414.78;239.02;11.93
gradeamento;baixa;1116.67;116.51;177;AL5754;anodizacao;42;4308.03;300.0;2026.12;4604.92;338.57;1991.62;8.63
portao;baixa;499.24;34.06;48;S235JR;sem_tratamento;23;799.92;300.0;200.0;830.29;325.91;224.44;8.36
pavilhao;alta;11447.05;449.56;511;S355JR;galvanizacao;94;21365.49;5252.99;14667.08;22692.04;5330.04;17898.1;136.93
passadico;baixa;994.47;82.72;113;S235JR;lacagem;25;1333.97;300.01;1306.75;1480.22;321.1;1516.18;8.95
cobertura;baixa;5722.3;575.78;425;S355JR;sem_tratamento;71;11215.46;1233.84;527.56;12379.93;1322.17;598.95;35.5
mezanino;media;5176.04;232.69;182;S235JR;pintura_liquida;52;7738.56;1248.27;3582.87;8416.64;1328.0;3765.1;35.16
plataforma;alta;1017.94;69.49;60;S355JR;galvanizacao;48;1806.71;326.87;1201.1;1975.31;330.84;1247.63;8.29
escadaria;baixa;931.28;69.11;107;S355JR;sem_tratamento;29;1441.1;300.0;200.0;1616.03;312.49;237.4;8.26
guarda-corpos;media;1952.96;206.41;247;AISI304;sem_tratamento;100;10257.92;565.26;200.0;11995.83;592.15;214.17;16.11
passarela;baixa;1023.31;113.28;65;AL6060;anodizacao;31;3851.14;300.0;2069.72;4025.58;326.86;2623.52;8.24
passerelle;alta;1973.49;179.52;252;AL5754;pintura_liquida;77;8068.91;792.09;2546.76;9110.73;935.94;3058.76;23.57
corrimao;media;2974.93;239.4;112;S235JR;pintura_liquida;58;3866.86;730.22;3630.65;4996.28;838.25;4795.04;21.28
gradeamento;baixa;3331.64;296.03;163;S355JR;sem_tratamento;54;5439.96;620.98;303.31;6092.84;685.41;314.35;17.8
portao;baixa;1086.8;86.74;36;S235JR;lacagem;35;1569.97;300.0;1319.48;1630.76;319.44;1485.97;8.9
pavilhao;alta;9114.53;397.44;575;S355JR;galvanizacao;106;16736.46;4596.35;10866.35;18205.76;5346.56;12528.11;127.21
passadico;baixa;1097.89;98.78;24;S235JR;sem_tratamento;37;1565.38;300.01;200.0;1677.21;327.59;206.21;7.9
cobertura;baixa;5903.37;636.04;457;S355JR;sem_tratamento;83;11492.55;1219.52;592.41;12625.96;1276.89;662.72;34.83
mezanino;media;5104.01;283.04;226;S355JR;pintura_liquida;64;8971.98;1398.37;4235.65;9463.08;1470.79;4698.29;43.36
plataforma;alta;1795.41;135.99;221;AISI304;polimento;60;10715.41;689.19;2951.37;11675.44;780.05;2803.39;19.2
escadaria;baixa;1286.34;108.99;16;AL6060;anodizacao;41;4573.42;300.0;1801.28;4991.42;334.76;2233.83;8.51
guarda-corpos;media;2978.16;378.6;165;AL5754;lacagem;112;11666.08;804.96;6459.85;12015.37;850.08;7036.28;24.33
passarela;baixa;2741.48;208.06;115;S235JR;sem_tratamento;43;4103.6;476.9;265.34;4269.07;476.85;308.79;12.78
passerelle;alta;3230.42;260.65;311;S355JR;galvanizacao;89;5818.44;1267.41;3979.68;6150.81;1351.7;4697.39;32.25
corrimao;media;6020.3;452.46;620;S235JR;pintura_liquida;90;8056.98;2261.55;6331.82;8561.5;2435.68;6038.42;64.15
gradeamento;baixa;2629.3;210.65;166;S355JR;sem_tratamento;66;4096.66;469.12;265.92;4685.3;558.87;252.25;13.78
portao;baixa;2297.57;184.91;158;S235JR;sem_tratamento;47;3294.4;392.23;236.39;3356.32;449.9;230.34;10.91
pavilhao;alta;11019.56;496.41;226;S355JR;galvanizacao;118;19857.13;3999.96;12203.69;23820.65;4528.61;13713.49;113.86
passadico;baixa;2272.56;196.83;109;S355JR;sem_tratamento;49;3797.43;449.89;232.72;4135.37;477.04;279.3;12.77
cobertura;baixa;2084.36;217.19;403;AISI304;sem_tratamento;95;13572.32;487.14;200.0;16645.79;658.43;302.65;16.57
mezanino;media;883.57;59.07;74;AL6060;lacagem;76;3328.45;300.0;1017.93;3804.2;297.69;1067.06;7.81
plataforma;alta;1188.74;81.05;210;AL5754;pintura_liquida;72;5409.52;436.47;1095.03;5695.81;473.98;1196.62;11.29
escadaria;baixa;644.26;42.63;156;S235JR;sem_tratamento;53;822.87;300.0;200.0;696.74;255.5;180.38;6.72
guarda-corpos;media;11130.47;1134.8;157;S355JR;pintura_liquida;124;18832.15;2888.82;18008.72;20277.29;3196.1;20258.55;80.84
passarela;baixa;1995.1;151.75;128;S235JR;lacagem;55;2739.99;376.22;2527.0;2990.26;441.69;3228.42;11.78
passerelle;alta;3047.45;262.9;307;S355JR;galvanizacao;101;5137.97;1148.75;3857.38;6253.56;1354.29;4775.4;32.97
corrimao;media;1698.15;136.32;331;S235JR;pintura_liquida;82;2382.1;491.01;1974.12;2483.84;502.74;2526.4;12.14
gradeamento;baixa;1541.45;153.39;192;S355JR;sem_tratamento;78;2610.45;300.01;200.0;2878.65;344.21;209.2;9.09
portao;baixa;2165.37;167.95;32;S355JR;sem_tratamento;59;3755.42;402.88;232.39;6776.17;721.03;509.01;19.42
pavilhao;alta;4160.14;226.1;962;AISI304;polimento;120;22836.56;2100.1;5035.55;24166.84;2365.31;5587.42;64.57
passadico;baixa;1229.42;128.25;141;AL6060;anodizacao;21;4481.4;300.0;2203.13;5056.76;309.83;2331.38;8.34
cobertura;baixa;3235.7;442.17;436;AL5754;anodizacao;107;15864.81;757.56;8222.36;18916.87;821.47;9223.66;21.52
mezanino;media;5054.36;269.69;332;S235JR;pintura_liquida;88;7415.08;1582.61;3778.27;8123.59;1650.06;4451.99;46.02
plataforma;alta;1402.92;75.41;228;S355JR;galvanizacao;39;2629.01;473.19;1654.81;3020.55;506.26;1955.73;13.09
escadaria;baixa;1996.44;118.96;22;S235JR;lacagem;25;2562.7;369.32;1820.44;2744.24;393.38;1825.0;10.74
guarda-corpos;media;4365.32;391.54;625;S355JR;pintura_liquida;136;7763.82;1677.02;5219.4;9345.37;1756.5;5627.98;48.49
passarela;baixa;1944.82;132.91;146;S235JR;sem_tratamento;27;2900.89;386.17;212.81;3600.8;482.91;275.62;13.75
passerelle;alta;5293.11;368.24;326;S355JR;galvanizacao;58;9517.0;2031.35;6708.06;11230.3;2205.87;7521.13;55.89
corrimao;media;3209.9;262.28;69;S355JR;pintura_liquida;94;5133.92;847.51;4194.13;5494.97;954.05;4190.04;24.17
gradeamento;baixa;4039.88;494.4;336;AISI304;sem_tratamento;115;20560.59;824.31;385.14;22383.57;899.98;424.44;24.31
portao;baixa;1241.94;112.2;131;AL6060;anodizacao;31;4732.13;299.99;2047.23;5048.94;346.09;2552.63;8.6
pavilhao;alta;3289.53;170.41;437;AL5754;pintura_liquida;77;15022.39;1377.71;2434.13;16083.01;1345.87;3138.89;35.89
passadico;baixa;2590.0;190.69;108;S235JR;sem_tratamento;33;3623.3;446.29;263.25;3933.75;479.57;332.99;12.47
cobertura;baixa;2860.54;245.22;172;S355JR;sem_tratamento;64;5604.68;536.96;276.5;6262.87;638.27;313.82;16.67
mezanino;media;2453.17;131.19;328;S235JR;pintura_liquida;50;3817.36;653.7;1927.54;4318.2;696.15;2192.22;18.24
plataforma;alta;1093.34;66.11;71;S355JR;galvanizacao;51;1951.19;375.71;1375.56;2176.63;427.43;1635.55;9.8
escadaria;baixa;986.98;71.46;59;S235JR;sem_tratamento;37;1356.31;300.0;200.0;1436.32;303.6;210.25;8.27
guarda-corpos;media;6862.78;548.36;343;S355JR;pintura_liquida;83;11076.0;2241.01;8250.21;11632.69;2217.3;9584.92;63.48
passarela;baixa;1386.4;114.04;66;S355JR;sem_tratamento;39;2453.33;300.0;200.0;2655.12;314.58;215.21;8.5
passerelle;alta;2258.26;199.78;201;AISI304;polimento;70;11523.61;792.71;4771.33;12658.18;848.17;4760.19;22.76
corrimao;media;1283.59;157.89;89;AL6060;lacagem;56;4118.51;328.35;2683.53;4606.77;370.59;3228.94;8.6
gradeamento;baixa;1657.41;192.78;124;AL5754;anodizacao;57;6463.39;299.99;3158.28;6634.4;299.77;3428.34;8.32
portao;baixa;2379.23;177.02;30;S235JR;sem_tratamento;43;3545.89;395.69;232.53;3827.95;451.76;293.05;11.24
pavilhao;alta;5156.83;225.87;244;S355JR;galvanizacao;89;9633.21;1876.3;6732.78;12350.37;2386.04;9864.65;63.2
passadico;baixa;924.63;78.4;125;S235JR;lacagem;45;1307.18;300.0;1267.79;1448.07;324.08;1290.41;8.23
cobertura;baixa;3214.6;354.29;123;S355JR;sem_tratamento;76;6543.57;614.01;311.42;6585.08;614.06;297.65;16.82
cobertura;baixa;4320.71;599.47;211;AL5754;anodizacao;57;18621.0;786.8;10756.76;20784.12;900.71;12417.5;24.81
mezanino;media;5021.64;233.15;238;S235JR;pintura_liquida;48;7873.11;1487.34;3482.94;8495.33;1596.98;3847.28;42.89
plataforma;alta;3889.73;245.77;169;S355JR;galvanizacao;54;7336.75;1268.01;4426.32;8035.39;1424.06;5013.83;35.18
escadaria;baixa;468.08;35.98;66;S235JR;lacagem;45;607.59;300.0;570.09;659.0;351.84;635.3;8.56
guarda-corpos;media;7243.2;575.49;647;S355JR;pintura_liquida;131;12783.31;2336.29;9019.91;13403.3;2528.96;10158.94;65.41
passarela;baixa;1852.84;167.12;149;S235JR;sem_tratamento;47;2795.18;352.0;200.0;3177.67;351.68;239.37;9.34
passerelle;alta;2959.12;252.05;234;S355JR;galvanizacao;63;4913.1;1154.69;3305.13;5516.65;1194.74;3293.6;30.71
corrimao;media;1810.99;165.89;174;S355JR;pintura_liquida;54;2828.24;478.12;2255.72;3094.34;500.62;2428.65;12.94
gradeamento;baixa;498.72;52.5;120;AISI304;sem_tratamento;60;2450.13;300.0;200.0;2659.19;310.95;253.25;8.15
portao;baixa;505.39;43.54;134;AL6060;anodizacao;51;1904.11;300.01;714.08;1945.16;342.25;835.05;8.76
pavilhao;alta;6487.82;365.67;272;AL5754;pintura_liquida;137;27994.33;2425.53;5696.9;30459.8;2727.99;6426.1;70.49
passadico;baixa;1911.97;167.88;24;S235JR;sem_tratamento;53;2780.63;346.48;200.0;3015.34;383.77;246.84;10.19
cobertura;baixa;7189.72;627.99;155;S355JR;sem_tratamento;69;14443.72;1427.69;760.18;15916.63;1573.4;903.12;41.21
mezanino;media;1855.36;86.86;317;S235JR;pintura_liquida;60;2720.0;585.6;1370.8;3553.97;715.22;1760.26;19.14
plataforma;alta;1125.22;57.77;172;S355JR;galvanizacao;66;2164.75;386.64;1371.48;2451.61;456.86;1341.71;10.75
escadaria;baixa;2382.66;164.47;109;S235JR;sem_tratamento;57;3454.53;397.38;221.63;3620.66;407.41;256.42;10.6
guarda-corpos;media;7035.18;585.45;579;S355JR;pintura_liquida;78;11117.05;2556.24;8054.4;10777.04;2654.76;8466.96;67.21
passarela;baixa;1391.1;100.61;73;S355JR;sem_tratamento;59;2498.64;300.01;200.0;2745.22;328.72;201.92;9.12
passerelle;alta;5710.4;556.27;582;AISI304;polimento;200;30803.66;2864.12;12345.59;34758.88;2880.72;14354.79;74.26
corrimao;media;1083.63;132.61;102;AL6060;lacagem;66;3613.99;299.99;2227.26;6387.08;572.71;4188.59;14.49
gradeamento;baixa;825.78;106.68;232;AL5754;anodizacao;72;3084.24;300.0;2051.84;3428.7;354.87;2380.63;8.58
portao;baixa;1159.97;76.26;34;S235JR;sem_tratamento;23;1714.2;300.0;200.0;1807.07;321.47;185.71;8.31
pavilhao;alta;5719.14;252.43;193;S355JR;galvanizacao;84;10966.98;2263.37;6962.77;11333.33;2330.65;8845.14;59.31
passadico;baixa;6371.13;584.28;509;S235JR;lacagem;115;9684.95;1476.68;9576.02;10978.39;1493.63;11703.01;40.57
cobertura;baixa;5653.57;494.02;345;S355JR;sem_tratamento;81;11726.17;1247.33;586.45;13214.41;1465.94;716.54;38.85
mezanino;media;5201.13;225.11;338;S235JR;pintura_liquida;72;7852.65;1453.3;3097.27;8450.71;1698.48;3035.27;41.98
plataforma;alta;2485.88;165.17;218;S355JR;galvanizacao;78;4784.03;962.34;2803.73;5453.34;1062.77;3580.87;25.43
escadaria;baixa;1436.75;103.06;78;S355JR;sem_tratamento;29;2424.83;300.0;200.0;2582.57;318.85;223.28;8.43
guarda-corpos;media;3851.7;386.41;257;AISI304;sem_tratamento;90;18782.26;1049.19;412.42;20961.76;1111.65;485.92;29.83
passarela;baixa;1196.03;134.19;41;AL6060;anodizacao;31;4581.83;300.0;2390.32;5012.47;319.12;2613.3;8.44
passerelle;alta;4326.52;396.8;125;AL5754;pintura_liquida;87;16851.38;1604.47;5639.37;19660.71;2142.31;8113.46;53.19
corrimao;media;2144.71;204.41;295;S235JR;pintura_liquida;78;2726.12;608.09;3133.28;3112.34;647.3;4095.86;16.85
gradeamento;baixa;3151.5;283.54;83;S355JR;sem_tratamento;39;5173.96;614.29;314.45;5538.25;613.22;350.55;15.19
portao;baixa;1138.24;88.4;37;S235JR;lacagem;35;1791.78;300.01;1557.01;1928.31;342.41;1765.58;8.84
pavilhao;alta;7054.85;313.87;362;S355JR;galvanizacao;96;13406.59;2728.26;9131.23;14600.07;2958.44;9114.09;72.51
passadico;baixa;1876.32;139.69;69;S235JR;sem_tratamento;37;2857.52;308.07;200.0;2981.06;328.72;229.18;8.26
cobertura;baixa;4426.16;455.01;123;S355JR;sem_tratamento;93;9281.81;757.47;420.62;10026.03;816.53;474.25;22.58
mezanino;media;5837.04;309.8;105;S355JR;pintura_liquida;84;10326.28;1394.99;4853.49;8728.63;1099.34;3782.19;28.56
plataforma;alta;1067.45;68.15;170;AISI304;polimento;45;6251.12;355.69;1397.82;6693.21;350.68;1502.66;9.63
escadaria;baixa;1034.74;83.74;131;AL6060;anodizacao;41;3807.46;300.01;1384.33;3996.91;311.39;1661.8;8.81
guarda-corpos;media;2407.78;319.7;625;AL5754;lacagem;102;9796.18;895.21;5195.45;10701.72;978.78;6622.4;26.07
passarela;baixa;634.58;55.4;104;S235JR;sem_tratamento;43;884.01;300.0;200.0;922.17;316.25;210.49;8.69
passerelle;alta;3340.43;233.66;383;S355JR;galvanizacao;99;5959.85;1420.07;4191.57;6252.69;1495.63;4979.24;36.56
corrimao;media;4509.34;413.21;196;S235JR;pintura_liquida;90;6212.24;1157.44;6352.06;6779.86;1169.02;6265.78;33.47
gradeamento;baixa;1691.59;129.62;59;S355JR;sem_tratamento;51;2900.06;300.0;200.0;2986.51;329.98;225.94;9.08
portao;baixa;415.55;33.6;68;S235JR;sem_tratamento;47;662.68;299.99;200.0;692.73;335.56;229.08;8.58
pavilhao;alta;7198.64;288.36;242;S355JR;galvanizacao;108;13042.42;2700.62;8640.64;13220.86;2857.97;8977.09;73.03
passadico;baixa;2269.72;163.45;110;S355JR;sem_tratamento;49;4086.9;404.34;220.87;5257.4;517.8;310.73;14.34
cobertura;baixa;4924.2;665.72;424;AISI304;sem_tratamento;140;30742.71;1079.39;454.56;32705.51;1145.87;537.02;30.2
mezanino;media;1015.36;74.35;106;AL6060;lacagem;46;4011.66;299.99;1190.29;4216.75;325.85;1519.43;7.94
plataforma;alta;1490.93;125.56;168;AL5754;pintura_liquida;57;7007.53;519.81;1746.36;7361.95;596.76;1995.32;14.03
escadaria;baixa;434.12;28.99;114;S235JR;sem_tratamento;53;626.75;299.99;200.0;670.26;356.79;233.06;8.75
guarda-corpos;media;8903.41;839.12;425;S355JR;pintura_liquida;114;15282.18;2785.96;12506.75;16869.71;2949.83;14200.26;82.55
passarela;baixa;580.91;40.31;147;S235JR;lacagem;55;899.0;300.0;625.86;910.77;359.73;745.56;9.63
passerelle;alta;4786.27;429.36;214;S355JR;galvanizacao;56;8394.76;1656.55;5782.42;8643.01;1878.75;7029.87;47.05
corrimao;media;4357.16;351.87;267;S235JR;pintura_liquida;52;5825.79;1279.17;4844.24;6157.04;1414.5;5822.87;37.4
gradeamento;baixa;1933.88;172.04;43;S355JR;sem_tratamento;63;2954.63;337.99;200.0;3321.36;376.7;227.39;9.37
portao;baixa;1071.02;79.23;48;S355JR;sem_tratamento;59;1870.48;300.01;200.0;1964.54;287.74;210.03;8.26
pavilhao;alta;6273.41;274.3;983;AISI304;polimento;150;36277.73;3826.25;6449.41;37309.04;4207.72;7177.92;100.89
passadico;baixa;1053.49;104.89;95;AL6060;anodizacao;21;4121.5;300.01;1749.8;4580.21;363.0;2130.88;9.16
cobertura;baixa;2364.81;310.29;295;AL5754;anodizacao;62;11619.7;493.63;5533.88;22484.27;827.94;9616.83;21.94
mezanino;media;3997.74;182.45;293;S235JR;pintura_liquida;58;5811.74;1122.7;2946.55;6615.33;1190.96;3266.69;30.8
plataforma;alta;1246.87;82.32;128;S355JR;galvanizacao;69;2269.01;465.31;1362.23;2382.15;519.68;1501.93;12.11
escadaria;baixa;849.37;55.09;52;S235JR;lacagem;25;1162.49;300.0;977.88;1251.15;338.47;1076.11;8.85
guarda-corpos;media;7722.71;678.29;220;S355JR;pintura_liquida;126;12627.79;2119.77;9603.43;15635.87;2806.77;10710.73;70.95
guarda-corpos;media;4127.09;552.03;429;AL5754;lacagem;97;16322.96;1229.95;10011.85;17746.9;1238.66;9957.82;30.9
passarela;baixa;853.69;69.97;67;S235JR;sem_tratamento;23;1295.34;300.01;200.0;2166.42;510.96;343.22;13.9
passerelle;alta;5860.12;452.66;242;S355JR;galvanizacao;104;10206.56;2147.1;6726.61;11068.09;2205.05;8193.48;51.78
corrimao;media;4571.03;392.52;310;S235JR;pintura_liquida;50;6381.6;1229.6;5481.93;6722.49;1353.4;5633.24;36.83
gradeamento;baixa;1135.87;104.45;95;S355JR;sem_tratamento;66;1883.33;299.99;200.0;2084.45;316.75;243.18;8.64
portao;baixa;1357.86;107.83;38;S235JR;sem_tratamento;27;1929.66;300.0;200.0;2135.96;285.68;222.14;8.18
pavilhao;alta;6347.55;232.05;260;S355JR;galvanizacao;103;12148.11;2449.95;7370.57;14090.17;2748.18;8996.92;65.53
passadico;baixa;849.56;60.03;21;S355JR;sem_tratamento;29;1474.93;300.0;200.0;1601.96;346.89;261.24;8.21
cobertura;baixa;2758.07;342.28;295;AISI304;sem_tratamento;55;17871.35;526.63;270.86;19110.34;602.59;303.99;15.76
mezanino;media;1764.89;112.05;77;AL6060;lacagem;56;7070.46;433.34;2027.91;7490.33;479.89;2163.29;10.93
plataforma;alta;1575.8;115.91;189;AL5754;pintura_liquida;72;7299.53;561.91;1657.71;7909.77;594.07;1779.8;16.42
escadaria;baixa;1984.63;125.6;111;S235JR;sem_tratamento;33;2542.74;393.28;200.0;2765.5;459.73;193.36;11.0
guarda-corpos;media;6991.54;590.26;544;S355JR;pintura_liquida;109;11720.21;2388.63;9556.64;13256.6;2564.24;11006.89;64.63
passarela;baixa;1086.26;78.85;134;S235JR;lacagem;35;1704.67;300.0;1299.19;1780.25;318.71;1593.34;8.6
passerelle;alta;5007.05;423.22;308;S355JR;galvanizacao;61;9164.8;1957.44;5599.1;10046.31;2031.49;6057.82;53.21
corrimao;media;4495.64;358.65;166;S235JR;pintura_liquida;62;5632.1;1088.09;5250.9;6780.97;1395.53;7381.47;35.02
gradeamento;baixa;2918.4;236.41;167;S355JR;sem_tratamento;78;4756.82;580.43;294.85;5046.15;631.07;312.15;16.19
portao;baixa;1265.14;100.29;172;S355JR;sem_tratamento;39;2395.29;299.99;200.0;2438.15;322.08;197.3;8.02
pavilhao;alta;3366.8;149.59;453;AISI304;polimento;115;18923.24;1498.93;3051.71;19646.73;1651.79;3690.54;39.58
passadico;baixa;917.8;91.83;117;AL6060;anodizacao;41;3254.52;300.0;1657.84;3819.91;318.32;1932.64;8.52
cobertura;baixa;4067.27;591.95;96;AL5754;anodizacao;67;19818.34;761.33;10939.65;21982.23;886.81;11731.8;22.12
mezanino;media;4164.88;236.82;171;S235JR;pintura_liquida;68;6484.88;1122.59;3309.42;7138.8;1191.32;3516.17;31.72
plataforma;alta;2498.68;160.36;212;S355JR;galvanizacao;39;4823.65;947.84;2775.22;5336.28;997.25;3360.64;25.51
escadaria;baixa;7279.5;565.67;329;S235JR;lacagem;140;10480.93;1622.59;10022.28;11255.28;1845.51;10319.0;52.89
guarda-corpos;media;5291.29;435.98;161;S355JR;pintura_liquida;121;8248.33;1463.55;5986.71;8968.58;1579.43;7156.62;39.83
passarela;baixa;2066.36;155.68;149;S235JR;sem_tratamento;47;3180.28;353.3;225.39;3501.02;384.42;246.56;9.34
passerelle;alta;3763.86;328.5;195;S355JR;galvanizacao;73;6963.74;1304.88;4093.94;7525.49;1404.42;4300.1;34.44
corrimao;media;5149.0;410.73;116;S355JR;pintura_liquida;74;8452.84;1403.79;5700.7;9650.39;1545.77;6282.12;38.91
gradeamento;baixa;1766.02;192.97;44;AISI304;sem_tratamento;45;9237.25;299.99;200.0;10274.91;310.89;217.73;7.89
portao;baixa;1180.21;125.49;116;AL6060;anodizacao;51;4746.29;300.01;2323.83;5116.78;301.17;2756.26;8.22
pavilhao;alta;2729.96;159.5;642;AL5754;pintura_liquida;127;12620.46;1252.16;2159.14;13860.2;1318.75;2565.23;31.84
passadico;baixa;1062.73;79.0;38;S235JR;sem_tratamento;53;1431.44;300.0;200.0;1585.08;328.0;215.23;8.77
cobertura;baixa;5948.14;542.77;395;S355JR;sem_tratamento;79;11255.68;1352.45;646.24;15632.56;1770.03;827.55;48.27
mezanino;media;1789.19;94.23;224;S235JR;pintura_liquida;80;2595.91;515.58;1533.64;2808.17;561.79;1590.87;15.09
plataforma;alta;1556.54;100.08;187;S355JR;galvanizacao;51;3087.15;587.97;2030.06;3342.42;650.1;2478.95;16.81
escadaria;baixa;1936.96;131.82;100;S235JR;sem_tratamento;57;2493.66;355.66;200.0;2685.92;386.41;246.97;9.62
guarda-corpos;media;7146.37;721.11;430;S355JR;pintura_liquida;133;11350.39;2193.15;11485.71;12250.04;2417.92;12013.18;56.24
passarela;baixa;2468.98;180.63;101;S355JR;sem_tratamento;59;4179.01;415.96;227.73;4834.01;496.23;223.3;13.33
passerelle;alta;6587.19;723.64;764;AISI304;polimento;140;27747.78;2428.49;11958.82;30887.97;2458.99;14667.78;68.52
corrimao;media;884.58;103.9;85;AL6060;lacagem;86;2878.63;300.0;1779.56;3125.62;367.41;1964.16;8.48
gradeamento;baixa;2153.79;245.1;124;AL5754;anodizacao;57;7681.71;378.22;4172.72;8207.73;414.94;4364.33;10.75
portao;baixa;813.58;58.75;83;S235JR;sem_tratamento;23;1255.1;300.0;200.0;1384.16;311.37;206.93;8.16
pavilhao;alta;4560.88;181.37;327;S355JR;galvanizacao;139;8798.7;1923.59;5515.71;13702.23;3372.46;12100.22;86.05
passadico;baixa;2813.74;220.76;80;S235JR;lacagem;25;3895.94;487.97;3956.3;3312.51;413.31;4025.95;11.74
cobertura;baixa;4444.68;381.3;122;S355JR;sem_tratamento;91;8657.83;868.47;481.21;10090.41;898.53;552.39;23.61
mezanino;media;3767.13;166.9;91;S235JR;pintura_liquida;92;6101.21;860.07;2689.31;6612.51;978.63;2810.05;23.23
plataforma;alta;2241.51;125.56;196;S355JR;galvanizacao;63;4409.07;878.16;2830.96;5111.62;893.77;2922.42;22.27
escadaria;baixa;1081.41;81.84;65;S355JR;sem_tratamento;29;1867.66;300.01;200.0;1961.74;326.68;214.78;8.5
guarda-corpos;media;2964.31;286.79;516;AISI304;sem_tratamento;90;14131.52;922.87;289.12;15524.24;1003.78;307.6;24.54
passarela;baixa;403.47;43.6;120;AL6060;anodizacao;31;1507.3;300.01;828.34;1796.1;377.36;1155.99;8.37
passerelle;alta;3777.06;429.73;168;AL5754;pintura_liquida;97;14770.2;1313.37;6431.5;16285.91;1406.84;7386.67;38.44
corrimao;media;3141.34;238.17;117;S235JR;pintura_liquida;48;4161.3;750.84;3638.42;4323.62;747.72;3849.29;20.61
gradeamento;baixa;3233.41;292.3;70;S355JR;sem_tratamento;69;4949.54;584.41;307.41;5389.5;621.26;326.9;17.15
portao;baixa;2203.87;165.74;109;S235JR;lacagem;35;3454.93;394.25;2673.06;3774.05;392.1;2944.8;10.94
pavilhao;alta;5063.32;215.78;530;S355JR;galvanizacao;86;9795.26;2120.95;6236.83;10283.81;2414.42;6992.24;57.47
passadico;baixa;1134.66;101.0;104;S235JR;sem_tratamento;37;1686.22;300.0;200.0;1858.75;318.22;232.3;8.22
cobertura;baixa;6471.86;593.36;221;S355JR;sem_tratamento;103;13618.47;1291.11;699.54;14764.21;1388.21;843.2;34.63
mezanino;media;4904.2;278.32;153;S355JR;pintura_liquida;54;8425.62;1258.08;3751.21;9181.71;1380.09;3855.8;34.86
plataforma;alta;1645.88;105.21;177;AISI304;polimento;75;9959.33;618.02;2202.33;10905.4;644.86;2452.3;17.2
escadaria;baixa;654.04;54.05;37;AL6060;anodizacao;41;2166.89;300.0;955.1;2350.84;342.49;1011.43;8.38
guarda-corpos;media;2833.42;325.31;264;AL5754;lacagem;92;11250.17;876.27;5527.22;12322.3;936.98;5184.68;24.3
passarela;baixa;986.24;67.77;149;S235JR;sem_tratamento;43;1391.75;300.01;200.0;1602.07;339.81;226.53;8.85
passerelle;alta;6503.7;478.52;334;S355JR;galvanizacao;109;11215.01;2849.85;7605.6;12119.77;3001.99;7577.16;71.15
corrimao;media;5056.47;466.24;305;S235JR;pintura_liquida;60;6505.26;1421.91;6699.71;6668.22;1622.56;8447.33;41.21
gradeamento;baixa;1215.73;95.45;80;S355JR;sem_tratamento;36;2086.63;300.0;200.0;2289.67;313.46;265.19;9.79
gradeamento;baixa;1477.4;190.94;159;AL5754;anodizacao;72;5331.16;300.0;3103.82;7070.42;388.58;3777.75;9.9
portao;baixa;1821.76;143.73;120;S235JR;sem_tratamento;43;2764.98;319.31;200.0;2794.19;352.1;230.68;9.34
pavilhao;alta;11563.38;519.96;225;S355JR;galvanizacao;134;22469.09;4050.09;12719.5;25078.01;4687.56;15934.27;119.48
passadico;baixa;1872.43;135.71;71;S235JR;lacagem;45;2795.72;344.69;2102.13;3176.38;380.01;2480.36;9.41
cobertura;baixa;6210.43;620.84;426;S355JR;sem_tratamento;96;11759.89;1379.24;573.42;11853.51;1516.85;650.61;42.27
mezanino;media;3445.34;173.33;126;S235JR;pintura_liquida;52;5495.08;844.01;2424.47;5890.12;902.4;2387.79;25.26
plataforma;alta;2651.19;166.5;36;S355JR;galvanizacao;78;5308.58;864.03;3014.8;5785.59;935.14;3144.39;23.33
escadaria;baixa;2251.93;169.2;92;S355JR;sem_tratamento;49;3862.3;392.19;213.62;3816.0;404.08;221.52;11.22
guarda-corpos;media;3166.1;338.55;401;AISI304;sem_tratamento;75;16306.14;929.44;310.67;16428.75;919.45;321.5;26.82
passarela;baixa;877.82;86.45;39;AL6060;anodizacao;51;3382.94;300.0;1588.7;3531.79;310.46;1824.66;8.14
passerelle;alta;4328.39;446.54;101;AL5754;pintura_liquida;102;18179.39;1348.29;6313.63;20018.6;1465.38;7703.31;33.36
corrimao;media;4338.06;325.06;277;S235JR;pintura_liquida;58;6045.74;1322.88;5156.65;6561.81;1495.19;4957.02;38.54
gradeamento;baixa;1930.94;154.36;60;S355JR;sem_tratamento;39;3102.06;345.33;200.0;3471.31;414.04;226.93;9.58
portao;baixa;792.31;54.29;79;S235JR;lacagem;55;1205.77;299.99;841.57;1369.31;301.48;1011.44;8.34
pavilhao;alta;9862.97;413.49;524;S355JR;galvanizacao;81;19327.54;4200.06;10860.94;19011.45;4565.88;12484.21;105.87
passadico;baixa;2827.22;213.75;96;S235JR;sem_tratamento;57;3863.09;488.13;264.62;3915.34;547.02;301.11;13.86
cobertura;baixa;5243.05;531.01;430;S355JR;sem_tratamento;108;10365.46;1218.47;544.07;11128.3;1422.14;700.92;33.16
mezanino;media;2035.52;86.69;336;S355JR;pintura_liquida;64;3870.62;592.17;1240.66;4945.2;745.27;1707.31;19.71
plataforma;alta;5642.0;418.75;727;AISI304;polimento;130;34599.13;2813.13;8724.71;36778.98;3184.1;9817.36;79.78
escadaria;baixa;1196.9;124.21;89;AL6060;anodizacao;21;3997.08;300.01;2155.53;4439.47;326.32;2463.33;8.35
guarda-corpos;media;4838.17;513.63;475;AL5754;lacagem;87;18991.33;1429.81;7876.31;21016.94;1655.46;8586.87;42.09
passarela;baixa;2080.03;158.38;105;S235JR;sem_tratamento;23;3161.5;379.09;209.8;3223.53;407.52;255.25;11.23
passerelle;alta;3298.58;287.69;409;S355JR;galvanizacao;59;5975.89;1455.24;3999.0;6708.84;1537.59;4917.25;36.81
corrimao;media;10764.11;777.95;486;S235JR;pintura_liquida;90;14102.25;3346.84;10531.47;14975.56;3540.31;11378.42;98.47
gradeamento;baixa;3184.29;311.54;195;S355JR;sem_tratamento;51;5193.94;577.78;317.53;9115.53;1118.18;584.82;29.52
portao;baixa;1764.23;116.31;174;S235JR;sem_tratamento;27;2868.01;312.75;200.0;3113.1;340.23;210.38;8.61
pavilhao;alta;5541.8;232.72;321;S355JR;galvanizacao;93;10138.23;2230.26;7246.9;11096.7;2545.33;8579.95;63.3
passadico;baixa;1360.69;103.42;110;S355JR;sem_tratamento;29;2262.09;300.0;200.0;2492.8;333.53;227.76;8.42
cobertura;baixa;1491.52;204.09;423;AISI304;sem_tratamento;65;9330.75;324.0;200.0;9932.5;380.2;179.69;9.58
mezanino;media;2105.99;134.43;335;AL6060;lacagem;76;7905.73;579.45;2294.48;8609.94;632.32;2600.93;16.39
plataforma;alta;1724.07;126.19;121;AL5754;pintura_liquida;57;7260.83;643.5;1904.88;8186.9;679.24;2335.18;18.02
escadaria;baixa;2299.68;139.76;122;S235JR;sem_tratamento;33;3104.23;404.04;232.12;3407.77;442.97;233.17;10.91
guarda-corpos;media;5876.57;587.28;255;S355JR;pintura_liquida;99;9399.12;1749.11;9514.45;10194.32;1790.52;10932.82;51.69
passarela;baixa;2208.34;175.95;52;S235JR;lacagem;35;3210.41;382.64;3135.45;3374.1;390.66;3486.66;10.84
passerelle;alta;7615.86;535.58;139;S355JR;galvanizacao;71;12977.57;2767.85;9694.55;15552.41;3262.61;14219.22;78.89
corrimao;media;3374.93;262.76;307;S235JR;pintura_liquida;82;4296.92;1030.57;4057.72;4601.91;1124.49;4587.45;29.47
gradeamento;baixa;3926.43;371.33;177;S355JR;sem_tratamento;63;6391.16;724.15;425.68;6524.54;804.95;486.19;20.86
portao;baixa;991.3;71.2;38;S355JR;sem_tratamento;39;1852.93;300.0;200.0;2083.39;354.81;225.11;9.24
pavilhao;alta;3346.44;160.7;607;AISI304;polimento;105;20098.11;1570.76;3667.45;22565.63;1588.6;3833.29;41.2
passadico;baixa;1452.57;171.66;52;AL6060;anodizacao;41;5356.84;300.0;3219.86;6010.49;311.13;2907.65;8.0
cobertura;baixa;3685.68;474.65;332;AL5754;anodizacao;77;17294.12;729.48;8811.1;17466.06;844.26;9504.5;20.94
mezanino;media;1702.8;76.07;314;S235JR;pintura_liquida;88;2431.43;527.55;1192.33;2809.22;562.1;1367.47;13.63
plataforma;alta;1970.07;107.52;229;S355JR;galvanizacao;69;3778.02;783.22;2333.47;4003.71;862.37;2747.73;22.03
escadaria;baixa;1867.96;144.16;31;S235JR;lacagem;45;2403.46;300.0;2525.33;2737.76;320.42;2647.62;8.49
guarda-corpos;media;7951.38;703.64;582;S355JR;pintura_liquida;111;12694.55;2896.38;10954.33;13863.08;3228.59;13703.32;87.3
passarela;baixa;1223.12;107.58;85;S235JR;sem_tratamento;47;1913.21;300.0;200.0;2039.58;320.21;213.55;8.17
passerelle;alta;7835.42;705.7;260;S355JR;galvanizacao;83;14106.46;3266.07;9017.13;15322.27;3198.28;9236.92;87.3
corrimao;media;2860.84;253.76;269;S355JR;pintura_liquida;94;4462.64;805.16;3901.98;4637.36;868.14;4341.64;21.72
gradeamento;baixa;5325.18;625.84;518;AISI304;sem_tratamento;115;27569.24;1350.23;569.12;28693.43;1336.23;633.72;35.46
portao;baixa;1029.06;101.12;92;AL6060;anodizacao;51;4164.83;300.01;1887.84;3653.9;255.46;1458.79;6.15
pavilhao;alta;3804.8;176.31;608;AL5754;pintura_liquida;117;17187.41;1765.33;2455.5;18189.05;1886.75;3077.05;50.0
passadico;baixa;960.69;71.53;113;S235JR;sem_tratamento;53;1319.79;300.0;199.99;1549.61;365.77;265.53;9.28
cobertura;baixa;6395.67;579.79;207;S355JR;sem_tratamento;89;12132.65;1221.35;665.15;13357.55;1318.62;757.95;32.5
mezanino;media;3669.24;193.75;230;S235JR;pintura_liquida;50;5653.51;1086.14;2830.55;6607.64;1112.21;3153.01;30.48
plataforma;alta;3490.39;201.81;62;S355JR;galvanizacao;36;6822.01;1189.15;4155.87;7683.68;1238.52;4879.76;31.95
escadaria;baixa;2384.88;152.69;166;S235JR;sem_tratamento;57;3357.62;433.22;230.36;3586.54;452.22;231.2;11.64
guarda-corpos;media;6679.6;516.69;210;S355JR;pintura_liquida;123;11121.64;1866.91;8124.21;12150.36;2054.23;10684.69;52.92
passarela;baixa;1216.64;86.49;123;S355JR;sem_tratamento;59;2062.52;300.0;200.0;2220.4;323.42;212.61;8.0
passerelle;alta;5925.6;590.18;881;AISI304;polimento;170;29629.87;3423.7;12583.15;33152.05;3504.49;12715.49;82.07
corrimao;media;3221.38;369.09;251;AL6060;lacagem;56;11378.7;948.2;5831.38;12198.63;1038.99;6411.36;27.35
gradeamento;baixa;1558.62;187.73;89;AL5754;anodizacao;42;5549.17;299.99;3059.99;5971.78;315.39;3620.55;8.33
portao;baixa;573.92;46.33;123;S235JR;sem_tratamento;23;885.32;300.0;200.0;1004.76;330.65;238.41;8.45
pavilhao;alta;6467.57;272.28;235;S355JR;galvanizacao;129;12938.11;2271.11;7696.83;13870.7;2445.02;7903.81;63.97
passadico;baixa;2229.63;160.51;79;S235JR;lacagem;25;3193.61;373.59;2882.69;3362.33;392.01;3339.71;10.8
cobertura;baixa;7083.86;612.83;385;S355JR;sem_tratamento;101;14581.15;1412.06;772.02;15140.17;1602.86;868.15;36.12
cobertura;baixa;4354.76;551.3;425;AL5754;anodizacao;82;18913.48;971.52;9247.11;20825.96;1102.6;11453.45;24.93
mezanino;media;4860.5;278.25;251;S235JR;pintura_liquida;48;7116.63;1299.11;3979.2;7437.17;1441.94;4304.29;38.0
plataforma;alta;3414.29;198.94;225;S355JR;galvanizacao;39;6232.63;1363.46;4292.55;5902.63;1078.68;3181.05;26.89
escadaria;baixa;1014.71;69.31;78;S235JR;lacagem;25;1290.84;300.0;1104.97;1404.68;323.38;1030.01;8.11
guarda-corpos;media;9707.72;835.46;439;S355JR;pintura_liquida;106;16492.03;2936.94;13319.81;16941.19;3159.98;14719.38;84.94
passarela;baixa;2770.6;244.77;83;S235JR;sem_tratamento;27;4171.57;458.6;276.23;4566.73;469.99;318.69;13.01
passerelle;alta;5985.57;429.6;242;S355JR;galvanizacao;88;9828.34;2220.29;6713.39;18875.05;3626.47;10946.22;92.46
corrimao;media;2529.74;227.58;249;S355JR;pintura_liquida;54;3748.66;680.13;3392.91;3810.12;730.74;3955.28;20.23
gradeamento;baixa;1770.51;185.4;141;AISI304;sem_tratamento;45;8667.31;323.91;200.0;9087.56;333.83;234.7;9.05
portao;baixa;1129.62;124.77;21;AL6060;anodizacao;31;4357.99;300.01;2327.58;4816.9;311.24;2544.84;8.01
pavilhao;alta;3899.05;200.0;254;AL5754;pintura_liquida;112;18319.67;1573.11;3027.76;19139.32;1800.07;3226.2;44.66
passadico;baixa;2222.86;158.25;51;S235JR;sem_tratamento;33;3096.47;403.7;204.29;3567.51;461.88;248.64;11.28
cobertura;baixa;3464.41;300.06;239;S355JR;sem_tratamento;94;6652.73;737.91;351.56;7053.8;757.91;337.54;21.18
mezanino;media;5185.72;241.15;143;S235JR;pintura_liquida;60;7474.43;1460.69;3591.07;8833.64;1608.53;4393.29;42.46
plataforma;alta;1859.67;107.85;100;S355JR;galvanizacao;51;3522.44;609.54;2390.08;3759.74;644.75;2707.07;15.74
escadaria;baixa;1647.03;132.42;171;S235JR;sem_tratamento;37;2164.18;321.0;200.0;2263.82;340.84;222.47;8.63
guarda-corpos;media;5397.26;510.53;231;S355JR;pintura_liquida;118;9351.19;1464.0;7376.42;10088.21;1514.75;8467.25;39.53
passarela;baixa;2741.43;186.97;93;S355JR;sem_tratamento;39;4951.7;495.16;279.52;5530.87;578.09;294.28;15.06
passerelle;alta;2359.88;246.95;337;AISI304;polimento;100;12991.34;1007.08;5690.11;13472.18;1094.48;6772.51;28.07
corrimao;media;2998.49;359.65;98;AL6060;lacagem;66;10394.13;796.67;5556.7;13248.26;976.1;5826.6;26.13
gradeamento;baixa;1230.6;131.78;120;AL5754;anodizacao;57;4671.44;300.01;2438.85;5404.86;309.64;2786.74;8.65
portao;baixa;2396.34;185.78;133;S235JR;sem_tratamento;43;3829.24;434.15;254.98;4342.87;467.16;247.58;12.84
pavilhao;alta;9090.91;322.61;403;S355JR;galvanizacao;124;17421.15;3626.16;11084.86;19149.91;4107.4;13650.29;97.07
passadico;baixa;10204.79;839.42;560;S235JR;lacagem;115;15072.94;2305.98;14927.21;16072.71;2481.12;16621.24;59.75
cobertura;baixa;7738.47;675.7;460;S355JR;sem_tratamento;106;16353.96;1741.14;815.16;17961.54;1775.02;855.49;45.55
mezanino;media;5969.64;311.07;309;S235JR;pintura_liquida;72;9670.76;1641.26;4948.63;11006.62;1914.94;5775.12;44.88
plataforma;alta;2424.11;164.91;188;S355JR;galvanizacao;63;4728.05;874.3;2874.75;5314.73;889.41;2647.45;21.25
escadaria;baixa;2014.12;128.36;114;S355JR;sem_tratamento;49;3122.15;371.16;200.0;3544.38;397.22;214.41;10.03
guarda-corpos;media;4583.97;446.34;281;AISI304;sem_tratamento;130;22480.83;1181.16;440.67;24698.12;1204.07;471.62;32.67
passarela;baixa;1073.45;110.32;32;AL6060;anodizacao;51;4216.87;300.0;1860.48;4391.89;322.04;1987.39;8.46
passerelle;alta;2812.49;274.2;243;AL5754;pintura_liquida;57;11281.7;993.46;4184.33;12201.28;1115.4;4843.31;27.56
corrimao;media;5066.82;434.3;184;S235JR;pintura_liquida;78;7075.33;1241.61;5810.92;7826.7;1337.73;6813.38;37.1
gradeamento;baixa;3469.24;331.88;145;S355JR;sem_tratamento;69;5583.12;677.56;333.56;5994.0;709.72;354.95;19.94
portao;baixa;1536.55;129.71;130;S235JR;lacagem;55;2261.0;299.99;2096.97;2481.82;298.87;2201.29;8.3
pavilhao;alta;8417.05;327.69;529;S355JR;galvanizacao;136;16535.11;3658.61;10193.17;17797.36;4328.92;10641.79;100.57
passadico;baixa;1513.87;108.13;87;S235JR;sem_tratamento;57;2060.69;299.99;200.0;2285.96;340.54;195.36;8.7
cobertura;baixa;5428.45;618.89;250;S355JR;sem_tratamento;63;10796.42;1123.89;564.59;13574.73;1332.08;796.59;37.55
mezanino;media;5692.97;270.54;132;S355JR;pintura_liquida;84;10101.08;1515.57;3784.04;11442.72;1665.26;4171.73;47.62
plataforma;alta;5518.57;372.11;496;AISI304;polimento;160;33207.73;2238.01;8995.61;34869.86;2529.56;9624.04;59.24
escadaria;baixa;227.04;21.93;92;AL6060;anodizacao;21;780.27;300.0;364.51;833.9;305.25;410.88;8.06
guarda-corpos;media;4876.09;617.64;335;AL5754;lacagem;77;19415.09;1385.84;9681.31;21893.23;1387.11;11243.96;42.27
passarela;baixa;2525.67;205.09;53;S235JR;sem_tratamento;23;3658.57;402.88;269.6;4151.23;450.82;342.71;11.19
passerelle;alta;5599.34;456.05;237;S355JR;galvanizacao;69;9448.54;2105.82;6910.37;9823.41;2291.3;7016.51;56.94
corrimao;media;5707.91;495.38;195;S235JR;pintura_liquida;90;7989.3;1574.15;7992.56;8843.01;1581.14;8225.71;43.96
gradeamento;baixa;1726.15;173.72;116;S355JR;sem_tratamento;36;2685.53;345.39;200.0;2900.18;373.46;228.14;9.64
portao;baixa;524.22;45.01;35;S235JR;sem_tratamento;27;793.77;300.01;200.0;888.65;312.71;231.19;8.93
pavilhao;alta;5516.1;246.12;221;S355JR;galvanizacao;83;11003.84;2165.58;6842.53;12223.68;2313.07;7350.87;57.85
passadico;baixa;2708.03;231.76;115;S355JR;sem_tratamento;29;4314.17;497.36;257.4;8148.54;990.04;441.11;25.56
cobertura;baixa;4129.25;461.63;615;AISI304;sem_tratamento;140;25377.26;947.79;425.14;27922.03;986.87;391.18;27.91
mezanino;media;1031.92;74.62;154;AL6060;lacagem;46;3891.76;300.0;1351.73;4288.11;336.43;1481.27;8.11
plataforma;alta;1842.29;137.69;175;AL5754;pintura_liquida;42;8282.72;614.09;2126.0;9352.36;643.02;2720.71;15.66
escadaria;baixa;2069.04;144.4;147;S235JR;sem_tratamento;33;2709.94;376.43;218.25;2872.21;388.41;227.3;11.04
guarda-corpos;media;8097.03;680.12;326;S355JR;pintura_liquida;89;13082.99;2582.8;10476.67;13841.18;2805.88;10708.01;76.95
passarela;baixa;1016.19;87.74;33;S235JR;lacagem;35;1457.76;300.0;1320.69;1768.24;374.43;1468.14;10.67
passerelle;alta;4857.67;344.0;104;S355JR;galvanizacao;81;8460.07;1572.95;5686.65;8632.47;1619.16;6908.15;38.17
corrimao;media;5436.97;528.55;179;S235JR;pintura_liquida;52;7071.01;1425.34;7089.03;5932.38;1130.37;5963.64;32.22
gradeamento;baixa;2714.75;265.36;82;S355JR;sem_tratamento;48;4460.44;519.97;258.09;5004.35;537.9;267.65;14.16
portao;baixa;1613.87;129.06;85;S355JR;sem_tratamento;39;2904.33;299.99;200.0;2910.62;316.95;229.09;8.46
pavilhao;alta;2168.82;94.43;552;AISI304;polimento;95;12381.75;1085.1;2090.8;13564.17;1067.43;2469.37;26.47
passadico;baixa;1411.41;131.09;50;AL6060;anodizacao;41;5198.73;300.01;2430.0;5937.12;324.74;2699.29;7.8
cobertura;baixa;3097.72;373.1;286;AL5754;anodizacao;87;14145.29;630.71;6436.76;14910.4;644.62;8535.99;17.49
mezanino;media;2160.2;104.16;197;S235JR;pintura_liquida;58;3206.62;584.44;1599.62;3541.84;613.65;1655.14;16.17
plataforma;alta;2185.48;127.18;88;S355JR;galvanizacao;54;4437.73;752.51;2595.78;4755.79;760.29;2972.56;21.16
escadaria;baixa;688.77;48.98;96;S235JR;lacagem;45;980.7;300.01;833.75;1101.49;333.42;858.83;9.16
guarda-corpos;media;11553.61;968.68;162;S355JR;pintura_liquida;101;20264.17;3001.5;13358.53;23571.94;3711.49;16374.13;102.21
guarda-corpos;media;2832.05;285.71;395;AL5754;lacagem;137;10681.4;911.54;4686.31;11354.92;1046.45;5223.14;26.07
passarela;baixa;1411.44;103.34;41;S235JR;sem_tratamento;43;1954.04;299.99;200.0;2088.7;328.71;210.99;9.08
passerelle;alta;5525.04;391.33;182;S355JR;galvanizacao;74;9504.61;2001.13;6238.48;10410.46;2080.85;7125.35;53.85
corrimao;media;3061.25;228.14;269;S235JR;pintura_liquida;50;4248.82;837.0;3411.66;4704.68;973.37;3928.51;27.03
gradeamento;baixa;1884.57;156.95;108;S355JR;sem_tratamento;51;2953.45;310.31;205.13;3656.16;407.14;295.55;10.32
portao;baixa;689.23;44.94;129;S235JR;sem_tratamento;47;1102.42;299.99;200.0;1148.65;307.88;212.97;8.26
pavilhao;alta;7664.66;269.57;333;S355JR;galvanizacao;78;14193.17;2943.9;8789.55;15840.49;2957.03;9570.68;79.85
passadico;baixa;1348.0;115.53;74;S355JR;sem_tratamento;49;2440.77;299.99;200.0;2723.08;322.63;257.49;8.21
cobertura;baixa;3457.87;473.37;274;AISI304;sem_tratamento;80;22398.59;637.54;371.05;18700.09;504.41;290.25;14.04
mezanino;media;3265.38;240.46;155;AL6060;lacagem;56;12045.7;935.8;3720.33;12488.21;1076.44;3883.99;29.19
plataforma;alta;1840.97;126.27;100;AL5754;pintura_liquida;57;8635.29;571.93;2009.01;8704.96;656.65;2151.87;16.58
escadaria;baixa;1873.15;137.24;114;S235JR;sem_tratamento;53;2609.21;369.87;200.0;2729.33;347.08;224.16;9.21
guarda-corpos;media;5665.07;480.75;326;S355JR;pintura_liquida;84;9346.39;1570.47;7570.84;10100.22;1682.19;9234.49;43.85
passarela;baixa;2663.46;223.23;77;S235JR;lacagem;55;3861.91;455.65;3942.54;4248.34;467.91;3847.07;12.55
passerelle;alta;6350.45;501.13;101;S355JR;galvanizacao;86;10734.14;2143.19;8112.81;11434.53;2376.57;8570.82;63.7
corrimao;media;3161.35;295.49;129;S235JR;pintura_liquida;62;4304.75;881.41;4430.53;4720.16;937.9;5557.15;22.76
gradeamento;baixa;2107.93;172.28;190;S355JR;sem_tratamento;63;3530.59;384.61;223.93;3721.42;425.17;271.84;10.92
portao;baixa;726.03;47.52;47;S355JR;sem_tratamento;59;1305.22;300.0;200.0;1383.59;311.36;256.9;8.88
pavilhao;alta;7192.32;367.07;999;AISI304;polimento;150;37084.45;3595.83;6972.94;38736.65;4098.33;7754.36;110.33
passadico;baixa;1479.93;165.59;51;AL6060;anodizacao;21;5414.86;300.0;2965.68;5954.77;321.98;3182.47;8.12
cobertura;baixa;3410.37;506.06;95;AL5754;anodizacao;92;16640.3;588.98;9352.3;18087.47;662.33;10283.29;18.68
mezanino;media;3111.68;155.17;275;S235JR;pintura_liquida;68;4514.5;850.04;2143.53;5651.09;1116.8;2675.1;30.69
plataforma;alta;2703.28;173.17;185;S355JR;galvanizacao;69;5107.21;1071.88;3159.22;5502.71;1197.58;3346.88;29.77
escadaria;baixa;7573.31;587.41;684;S235JR;lacagem;140;9683.88;2127.43;9477.03;11025.83;2061.4;9710.97;55.45
guarda-corpos;media;11978.4;1230.13;253;S355JR;pintura_liquida;96;21350.92;3456.72;16709.78;22327.83;3677.42;20607.65;99.76
passarela;baixa;578.89;45.82;91;S235JR;sem_tratamento;27;811.28;300.0;200.0;876.7;330.97;242.65;8.59
passerelle;alta;3635.21;281.28;351;S355JR;galvanizacao;98;6795.18;1464.43;4592.26;6724.64;1619.4;4896.36;41.22
corrimao;media;2630.0;254.91;226;S355JR;pintura_liquida;74;3835.68;785.22;3758.79;4072.39;825.76;3649.71;20.48
gradeamento;baixa;491.86;54.39;155;AISI304;sem_tratamento;75;2391.37;300.0;200.0;2659.3;301.32;236.35;8.59
portao;baixa;285.14;30.28;146;AL6060;anodizacao;31;1117.1;300.0;584.44;1916.02;564.38;1214.77;14.82
pavilhao;alta;4201.8;250.46;320;AL5754;pintura_liquida;102;18145.58;1510.04;3903.45;19802.89;1563.4;4582.39;43.8
passadico;baixa;696.89;52.69;123;S235JR;sem_tratamento;33;1047.14;299.99;200.0;1158.24;314.86;221.74;8.61
cobertura;baixa;7777.99;860.19;345;S355JR;sem_tratamento;104;14577.18;1539.39;768.13;15919.96;1529.26;885.51;40.51
mezanino;media;4209.19;196.58;105;S235JR;pintura_liquida;80;5968.22;984.45;2880.1;6608.69;1104.72;3472.18;26.95
plataforma;alta;3620.96;210.49;35;S355JR;galvanizacao;36;7334.59;1293.39;3931.74;7999.36;1487.61;5120.94;35.51
escadaria;baixa;544.34;41.22;129;S235JR;sem_tratamento;37;691.51;300.0;200.0;756.02;325.14;230.66;8.22
guarda-corpos;media;7946.0;674.45;175;S355JR;pintura_liquida;108;13689.81;2168.56;10611.26;14485.82;2363.33;12225.79;64.48
passarela;baixa;2851.83;213.21;147;S355JR;sem_tratamento;39;5302.21;489.81;263.27;5838.41;540.35;308.55;14.91
passerelle;alta;2969.53;274.73;146;AISI304;polimento;55;15520.63;1152.46;6434.24;19741.51;1394.01;8411.13;34.86
corrimao;media;2705.72;268.99;68;AL6060;lacagem;86;9293.45;657.59;4376.91;10206.0;777.63;4843.8;18.56
gradeamento;baixa;1276.9;164.1;160;AL5754;anodizacao;42;5131.12;300.01;2785.07;5560.19;315.37;3666.67;7.77
portao;baixa;1600.69;119.06;63;S235JR;sem_tratamento;43;2493.42;300.0;200.0;2598.5;360.49;187.28;8.4
pavilhao;alta;6817.07;232.11;352;S355JR;galvanizacao;114;13626.29;2499.47;8066.04;15218.81;2475.9;8884.03;63.87
passadico;baixa;1607.96;139.36;66;S235JR;lacagem;45;2382.8;300.0;2181.35;2465.35;296.13;2309.19;8.32
cobertura;baixa;7500.23;862.49;154;S355JR;sem_tratamento;61;15691.74;1425.45;812.05;16338.68;1552.68;893.15;42.18
mezanino;media;2673.39;149.76;106;S235JR;pintura_liquida;92;4085.96;688.27;2006.11;4705.31;760.77;2270.29;20.55
plataforma;alta;2817.38;146.76;86;S355JR;galvanizacao;48;5512.04;961.42;3645.43;5883.98;1011.24;3768.81;24.61
escadaria;baixa;1226.66;80.97;16;S355JR;sem_tratamento;49;1976.61;300.0;200.0;1970.08;294.3;248.89;8.46
guarda-corpos;media;4367.17;472.6;507;AISI304;sem_tratamento;90;21278.72;1575.41;461.46;22699.51;1749.72;500.35;44.74
passarela;baixa;875.5;97.99;26;AL6060;anodizacao;51;3213.34;300.01;1819.13;3411.23;307.69;1746.19;8.24
passerelle;alta;2242.85;241.44;262;AL5754;pintura_liquida;67;8773.67;879.87;3312.66;9087.43;987.56;3568.25;25.24
corrimao;media;5293.62;447.5;337;S235JR;pintura_liquida;48;6574.4;1519.79;5976.94;6865.85;1741.28;5683.45;43.51
gradeamento;baixa;3633.84;292.97;169;S355JR;sem_tratamento;54;6337.27;665.12;371.67;7425.84;760.19;395.67;18.27
portao;baixa;568.74;37.94;127;S235JR;lacagem;55;885.43;300.0;611.79;963.0;327.23;676.36;8.45
pavilhao;alta;11590.46;468.0;433;S355JR;galvanizacao;126;21136.3;5428.02;13916.67;22069.41;5388.86;16649.11;140.47
passadico;baixa;2691.03;207.79;48;S235JR;sem_tratamento;57;4125.16;459.48;277.02;5057.29;524.01;339.57;13.39
cobertura;baixa;4801.66;491.12;429;S355JR;sem_tratamento;73;9948.68;1051.15;519.03;11400.47;1147.62;669.05;29.23
mezanino;media;1743.27;76.57;90;S355JR;pintura_liquida;54;3052.79;477.16;1182.11;3261.6;495.81;1530.43;13.25
plataforma;alta;6002.17;428.13;643;AISI304;polimento;190;34583.96;3057.07;9520.78;37309.6;3223.3;10657.42;86.51
escadaria;baixa;1253.29;107.59;109;AL6060;anodizacao;21;4571.04;299.99;1837.66;5083.29;360.68;2080.11;9.2
guarda-corpos;media;3511.37;381.34;418;AL5754;lacagem;132;14434.93;998.7;5910.33;15835.06;1078.09;6037.01;27.42
passarela;baixa;1121.34;99.16;31;S235JR;sem_tratamento;23;1652.85;300.0;200.0;1396.55;262.21;150.18;6.82
passerelle;alta;6803.6;465.97;409;S355JR;galvanizacao;79;11110.16;3141.61;8634.79;12462.46;3212.47;10556.96;84.7
corrimao;media;1728.48;130.8;104;S235JR;pintura_liquida;60;2268.94;477.59;1971.91;2418.29;454.19;2245.48;12.62
gradeamento;baixa;3595.61;363.7;180;S355JR;sem_tratamento;66;5812.58;717.43;383.36;6791.22;770.82;465.02;20.34
gradeamento;baixa;838.36;99.02;43;AL5754;anodizacao;57;3125.79;300.01;1740.86;3441.67;332.34;2054.87;7.83
portao;baixa;744.88;63.71;95;S235JR;sem_tratamento;23;1096.34;300.0;200.0;1182.17;309.8;214.02;8.79
pavilhao;alta;11911.4;454.15;597;S355JR;galvanizacao;109;23456.63;5753.39;15385.43;26969.95;6303.0;17004.59;149.23
passadico;baixa;1184.12;82.63;105;S235JR;lacagem;25;1732.0;299.99;1355.74;1869.69;326.27;1489.15;8.8
cobertura;baixa;2539.21;222.68;465;S355JR;sem_tratamento;66;5322.93;550.65;268.07;5744.64;643.19;302.41;17.51
mezanino;media;5591.72;319.27;253;S235JR;pintura_liquida;52;8701.29;1652.58;4962.12;9479.58;1727.08;5045.18;45.04
plataforma;alta;1473.26;98.32;82;S355JR;galvanizacao;63;2915.73;520.32;1683.78;3656.55;688.0;2229.18;16.39
escadaria;baixa;927.25;58.75;60;S355JR;sem_tratamento;29;1464.3;300.0;200.0;1571.85;328.74;207.06;9.04
guarda-corpos;media;3892.66;388.25;444;AISI304;sem_tratamento;115;19767.63;1228.37;404.24;21568.43;1366.84;393.61;34.82
passarela;baixa;1102.5;124.12;56;AL6060;anodizacao;31;4431.24;299.99;2452.27;4898.75;311.78;2525.51;7.41
passerelle;alta;2479.91;245.09;462;AL5754;pintura_liquida;72;10397.35;994.05;3919.74;10715.2;1098.96;4433.83;26.95
corrimao;media;2728.34;206.42;159;S235JR;pintura_liquida;58;3668.58;768.26;2859.89;5955.1;1555.47;5811.68;39.83
gradeamento;baixa;1783.37;179.98;227;S355JR;sem_tratamento;69;3026.19;318.75;200.0;3236.47;356.49;243.18;8.93
portao;baixa;2338.63;188.88;167;S235JR;lacagem;35;3597.59;397.97;3013.84;3884.18;415.23;3218.01;10.89
pavilhao;alta;11572.55;406.88;444;S355JR;galvanizacao;121;23365.5;4845.48;13266.97;18140.01;3939.96;10965.19;94.34
passadico;baixa;1881.12;132.03;37;S235JR;sem_tratamento;37;2689.33;322.15;200.0;2791.74;328.9;218.26;9.5
cobertura;baixa;6992.03;617.96;350;S355JR;sem_tratamento;78;14080.06;1522.65;751.4;14642.59;1584.16;960.79;45.17
mezanino;media;4904.81;237.96;327;S355JR;pintura_liquida;64;8794.55;1367.4;3663.14;9956.69;1401.92;4438.52;37.81
plataforma;alta;1390.67;98.95;221;AISI304;polimento;75;8429.64;521.85;2298.32;8817.33;561.75;2194.19;14.68
escadaria;baixa;279.98;22.79;116;AL6060;anodizacao;41;1015.26;299.99;411.98;1179.48;341.96;467.24;9.03
guarda-corpos;media;2813.11;361.19;283;AL5754;lacagem;127;11565.23;789.11;5601.26;12171.24;815.45;5260.81;22.07
passarela;baixa;1884.61;128.68;68;S235JR;sem_tratamento;43;2589.88;333.98;200.0;2833.62;351.72;229.73;9.69
passerelle;alta;3200.09;245.05;277;S355JR;galvanizacao;84;5463.18;1175.07;4179.21;6004.29;1337.81;4977.18;31.44
corrimao;media;5979.1;578.6;469;S235JR;pintura_liquida;90;7991.17;2032.46;7884.62;10437.07;2717.22;9636.37;70.48
gradeamento;baixa;1245.69;124.57;120;S355JR;sem_tratamento;36;2163.7;300.0;200.0;2361.07;323.63;229.94;8.29
portao;baixa;1165.36;94.42;73;S235JR;sem_tratamento;47;1852.58;299.99;200.0;2021.35;321.85;193.9;8.55
pavilhao;alta;10274.73;360.05;411;S355JR;galvanizacao;133;19105.38;4137.95;11283.48;21001.85;4438.13;13102.0;110.09
passadico;baixa;1191.34;95.54;78;S355JR;sem_tratamento;49;2005.29;299.99;200.0;2272.14;340.71;219.69;7.98
cobertura;baixa;2431.67;324.7;121;AISI304;sem_tratamento;90;14556.97;418.17;253.89;16558.72;476.71;265.21;12.75
mezanino;media;1280.88;81.39;256;AL6060;lacagem;76;4841.36;360.57;1272.41;5187.2;382.19;1491.99;9.34
plataforma;alta;606.2;43.76;84;AL5754;pintura_liquida;42;2742.2;300.0;711.72;2982.95;334.23;740.21;8.32
escadaria;baixa;1469.69;106.69;134;S235JR;sem_tratamento;53;1938.67;300.0;200.0;2045.48;307.1;244.75;8.34
guarda-corpos;media;11246.9;1099.57;422;S355JR;pintura_liquida;139;18126.44;3465.03;17243.09;20172.46;4087.72;19688.57;106.83
passarela;baixa;1108.03;98.77;139;S235JR;lacagem;55;1712.25;299.99;1774.57;1856.82;331.5;2112.99;8.34
passerelle;alta;2940.03;229.69;207;S355JR;galvanizacao;96;5270.74;1189.32;3337.58;5718.66;1276.64;3667.37;29.17
corrimao;media;5047.99;390.01;252;S235JR;pintura_liquida;82;6227.73;1422.31;5732.12;6894.61;1656.33;6166.9;44.25
gradeamento;baixa;2926.62;276.12;157;S355JR;sem_tratamento;48;4845.8;512.38;271.43;5350.38;579.31;258.41;14.1
portao;baixa;470.54;38.63;31;S355JR;sem_tratamento;59;806.11;300.0;200.0;860.34;348.13;219.55;9.82
pavilhao;alta;5701.26;267.67;577;AISI304;polimento;180;32969.34;2820.37;5900.38;33723.16;2894.14;7282.11;69.01
passadico;baixa;1319.75;147.8;71;AL6060;anodizacao;21;4701.47;300.0;2921.09;5281.28;330.96;3195.72;7.88
cobertura;baixa;1657.82;205.57;127;AL5754;anodizacao;102;8014.15;299.99;3880.84;11193.26;392.36;4353.66;10.58
mezanino;media;5727.05;271.96;139;S235JR;pintura_liquida;88;8635.59;1599.19;3961.15;9628.1;1728.98;5264.36;45.66
plataforma;alta;3198.65;182.82;72;S355JR;galvanizacao;54;5957.78;1084.26;3905.75;6766.53;1260.85;3945.72;29.16
escadaria;baixa;2143.52;132.99;158;S235JR;lacagem;25;3102.3;411.38;2121.04;3491.6;461.15;2702.85;12.24
guarda-corpos;media;9146.58;933.23;288;S355JR;pintura_liquida;86;14724.71;2420.84;14457.17;16600.62;2674.02;18635.6;68.52
passarela;baixa;895.42;78.29;127;S235JR;sem_tratamento;27;1376.8;300.0;200.0;1517.27;347.63;228.07;8.66
passerelle;alta;6537.27;567.15;418;S355JR;galvanizacao;108;11235.22;2600.67;8476.74;11969.79;2731.12;10086.38;67.26
corrimao;media;5742.2;446.54;107;S355JR;pintura_liquida;94;9344.09;1349.72;6725.58;10465.51;1347.48;8224.84;35.89
gradeamento;baixa;3921.96;394.38;299;AISI304;sem_tratamento;115;20633.24;743.83;376.41;23408.92;779.47;414.73;21.01
portao;baixa;1126.91;124.86;36;AL6060;anodizacao;31;4654.59;299.99;2459.09;5025.56;311.47;2667.79;7.91
pavilhao;alta;4095.53;232.21;264;AL5754;pintura_liquida;92;17755.23;1542.3;3629.9;19689.02;1757.96;3699.49;47.22
passadico;baixa;1932.33;171.18;53;S235JR;sem_tratamento;33;2787.63;323.25;200.0;3029.12;342.61;218.53;9.04
cobertura;baixa;7859.64;675.85;335;S355JR;sem_tratamento;59;14900.54;1638.64;725.01;28607.88;2643.49;1249.52;71.52
mezanino;media;5960.52;339.11;323;S235JR;pintura_liquida;50;8766.6;1794.29;4742.05;9546.6;1969.32;5430.56;53.36
plataforma;alta;2512.04;172.86;139;S355JR;galvanizacao;66;4728.04;912.7;2881.4;5059.7;946.52;3244.39;26.01
escadaria;baixa;1648.13;131.32;102;S235JR;sem_tratamento;37;2309.28;299.99;200.0;2533.65;316.52;213.59;9.82
guarda-corpos;media;8918.66;828.48;165;S355JR;pintura_liquida;98;14196.2;2383.98;11382.56;16501.23;2776.16;13628.78;64.44
passarela;baixa;1370.73;117.24;92;S355JR;sem_tratamento;39;2238.28;300.0;200.0;2714.86;362.51;292.48;9.97
passerelle;alta;2993.68;299.69;358;AISI304;polimento;65;15596.89;1258.62;6036.88;16541.0;1357.56;6407.18;35.43
corrimao;media;2875.16;288.39;242;AL6060;lacagem;56;9530.51;814.44;5041.43;10683.68;902.62;5548.48;22.27
gradeamento;baixa;2072.57;232.53;130;AL5754;anodizacao;72;7308.77;347.82;4198.41;8157.88;376.77;4455.43;10.17
portao;baixa;1381.3;101.24;40;S235JR;sem_tratamento;43;2071.41;300.01;200.0;2146.63;321.4;211.38;8.59
pavilhao;alta;4698.38;187.66;524;S355JR;galvanizacao;104;8682.21;1912.84;5347.54;9526.34;2128.88;6530.45;51.87
passadico;baixa;708.26;56.67;131;S235JR;lacagem;45;992.55;300.0;980.63;1095.77;310.5;1108.08;8.08
cobertura;baixa;6255.0;596.57;268;S355JR;sem_tratamento;71;11940.03;1379.94;641.81;13135.29;1642.33;738.56;40.08
cobertura;baixa;3153.43;364.64;169;AL5754;anodizacao;107;13727.2;612.61;6974.99;15094.23;665.96;7235.89;16.19
mezanino;media;4034.16;230.73;264;S235JR;pintura_liquida;48;6421.99;1075.17;3448.82;7027.33;1149.1;4096.83;31.2
plataforma;alta;3245.67;212.35;37;S355JR;galvanizacao;69;6523.42;1026.77;3938.89;7123.76;1125.43;4817.36;28.97
escadaria;baixa;2124.01;168.36;145;S235JR;lacagem;45;2833.75;356.9;2575.72;3004.2;392.06;2791.82;10.44
guarda-corpos;media;9694.57;831.2;558;S355JR;pintura_liquida;81;16030.69;3318.39;12952.63;16944.45;3703.17;16007.83;89.01
passarela;baixa;1273.52;99.79;51;S235JR;sem_tratamento;47;1971.82;299.99;200.0;2060.3;350.21;234.05;8.87
passerelle;alta;2534.65;177.04;188;S355JR;galvanizacao;58;4290.27;846.21;3119.92;4702.48;789.86;3718.83;21.01
corrimao;media;4891.25;382.21;283;S355JR;pintura_liquida;54;8072.36;1529.7;5485.35;8975.15;1670.37;6402.62;43.01
gradeamento;baixa;601.91;70.57;105;AISI304;sem_tratamento;75;2792.61;300.0;200.0;3546.1;334.48;254.14;9.56
portao;baixa;1182.08;103.82;157;AL6060;anodizacao;51;4566.68;299.99;1687.3;4674.93;310.15;1706.99;8.5
pavilhao;alta;4308.31;228.58;166;AL5754;pintura_liquida;87;18647.47;1562.3;3635.66;20273.93;1667.23;4310.32;42.64
passadico;baixa;501.78;39.59;58;S235JR;sem_tratamento;53;691.65;300.01;200.0;727.2;315.26;241.12;7.93
cobertura;baixa;4584.47;423.28;186;S355JR;sem_tratamento;64;9113.83;882.68;419.76;10230.54;958.73;461.98;25.08
mezanino;media;4147.33;201.08;281;S235JR;pintura_liquida;60;6393.29;1187.32;2690.91;7083.23;1282.43;2695.35;35.33
plataforma;alta;2572.85;171.2;198;S355JR;galvanizacao;36;4642.85;989.38;3069.04;5089.01;1045.67;3432.13;24.09
escadaria;baixa;2333.62;184.24;86;S235JR;sem_tratamento;57;3157.84;418.54;232.38;3479.18;468.86;216.38;12.07
guarda-corpos;media;4038.19;350.47;193;S355JR;pintura_liquida;93;6427.54;989.7;5049.49;7400.86;1110.61;5769.56;30.15
passarela;baixa;1136.6;81.26;126;S355JR;sem_tratamento;59;2004.67;300.0;200.0;2137.15;334.4;211.32;9.02
passerelle;alta;5796.94;477.58;976;AISI304;polimento;170;30297.93;3310.44;10585.79;33182.9;3913.16;10918.25;97.88
corrimao;media;1530.69;149.29;112;AL6060;lacagem;66;4920.33;366.04;2537.62;5358.33;424.47;3160.8;10.3
gradeamento;baixa;1184.66;142.77;207;AL5754;anodizacao;42;4774.27;299.99;2813.27;4026.52;273.68;2351.25;7.43
portao;baixa;1954.56;168.4;93;S235JR;sem_tratamento;23;3052.43;331.85;201.13;3161.78;339.16;236.89;9.23
pavilhao;alta;4440.13;162.06;541;S355JR;galvanizacao;99;8581.87;1965.0;4861.34;8698.45;2053.65;5944.28;55.31
passadico;baixa;5805.26;406.13;578;S235JR;lacagem;115;8299.85;1464.03;7211.37;9480.71;1566.85;7989.9;43.33
cobertura;baixa;6349.82;582.31;366;S355JR;sem_tratamento;76;12357.43;1335.14;589.78;13186.77;1422.28;651.47;37.88
mezanino;media;4821.56;206.33;304;S235JR;pintura_liquida;72;7005.51;1395.21;2964.07;8695.92;1780.3;4077.77;42.13
plataforma;alta;2732.98;160.41;62;S355JR;galvanizacao;48;5119.78;980.03;3527.85;5557.51;1019.18;4125.05;24.93
escadaria;baixa;1966.24;130.22;46;S355JR;sem_tratamento;29;3204.99;354.81;214.14;3635.93;389.12;244.12;10.42
guarda-corpos;media;4781.23;528.98;370;AISI304;sem_tratamento;105;24873.45;1404.08;495.24;24591.3;1539.87;485.65;41.02
passarela;baixa;1483.11;163.44;144;AL6060;anodizacao;31;5450.74;299.99;2849.98;5952.75;316.98;3434.27;7.97
passerelle;alta;4278.48;451.72;384;AL5754;pintura_liquida;82;18162.58;1630.87;7206.35;19318.54;1876.56;8846.98;54.0
corrimao;media;4151.99;326.55;298;S235JR;pintura_liquida;78;5552.99;1240.81;4398.28;6214.44;1340.76;4965.33;35.78
gradeamento;baixa;1616.7;166.43;194;S355JR;sem_tratamento;54;2697.29;329.64;200.0;2915.18;340.88;221.56;9.29
portao;baixa;840.69;65.14;40;S235JR;lacagem;35;1334.54;300.0;1124.45;1371.95;313.86;1075.84;8.26
pavilhao;alta;10394.46;368.01;528;S355JR;galvanizacao;111;20981.26;4656.55;13358.7;37912.78;7216.75;23456.56;172.02
passadico;baixa;1703.97;129.99;73;S235JR;sem_tratamento;37;2414.64;300.0;200.0;2460.79;336.45;210.46;8.89
cobertura;baixa;7722.43;733.83;292;S355JR;sem_tratamento;88;16322.64;1567.57;827.78;17001.58;1761.22;978.37;46.26
mezanino;media;4068.25;190.94;113;S355JR;pintura_liquida;84;7399.91;1111.12;2642.94;7843.08;1270.6;2890.26;32.12
plataforma;alta;1494.75;98.07;130;AISI304;polimento;60;8641.14;492.95;2342.1;9334.8;524.23;2483.63;14.3
escadaria;baixa;1202.06;100.58;37;AL6060;anodizacao;41;4130.44;300.0;1890.15;4596.43;317.68;2003.92;8.38
guarda-corpos;media;4477.24;475.29;289;AL5754;lacagem;117;17488.62;1386.96;8532.3;18101.19;1640.14;8901.31;34.97
passarela;baixa;2906.12;246.97;71;S235JR;sem_tratamento;43;4075.86;475.87;308.35;4522.23;499.25;297.77;13.39
passerelle;alta;7240.36;594.36;242;S355JR;galvanizacao;94;12003.23;2843.93;9366.83;13643.56;3443.64;13686.02;83.13
corrimao;media;1589.4;149.76;317;S235JR;pintura_liquida;90;2163.51;465.55;2396.44;2256.57;498.01;2948.56;12.35
gradeamento;baixa;2652.62;257.56;164;S355JR;sem_tratamento;66;4328.71;482.84;285.06;4513.01;511.01;337.05;13.67
portao;baixa;1137.38;85.27;60;S235JR;sem_tratamento;47;1630.96;300.0;200.0;1704.36;309.54;233.72;8.78
pavilhao;alta;9410.88;390.47;211;S355JR;galvanizacao;123;17754.76;3481.56;10946.87;18315.63;3944.21;11932.68;104.22
passadico;baixa;1335.24;93.69;39;S355JR;sem_tratamento;49;2348.64;300.01;200.0;2598.33;370.1;235.76;9.31
cobertura;baixa;3029.41;365.94;355;AISI304;sem_tratamento;140;17985.6;702.42;304.11;19904.73;777.83;369.77;20.96
mezanino;media;1350.04;86.47;306;AL6060;lacagem;46;5264.36;404.77;1530.05;5959.01;445.53;1734.52;11.2
plataforma;alta;673.47;56.59;110;AL5754;pintura_liquida;72;2848.57;300.0;843.57;3126.8;317.35;913.75;8.71
escadaria;baixa;761.02;58.23;30;S235JR;sem_tratamento;53;994.95;299.99;200.0;1036.93;328.91;260.66;9.21
guarda-corpos;media;5680.91;444.09;536;S355JR;pintura_liquida;129;9620.93;1712.2;6724.85;11038.37;1803.91;8882.81;49.86
passarela;baixa;752.92;62.61;91;S235JR;lacagem;55;1165.71;300.0;964.48;1360.92;346.24;1102.66;9.47
passerelle;alta;6917.76;599.75;126;S355JR;galvanizacao;106;12893.7;2602.32;8542.01;13496.4;2694.11;9093.9;70.74
corrimao;media;1805.74;175.27;304;S235JR;pintura_liquida;52;2452.82;539.66;2750.25;2662.33;583.83;3106.95;14.93
gradeamento;baixa;1878.94;157.86;227;S355JR;sem_tratamento;78;3219.53;385.82;200.0;3420.17;418.64;245.58;11.78
portao;baixa;996.67;73.65;74;S355JR;sem_tratamento;59;1827.37;300.0;200.0;1831.79;304.8;256.19;9.16
pavilhao;alta;4651.18;192.12;987;AISI304;polimento;120;26539.79;2676.74;4610.44;27249.0;2708.26;4781.02;74.55
passadico;baixa;981.07;111.87;99;AL6060;anodizacao;21;3625.73;300.0;2066.1;4484.24;373.17;2624.61;10.33
cobertura;baixa;3287.18;385.63;297;AL5754;anodizacao;57;14417.96;625.75;7120.29;15716.04;685.03;7414.37;17.67
mezanino;media;1504.6;82.14;240;S235JR;pintura_liquida;58;2222.26;405.96;1215.04;2528.82;467.54;1279.57;12.67
plataforma;alta;1937.01;104.59;233;S355JR;galvanizacao;39;3456.52;712.94;2150.49;3969.05;757.76;2421.61;20.4
escadaria;baixa;1710.67;129.03;102;S235JR;lacagem;25;2420.81;300.0;2019.71;2627.57;317.21;2094.28;7.76
guarda-corpos;media;8166.53;671.35;440;S355JR;pintura_liquida;76;14124.49;2689.5;10635.2;15007.73;2612.99;10676.56;72.87
guarda-corpos;media;5820.39;767.12;388;AL5754;lacagem;112;21146.13;1713.99;13325.83;21936.38;1818.89;15007.57;44.73
passarela;baixa;1217.07;108.6;125;S235JR;sem_tratamento;23;1898.41;300.0;200.0;1990.19;314.26;235.5;8.57
passerelle;alta;4769.18;353.47;435;S355JR;galvanizacao;99;8505.98;2214.51;5160.5;9159.93;2368.29;5359.15;60.25
corrimao;media;5835.03;477.34;101;S235JR;pintura_liquida;50;7222.21;1521.75;7551.22;7733.65;1861.99;8687.97;48.22
gradeamento;baixa;3864.3;358.7;182;S355JR;sem_tratamento;36;6349.93;799.58;362.18;7387.03;855.66;398.51;24.19
portao;baixa;2125.5;171.54;69;S235JR;sem_tratamento;27;3433.29;344.22;215.88;3548.03;388.52;252.99;9.78
pavilhao;alta;10157.3;447.73;320;S355JR;galvanizacao;118;18801.93;3719.36;11339.38;19439.18;4019.22;12145.81;104.87
passadico;baixa;1485.88;124.45;29;S355JR;sem_tratamento;29;2545.39;300.0;200.01;2647.19;312.91;261.99;8.93
cobertura;baixa;3051.87;323.16;366;AISI304;sem_tratamento;105;17977.03;625.38;296.52;19153.43;716.16;334.09;18.3
mezanino;media;3120.14;227.55;118;AL6060;lacagem;56;11770.86;836.86;3665.15;13216.48;815.38;4404.61;20.34
plataforma;alta;1884.19;141.49;78;AL5754;pintura_liquida;42;8120.63;592.22;1940.86;10545.93;705.44;2460.44;19.98
escadaria;baixa;941.97;62.8;72;S235JR;sem_tratamento;33;1367.98;300.01;200.0;1495.18;349.17;231.34;8.95
guarda-corpos;media;5535.7;451.27;460;S355JR;pintura_liquida;124;9640.29;1921.01;7296.18;10520.28;2121.68;8600.5;55.09
passarela;baixa;1068.82;95.69;91;S235JR;lacagem;35;1564.02;299.99;1644.06;1645.98;328.9;1819.52;8.9
passerelle;alta;5367.2;434.95;228;S355JR;galvanizacao;56;9524.5;2113.63;6504.83;10417.47;2089.26;6456.92;53.45
corrimao;media;3027.73;223.53;229;S235JR;pintura_liquida;62;3978.77;808.27;3071.61;4289.03;847.67;3635.29;21.98
gradeamento;baixa;2629.08;229.63;189;S355JR;sem_tratamento;48;4109.48;520.73;243.94;6813.15;965.32;379.74;26.03
portao;baixa;632.54;46.21;157;S355JR;sem_tratamento;39;1145.83;299.99;200.0;1160.2;324.15;203.65;9.01
pavilhao;alta;2016.14;106.65;361;AISI304;polimento;130;12345.08;789.14;2452.24;12943.65;845.83;2705.5;22.48
passadico;baixa;1381.16;149.51;126;AL6060;anodizacao;41;5198.65;300.0;2765.26;5731.8;311.65;2675.48;8.43
cobertura;baixa;1655.33;231.38;202;AL5754;anodizacao;62;7623.13;299.99;4018.87;8048.25;301.86;5011.86;8.05
mezanino;media;3865.85;173.21;235;S235JR;pintura_liquida;68;6159.8;1136.72;2792.3;6500.88;1245.45;3260.02;33.65
plataforma;alta;3596.82;208.41;126;S355JR;galvanizacao;54;6549.63;1294.0;4197.01;6951.5;1406.54;4573.18;38.43
escadaria;baixa;7323.45;481.84;699;S235JR;lacagem;140;9940.04;1912.77;7625.68;10849.94;2091.62;8113.53;56.87
guarda-corpos;media;4876.58;440.9;564;S355JR;pintura_liquida;136;8089.04;1555.64;6836.14;9386.53;1590.16;7132.48;45.08
passarela;baixa;2334.55;177.79;71;S235JR;sem_tratamento;47;3567.83;391.49;255.22;3692.44;441.29;289.87;10.7
passerelle;alta;4892.98;405.17;442;S355JR;galvanizacao;68;8142.25;2255.48;5833.18;6347.71;2017.83;4490.42;48.32
corrimao;media;4593.87;351.02;169;S355JR;pintura_liquida;74;7321.76;1103.12;5627.09;8793.76;1305.87;6041.94;32.44
gradeamento;baixa;1037.0;111.76;109;AISI304;sem_tratamento;60;5210.42;300.0;200.0;5280.91;303.97;218.61;8.98
portao;baixa;266.78;22.59;150;AL6060;anodizacao;51;1028.78;300.0;370.48;1126.01;334.17;406.3;8.35
pavilhao;alta;5572.67;250.97;419;AL5754;pintura_liquida;77;24838.8;2591.55;4044.75;26825.72;2717.75;4092.6;76.29
passadico;baixa;2757.93;244.63;94;S235JR;sem_tratamento;53;3921.55;490.91;284.37;4268.66;531.88;302.15;13.19
cobertura;baixa;5985.02;670.79;428;S355JR;sem_tratamento;74;11125.75;1288.78;564.94;12384.0;1460.0;676.82;39.54
mezanino;media;2949.41;167.46;296;S235JR;pintura_liquida;80;4535.06;847.3;2608.61;4688.3;964.24;3181.4;22.99
plataforma;alta;1737.52;118.29;57;S355JR;galvanizacao;66;3106.12;588.2;2111.85;3268.21;608.74;1996.65;15.8
escadaria;baixa;2349.89;174.91;36;S235JR;sem_tratamento;57;3128.54;436.21;224.77;3195.98;464.89;216.07;12.37
guarda-corpos;media;5935.56;606.14;336;S355JR;pintura_liquida;83;10297.97;1906.57;8076.63;11382.31;2084.78;8502.5;55.8
passarela;baixa;1811.12;154.58;92;S355JR;sem_tratamento;59;3376.25;333.01;200.0;3792.52;396.42;234.73;10.18
passerelle;alta;6650.65;690.81;453;AISI304;polimento;200;31415.69;2344.36;13630.72;32900.84;2728.23;16140.09;73.24
corrimao;media;1249.99;121.03;198;AL6060;lacagem;86;4495.74;319.37;1868.36;4910.63;332.85;2030.8;8.8
gradeamento;baixa;932.11;108.11;171;AL5754;anodizacao;72;3385.2;300.01;1990.11;3648.49;328.22;1943.7;9.04
portao;baixa;2240.13;163.43;51;S235JR;sem_tratamento;23;3519.89;377.26;226.93;3593.66;388.86;269.82;9.55
pavilhao;alta;5771.85;227.98;586;S355JR;galvanizacao;89;11712.81;2948.57;6313.98;13324.69;3372.29;7008.32;88.7
passadico;baixa;1646.22;141.25;49;S235JR;lacagem;25;2295.2;299.99;2284.16;2340.0;340.19;2602.85;8.57
cobertura;baixa;3605.7;411.66;287;S355JR;sem_tratamento;86;7086.32;762.52;370.45;8326.28;957.51;501.44;26.37
mezanino;media;2679.17;125.68;111;S235JR;pintura_liquida;92;3892.26;703.16;1965.03;3955.11;771.7;2337.47;20.86
plataforma;alta;3359.84;193.04;55;S355JR;galvanizacao;78;6777.17;1125.93;4250.2;7277.26;1194.4;4744.2;29.49
escadaria;baixa;1400.25;110.04;62;S355JR;sem_tratamento;29;2151.5;300.01;200.0;2387.37;308.23;227.77;8.11
guarda-corpos;media;4563.14;505.71;598;AISI304;sem_tratamento;90;24818.43;1532.46;459.02;26883.8;1547.43;519.27;43.89
passarela;baixa;1030.89;115.96;128;AL6060;anodizacao;31;3943.75;300.01;2079.26;4291.49;337.37;2568.05;7.76
passerelle;alta;3978.14;431.46;458;AL5754;pintura_liquida;92;17059.42;1864.46;6536.71;18834.63;1880.55;7848.44;51.61
corrimao;media;3391.29;246.79;327;S235JR;pintura_liquida;48;4196.84;1055.95;3317.96;4646.21;1102.69;3840.77;28.99
gradeamento;baixa;3970.36;303.92;185;S355JR;sem_tratamento;39;6852.43;712.7;393.36;7510.41;777.83;475.58;20.7
portao;baixa;520.68;37.68;74;S235JR;lacagem;35;770.51;300.0;598.5;847.47;299.27;676.12;8.01
pavilhao;alta;10255.89;430.21;196;S355JR;galvanizacao;101;19432.53;3581.84;13200.61;21588.9;3681.67;14169.88;86.88
passadico;baixa;2139.37;193.46;104;S235JR;sem_tratamento;37;2918.23;382.44;205.88;3226.38;380.32;251.2;9.92
cobertura;baixa;4136.73;413.01;259;S355JR;sem_tratamento;98;7684.95;905.11;396.49;8852.79;930.81;454.96;25.22
mezanino;media;5044.36;244.06;328;S355JR;pintura_liquida;54;8576.33;1430.24;3751.63;13651.09;2434.21;6856.01;64.59
plataforma;alta;542.11;40.23;37;AISI304;polimento;45;3332.35;300.01;835.08;3736.53;326.66;904.33;7.99
escadaria;baixa;460.33;39.21;81;AL6060;anodizacao;41;1523.66;300.0;775.17;1694.69;317.46;908.12;7.89
guarda-corpos;media;5949.31;744.23;637;AL5754;lacagem;107;24218.45;2242.41;13160.07;24845.78;2549.38;13709.85;65.08
passarela;baixa;2954.37;263.41;101;S235JR;sem_tratamento;43;4638.98;499.42;266.34;5717.08;596.48;377.97;15.6
passerelle;alta;5322.97;474.88;119;S355JR;galvanizacao;104;9888.83;1907.47;5946.45;10380.2;1994.26;7289.81;49.33
corrimao;media;3219.91;233.21;163;S235JR;pintura_liquida;60;3991.66;881.72;3673.65;4346.93;876.31;4135.55;22.55
gradeamento;baixa;1730.47;138.24;184;S355JR;sem_tratamento;51;2845.4;315.29;200.0;2944.34;339.35;203.43;9.05
gradeamento;baixa;766.46;82.89;127;AL5754;anodizacao;42;2883.93;300.01;1381.49;3009.89;322.98;1513.5;8.31
portao;baixa;585.16;40.8;171;S235JR;sem_tratamento;43;901.74;300.0;200.0;957.52;324.19;220.22;7.72
pavilhao;alta;11363.93;435.36;422;S355JR;galvanizacao;84;20345.33;4799.0;12412.59;22965.35;5490.03;13090.54;135.4
passadico;baixa;2759.83;229.15;114;S235JR;lacagem;45;4025.0;470.4;3887.9;4563.17;514.32;4406.1;13.2
cobertura;baixa;3424.33;324.37;365;S355JR;sem_tratamento;91;6591.3;792.27;329.44;6834.11;886.86;329.48;24.99
mezanino;media;2466.09;129.13;117;S235JR;pintura_liquida;52;3838.32;593.24;2031.49;4345.28;610.85;2199.69;15.2
plataforma;alta;3014.65;157.04;189;S355JR;galvanizacao;48;5960.92;1070.73;3904.5;6178.14;1087.26;4039.85;27.47
escadaria;baixa;2348.4;164.84;75;S355JR;sem_tratamento;49;3775.43;373.42;250.11;4192.07;405.09;241.75;11.29
guarda-corpos;media;4222.09;416.14;634;AISI304;sem_tratamento;90;22530.47;1577.91;412.64;24079.98;1571.19;382.29;41.79
passarela;baixa;463.2;49.6;129;AL6060;anodizacao;51;1793.99;300.0;807.9;2048.84;310.43;761.89;8.6
passerelle;alta;1643.46;194.58;274;AL5754;pintura_liquida;97;6643.18;589.85;3023.57;7431.59;583.83;3539.58;14.77
corrimao;media;5705.53;496.21;177;S235JR;pintura_liquida;58;7316.5;1616.41;7766.19;7982.99;1612.22;7779.59;42.66
gradeamento;baixa;1885.61;171.99;93;S355JR;sem_tratamento;54;3117.31;355.39;200.0;4019.13;494.17;265.06;11.72
portao;baixa;1545.16;123.85;33;S235JR;lacagem;55;2206.07;300.0;2124.2;2332.74;313.85;2605.35;8.71
pavilhao;alta;5979.48;237.73;331;S355JR;galvanizacao;96;11002.53;2341.36;6906.6;13138.69;2522.03;7067.4;56.84
passadico;baixa;2629.83;200.06;59;S235JR;sem_tratamento;57;3539.07;467.9;252.11;4002.44;507.06;276.66;13.19
cobertura;baixa;6968.26;700.28;204;S355JR;sem_tratamento;103;13488.3;1339.5;660.33;15056.84;1400.23;813.76;36.89
mezanino;media;3289.16;183.99;75;S355JR;pintura_liquida;64;5930.55;769.33;2802.86;5905.1;826.75;2825.44;21.94
plataforma;alta;4198.76;266.32;886;AISI304;polimento;190;25549.35;2346.9;5526.62;26224.82;2673.5;5778.44;65.09
escadaria;baixa;1155.14;116.11;117;AL6060;anodizacao;21;3799.83;299.99;2295.01;4061.61;304.02;2943.54;7.07
guarda-corpos;media;4335.68;491.67;278;AL5754;lacagem;102;15709.26;1177.72;8635.76;17276.41;1235.66;9830.85;32.51
passarela;baixa;2696.38;246.84;127;S235JR;sem_tratamento;23;3951.83;538.93;280.76;3899.29;580.53;320.07;15.74
passerelle;alta;6325.97;561.32;174;S355JR;galvanizacao;109;10750.96;2473.23;6916.35;10522.81;2562.52;7480.54;65.62
corrimao;media;10790.35;796.3;663;S235JR;pintura_liquida;90;14605.75;4188.5;11625.09;17019.68;4466.94;11685.33;124.5
gradeamento;baixa;2177.23;206.96;219;S355JR;sem_tratamento;66;3744.01;459.53;200.0;3864.13;468.13;249.38;12.17
portao;baixa;1018.96;85.73;134;S235JR;sem_tratamento;27;1448.67;300.0;200.0;1537.03;321.81;223.45;8.59
pavilhao;alta;5810.51;231.18;256;S355JR;galvanizacao;108;10987.0;2035.85;6568.31;12561.43;2252.93;7164.96;52.37
passadico;baixa;1770.6;128.29;112;S355JR;sem_tratamento;29;2997.72;336.83;200.0;3333.34;369.11;251.88;9.16
cobertura;baixa;3087.1;380.94;458;AISI304;sem_tratamento;60;18126.24;641.52;331.85;19523.97;696.1;322.86;18.9
mezanino;media;1783.12;117.13;330;AL6060;lacagem;76;6559.62;530.99;2029.67;7679.35;621.09;2321.76;17.57
plataforma;alta;2053.41;173.04;211;AL5754;pintura_liquida;72;8728.82;697.25;2389.56;9347.23;703.31;2739.18;19.92
escadaria;baixa;1938.53;121.22;124;S235JR;sem_tratamento;33;2564.13;351.58;200.0;2831.2;407.18;228.74;9.94
guarda-corpos;media;5698.26;581.22;497;S355JR;pintura_liquida;114;9596.05;1927.14;9156.67;8319.0;1640.72;8875.23;43.59
passarela;baixa;1713.94;116.77;127;S235JR;lacagem;35;2388.53;336.71;1760.03;2539.86;374.25;2100.2;8.99
passerelle;alta;6961.59;586.67;316;S355JR;galvanizacao;66;11685.89;2811.8;8595.04;14314.04;3099.15;9792.24;78.28
corrimao;media;1914.16;176.35;334;S235JR;pintura_liquida;82;2590.67;606.84;2779.21;2957.74;708.27;3571.03;18.16
gradeamento;baixa;2860.34;253.97;79;S355JR;sem_tratamento;78;4736.44;535.16;277.8;5225.52;587.8;284.37;16.36
portao;baixa;743.35;51.44;75;S355JR;sem_tratamento;39;1337.12;299.99;200.0;1395.64;321.83;242.42;8.46
pavilhao;alta;5249.01;252.73;222;AISI304;polimento;120;31507.45;1826.94;6006.66;33468.74;1878.56;7013.8;50.91
passadico;baixa;826.6;95.71;111;AL6060;anodizacao;41;3235.43;300.0;1723.85;5582.27;447.46;3036.19;11.93
cobertura;baixa;4143.37;549.94;190;AL5754;anodizacao;72;18378.89;760.42;9662.89;19619.09;794.47;11107.25;19.62
mezanino;media;3233.47;166.86;244;S235JR;pintura_liquida;88;4682.52;918.32;2232.85;5114.0;997.02;2266.24;25.76
plataforma;alta;2527.38;162.38;227;S355JR;galvanizacao;39;4627.08;986.81;3254.11;4905.42;1012.4;3986.6;26.87
escadaria;baixa;955.39;63.55;64;S235JR;lacagem;45;1332.9;300.0;950.36;1471.01;338.07;997.24;8.45
guarda-corpos;media;4903.52;381.01;271;S355JR;pintura_liquida;126;8412.55;1367.95;5713.76;8801.87;1443.32;5633.1;36.43
passarela;baixa;2951.31;262.08;78;S235JR;sem_tratamento;47;4370.22;552.51;296.65;4903.85;620.17;379.22;15.85
passerelle;alta;6962.07;612.13;106;S355JR;galvanizacao;78;11713.49;2394.51;8354.84;15099.76;2990.02;12445.73;72.95
corrimao;media;2889.78;226.21;188;S355JR;pintura_liquida;94;4569.46;717.06;3600.96;4988.86;729.74;3848.36;18.88
gradeamento;baixa;4785.46;548.73;546;AISI304;sem_tratamento;115;24778.69;1243.66;489.14;26445.33;1426.89;558.56;37.78
portao;baixa;727.28;71.48;139;AL6060;anodizacao;51;2644.06;300.0;1383.24;2847.96;299.57;1719.88;7.29
pavilhao;alta;6136.81;329.01;467;AL5754;pintura_liquida;132;26159.13;2572.7;5116.1;27350.54;2995.21;5131.93;74.3
passadico;baixa;1320.92;92.46;83;S235JR;sem_tratamento;53;1777.02;299.99;200.0;1784.07;337.2;190.23;8.6
cobertura;baixa;7907.97;716.2;410;S355JR;sem_tratamento;84;15100.89;1576.94;851.08;16386.85;1613.73;982.14;41.9
mezanino;media;4978.42;225.44;116;S235JR;pintura_liquida;50;7079.75;1210.76;3248.68;8061.86;1310.99;3977.87;37.65
plataforma;alta;2903.55;198.11;227;S355JR;galvanizacao;51;5551.9;1055.04;3743.82;6154.47;1200.22;4122.42;29.51
escadaria;baixa;2387.06;165.56;104;S235JR;sem_tratamento;57;3255.74;391.05;242.41;3460.06;420.86;242.67;11.08
guarda-corpos;media;11866.63;1186.71;181;S355JR;pintura_liquida;138;20005.17;3334.49;15983.09;21030.02;3739.08;15304.94;99.22
passarela;baixa;2567.38;219.88;138;S355JR;sem_tratamento;59;4442.13;452.15;260.74;4644.51;497.14;310.52;13.45
passerelle;alta;7088.75;759.02;697;AISI304;polimento;140;27096.44;2652.06;12466.37;28991.56;2787.08;13689.13;74.47
corrimao;media;1360.32;135.36;78;AL6060;lacagem;56;4681.84;350.18;2332.58;5402.87;410.42;2457.07;11.32
gradeamento;baixa;619.99;81.68;61;AL5754;anodizacao;57;2314.13;300.0;1502.23;2519.88;319.38;1922.31;8.9
portao;baixa;1121.75;74.61;70;S235JR;sem_tratamento;23;1621.23;300.0;200.0;1876.03;325.2;241.52;8.47
pavilhao;alta;11035.22;387.65;187;S355JR;galvanizacao;79;22363.2;4211.37;14326.42;23255.65;4860.7;16240.24;116.42
passadico;baixa;2689.84;206.05;30;S235JR;lacagem;25;3828.37;500.41;3525.73;4618.45;613.96;5293.19;16.14
cobertura;baixa;7069.3;750.88;458;S355JR;sem_tratamento;96;13663.46;1711.5;697.63;14486.17;1711.74;679.5;42.61
cobertura;baixa;2079.32;261.7;121;AL5754;anodizacao;77;9972.69;378.71;4880.52;11065.94;396.52;5687.05;9.93
mezanino;media;5239.97;300.47;216;S235JR;pintura_liquida;48;7607.77;1492.56;4206.51;8202.21;1540.76;4274.67;38.78
plataforma;alta;1007.38;59.58;75;S355JR;galvanizacao;54;1862.4;348.09;1277.47;2251.24;394.71;1517.25;9.52
escadaria;baixa;668.12;50.39;36;S235JR;lacagem;25;969.16;300.01;797.42;1112.83;320.23;815.96;9.14
guarda-corpos;media;9835.4;789.32;299;S355JR;pintura_liquida;121;16790.65;2796.57;11978.19;18288.52;2980.25;11683.91;80.98
passarela;baixa;2607.08;235.14;100;S235JR;sem_tratamento;27;3620.59;487.74;258.29;3824.32;501.74;326.67;13.61
passerelle;alta;5132.43;465.53;103;S355JR;galvanizacao;83;9440.55;1645.5;6627.84;9881.98;1805.74;6851.78;43.88
corrimao;media;5602.82;507.11;94;S355JR;pintura_liquida;54;8185.62;1513.27;7685.35;8865.34;1473.96;8716.22;40.27
gradeamento;baixa;1017.0;114.48;147;AISI304;sem_tratamento;60;5019.72;300.0;200.0;5292.85;338.92;236.43;9.29
portao;baixa;470.79;42.5;140;AL6060;anodizacao;31;1898.21;300.0;823.54;2074.75;309.38;761.79;7.74
pavilhao;alta;6134.33;284.41;534;AL5754;pintura_liquida;127;25225.06;2805.23;3856.75;25937.46;2874.82;4253.95;77.85
passadico;baixa;1712.48;133.26;98;S235JR;sem_tratamento;33;2558.26;300.0;200.0;2720.05;321.65;234.52;8.61
cobertura;baixa;6900.65;750.35;245;S355JR;sem_tratamento;89;14562.69;1463.95;654.36;15804.63;1476.93;767.74;37.36
mezanino;media;4747.4;264.34;330;S235JR;pintura_liquida;60;7132.46;1366.06;3698.48;7444.17;1417.62;3789.66;38.62
plataforma;alta;2097.35;129.07;228;S355JR;galvanizacao;66;4051.18;778.8;2558.21;4983.59;986.77;3029.04;25.23
escadaria;baixa;1583.78;108.18;53;S235JR;sem_tratamento;37;2164.77;300.0;200.0;2424.75;347.04;234.09;8.92
guarda-corpos;media;11672.32;1153.17;170;S355JR;pintura_liquida;133;20391.58;3016.25;18286.24;23150.61;3236.48;19017.01;89.42
passarela;baixa;2906.49;217.55;95;S355JR;sem_tratamento;39;5057.36;528.17;313.84;5585.31;537.95;367.48;14.77
passerelle;alta;1295.55;137.17;95;AISI304;polimento;95;6567.09;468.49;3298.97;7069.25;480.3;3927.86;12.83
corrimao;media;2266.06;258.16;281;AL6060;lacagem;66;7317.23;595.57;4010.34;7575.92;604.43;4476.1;16.21
gradeamento;baixa;853.78;90.83;217;AL5754;anodizacao;72;3452.23;300.01;1494.19;3669.88;340.39;1701.85;8.48
portao;baixa;801.49;56.98;72;S235JR;sem_tratamento;43;1179.15;300.0;200.0;2019.8;572.53;361.13;13.54
pavilhao;alta;10210.39;347.61;617;S355JR;galvanizacao;139;20601.28;4823.82;11922.23;21904.06;5008.8;12735.0;129.04
passadico;baixa;11844.03;1015.6;255;S235JR;lacagem;115;15949.5;2265.87;15206.76;16694.55;2598.58;16767.16;65.29
cobertura;baixa;4403.67;481.36;329;S355JR;sem_tratamento;101;8503.07;992.01;454.34;9289.51;1118.72;512.56;29.23
mezanino;media;2389.51;132.42;100;S235JR;pintura_liquida;72;3857.04;561.74;2031.34;4025.26;608.23;2224.32;16.06
plataforma;alta;1072.97;72.74;113;S355JR;galvanizacao;78;2064.66;393.52;1289.99;2124.21;433.38;1523.7;10.95
escadaria;baixa;420.34;33.32;123;S355JR;sem_tratamento;49;668.23;300.01;200.0;687.03;323.08;229.06;8.24
guarda-corpos;media;3242.96;355.25;572;AISI304;sem_tratamento;80;16234.95;1024.97;321.78;17093.57;1148.27;314.39;30.27
passarela;baixa;631.49;66.88;105;AL6060;anodizacao;51;2439.41;300.01;1295.21;2715.09;346.11;1301.42;9.57
passerelle;alta;2482.64;228.52;178;AL5754;pintura_liquida;107;10338.57;885.86;3073.12;11864.31;991.48;3378.77;23.81
corrimao;media;4758.75;453.16;317;S235JR;pintura_liquida;78;6646.92;1280.13;6945.22;8064.04;1575.8;9121.97;41.43
gradeamento;baixa;1397.78;138.29;45;S355JR;sem_tratamento;39;2218.47;299.99;200.0;2313.67;316.98;261.55;8.05
portao;baixa;1409.95;90.67;174;S235JR;lacagem;55;2256.91;299.99;1525.46;2501.03;322.91;1840.25;9.04
pavilhao;alta;8873.27;403.69;492;S355JR;galvanizacao;86;17477.7;3736.78;9638.64;18880.38;4302.85;11304.35;112.34
passadico;baixa;1777.86;163.37;43;S235JR;sem_tratamento;57;2600.33;335.41;200.0;2859.36;354.56;213.57;9.43
cobertura;baixa;2892.57;271.31;320;S355JR;sem_tratamento;58;5987.98;581.33;312.26;6311.71;631.58;361.29;15.19
mezanino;media;3088.7;143.36;246;S355JR;pintura_liquida;84;5844.0;805.65;1950.12;6552.92;889.74;1905.25;24.25
plataforma;alta;7151.44;456.37;703;AISI304;polimento;130;33709.68;3020.97;8304.42;28627.29;2646.27;6901.55;68.33
escadaria;baixa;818.87;74.89;64;AL6060;anodizacao;21;2810.16;300.01;1450.91;2998.28;322.37;1517.05;7.49
guarda-corpos;media;6206.71;656.71;608;AL5754;lacagem;92;22364.16;2139.25;10180.03;24670.72;2304.58;12019.3;57.84
passarela;baixa;1515.25;135.35;130;S235JR;sem_tratamento;23;2256.7;303.11;200.0;2424.27;328.37;212.13;8.5
passerelle;alta;2866.46;216.99;322;S355JR;galvanizacao;64;4846.05;1046.95;3630.06;5322.77;1197.56;3438.45;28.84
corrimao;media;3585.56;292.93;222;S235JR;pintura_liquida;90;4756.59;921.48;4254.3;5096.46;899.37;4614.13;25.33
gradeamento;baixa;3242.65;324.47;44;S355JR;sem_tratamento;51;5549.17;577.01;298.74;5864.25;595.8;329.54;16.07
portao;baixa;772.66;57.27;174;S235JR;sem_tratamento;27;1237.89;300.0;200.0;1377.15;305.28;194.98;7.75
pavilhao;alta;10933.32;494.88;340;S355JR;galvanizacao;98;19539.0;4733.83;13342.65;20121.73;5200.77;14499.34;116.4
passadico;baixa;2936.14;208.74;43;S355JR;sem_tratamento;29;4821.27;464.45;292.21;5145.3;488.78;351.77;12.8
cobertura;baixa;2632.79;277.38;555;AISI304;sem_tratamento;140;16670.65;591.17;247.12;20656.42;761.93;324.7;20.98
mezanino;media;2886.07;163.24;273;AL6060;lacagem;46;10625.77;806.73;2754.47;11677.43;841.3;3554.9;23.23
plataforma;alta;2085.56;161.71;154;AL5754;pintura_liquida;57;9043.73;775.8;2184.27;9773.43;799.87;2265.48;22.37
escadaria;baixa;753.96;46.03;135;S235JR;sem_tratamento;33;1014.24;300.0;200.0;1090.42;328.43;232.99;8.27
guarda-corpos;media;8283.45;837.94;607;S355JR;pintura_liquida;104;13147.74;2617.48;13452.72;14054.48;2711.97;16858.24;76.0
passarela;baixa;2736.06;212.54;60;S235JR;lacagem;35;4213.99;498.04;3345.47;4612.74;513.51;3351.53;14.27
passerelle;alta;7679.23;550.66;407;S355JR;galvanizacao;76;13125.7;3357.87;9677.45;14791.77;3688.88;10296.73;93.98
corrimao;media;2269.79;205.06;192;S235JR;pintura_liquida;52;2794.89;644.45;2766.53;2985.51;698.36;3103.67;19.09
gradeamento;baixa;3561.27;297.71;171;S355JR;sem_tratamento;63;5780.7;669.3;368.6;6636.99;708.39;396.78;18.44
portao;baixa;1129.48;89.66;94;S355JR;sem_tratamento;39;2143.97;299.99;200.0;2329.7;332.1;247.62;8.88
pavilhao;alta;3185.11;169.33;489;AISI304;polimento;110;18690.92;1490.41;3364.22;19038.61;1658.48;3775.4;40.17
passadico;baixa;656.05;69.52;39;AL6060;anodizacao;41;2333.85;300.01;1248.29;2529.1;320.62;1348.6;8.03
cobertura;baixa;2047.44;297.15;179;AL5754;anodizacao;82;9622.57;353.47;5433.54;10495.3;369.44;6350.47;10.33
mezanino;media;5729.01;260.87;198;S235JR;pintura_liquida;58;8518.11;1697.48;3811.5;9372.49;1771.86;3975.08;47.08
plataforma;alta;2799.74;177.3;132;S355JR;galvanizacao;69;5215.28;884.17;3180.1;9386.74;1402.08;5277.16;35.05
escadaria;baixa;1659.51;118.89;41;S235JR;lacagem;45;2321.17;300.01;1860.63;2376.62;331.62;1934.66;8.15
guarda-corpos;media;6254.67;644.61;603;S355JR;pintura_liquida;116;10420.25;2011.65;8678.77;11791.94;2148.85;9977.82;60.94
guarda-corpos;media;3902.64;470.39;305;AL5754;lacagem;87;15862.08;1129.84;8223.16;17547.08;1165.08;8563.99;29.51
passarela;baixa;1134.82;97.07;47;S235JR;sem_tratamento;43;1597.84;300.0;200.0;1593.87;316.34;227.93;8.34
passerelle;alta;5103.33;398.83;353;S355JR;galvanizacao;69;8310.69;2009.87;5570.24;8473.33;2265.76;6481.76;56.51
corrimao;media;3130.69;283.32;91;S235JR;pintura_liquida;50;4194.27;723.73;4404.87;7038.85;1322.94;8279.7;34.3
gradeamento;baixa;3298.31;275.82;193;S355JR;sem_tratamento;66;5525.39;581.49;306.14;5838.09;620.35;311.28;16.77
portao;baixa;2036.67;170.29;61;S235JR;sem_tratamento;47;2982.68;375.69;211.98;3273.66;402.69;228.77;10.37
pavilhao;alta;7436.46;277.2;618;S355JR;galvanizacao;93;15116.51;3833.74;9017.76;17086.86;4241.1;10179.44;101.79
passadico;baixa;1305.23;111.56;24;S355JR;sem_tratamento;49;2205.12;300.0;200.0;2495.0;293.65;198.62;8.62
cobertura;baixa;3100.35;343.03;347;AISI304;sem_tratamento;75;19766.95;609.54;336.8;20715.36;635.48;378.33;16.77
mezanino;media;2614.04;183.08;77;AL6060;lacagem;56;9976.2;637.16;3158.24;10491.64;703.14;3495.37;20.39
plataforma;alta;746.24;59.52;115;AL5754;pintura_liquida;72;3070.34;300.01;896.76;3459.73;310.71;973.41;7.37
escadaria;baixa;1749.53;115.7;43;S235JR;sem_tratamento;53;2478.82;324.4;200.0;2780.63;347.43;202.46;8.98
guarda-corpos;media;11245.04;938.35;540;S355JR;pintura_liquida;99;19276.33;4012.43;12780.66;21150.39;4396.99;15996.35;121.19
passarela;baixa;1694.6;154.77;57;S235JR;lacagem;55;2423.1;300.0;2324.11;2725.04;295.45;2630.72;8.0
passerelle;alta;7152.25;536.95;224;S355JR;galvanizacao;81;12355.3;2477.35;8481.47;13659.48;2723.67;9683.53;74.55
corrimao;media;5311.46;512.15;217;S235JR;pintura_liquida;62;6765.83;1475.82;7364.53;7340.73;1625.26;8662.78;42.86
gradeamento;baixa;2161.96;172.93;220;S355JR;sem_tratamento;78;3425.27;461.03;231.02;4107.56;616.94;327.61;15.47
portao;baixa;1471.97;102.08;55;S355JR;sem_tratamento;59;2617.13;300.0;200.0;2897.37;339.89;189.44;8.99
pavilhao;alta;4110.7;179.63;496;AISI304;polimento;120;25018.75;1636.48;3915.86;28299.01;1799.83;4944.24;46.64
passadico;baixa;1596.23;151.62;90;AL6060;anodizacao;21;5548.21;310.0;2480.7;5526.29;371.68;2763.95;8.66
cobertura;baixa;2791.98;327.73;468;AL5754;anodizacao;87;13321.92;578.19;6430.9;14998.13;693.31;7733.25;16.92
mezanino;media;4055.29;217.34;96;S235JR;pintura_liquida;68;6053.02;923.03;3273.49;6291.4;983.88;3855.21;27.08
plataforma;alta;2617.85;136.23;110;S355JR;galvanizacao;39;4762.09;881.92;3177.58;5399.57;946.39;3524.63;23.76
escadaria;baixa;8667.07;581.73;581;S235JR;lacagem;140;12290.36;2151.43;9207.11;14019.39;2374.33;9269.8;63.89
guarda-corpos;media;4486.46;391.95;506;S355JR;pintura_liquida;111;7368.91;1529.68;6008.72;7941.95;1704.27;7348.73;41.64
passarela;baixa;1123.54;79.0;54;S235JR;sem_tratamento;27;1697.89;300.0;200.0;1782.88;310.04;225.86;8.71
passerelle;alta;5717.04;441.84;305;S355JR;galvanizacao;93;9479.66;2200.34;7250.52;10878.36;2294.21;8405.73;61.18
corrimao;media;1844.85;159.59;147;S355JR;pintura_liquida;74;3060.48;508.9;2324.69;3148.25;534.93;2400.21;15.07
gradeamento;baixa;646.69;76.39;144;AISI304;sem_tratamento;45;3065.64;300.01;200.0;3236.7;338.45;215.76;8.81
portao;baixa;502.43;54.51;92;AL6060;anodizacao;31;1885.44;300.0;933.34;2113.98;346.79;1012.92;9.25
pavilhao;alta;3567.55;203.93;305;AL5754;pintura_liquida;117;14677.54;1295.67;2908.39;15486.49;1398.96;3550.59;38.86
passadico;baixa;2651.32;243.82;108;S235JR;sem_tratamento;33;3857.67;455.74;285.23;4112.17;502.21;351.73;13.1
cobertura;baixa;3921.52;399.25;386;S355JR;sem_tratamento;99;7593.65;911.05;382.85;8712.96;967.79;427.61;26.71
mezanino;media;5876.67;297.39;199;S235JR;pintura_liquida;80;8308.83;1621.76;4811.9;11342.27;2024.0;6362.35;58.46
plataforma;alta;3059.9;197.82;201;S355JR;galvanizacao;51;6021.68;1144.01;3930.47;6502.07;1182.15;4197.24;29.78
escadaria;baixa;858.68;52.37;20;S235JR;sem_tratamento;37;1125.81;300.0;200.0;1266.76;311.36;215.42;8.48
guarda-corpos;media;9666.11;835.55;378;S355JR;pintura_liquida;123;16321.2;2707.97;12593.19;17909.82;3100.11;13950.45;77.66
passarela;baixa;1463.05;100.95;121;S355JR;sem_tratamento;39;2729.37;300.0;200.0;3037.48;313.87;195.64;8.04
passerelle;alta;2143.31;181.76;198;AISI304;polimento;105;11825.59;807.72;4234.13;13148.59;922.72;5145.63;22.32
corrimao;media;1043.17;113.97;188;AL6060;lacagem;86;3642.09;299.99;1784.59;3747.9;342.94;1942.96;9.27
gradeamento;baixa;2159.57;215.13;62;AL5754;anodizacao;57;8348.99;361.07;4127.6;9144.59;360.42;4704.98;9.34
portao;baixa;1304.09;89.94;81;S235JR;sem_tratamento;43;2076.09;299.99;199.99;2295.33;322.8;236.28;8.75
pavilhao;alta;7501.45;319.17;580;S355JR;galvanizacao;129;14169.0;3192.65;8857.49;15658.87;3159.28;11091.9;80.44
passadico;baixa;1606.09;124.53;29;S235JR;lacagem;45;2417.56;300.01;2043.5;2658.39;296.87;2552.26;8.53
cobertura;baixa;5093.87;472.38;301;S355JR;sem_tratamento;56;9700.34;1085.16;559.06;16713.2;1866.05;915.68;52.15
mezanino;media;5978.32;319.18;283;S235JR;pintura_liquida;92;8911.48;1702.13;4415.73;9628.8;1895.71;5434.3;50.14
plataforma;alta;3973.18;251.94;123;S355JR;galvanizacao;63;7748.78;1449.62;4739.24;8475.59;1495.73;4880.83;40.29
escadaria;baixa;1428.15;87.42;164;S355JR;sem_tratamento;49;2243.34;300.0;200.0;2450.61;334.83;216.94;9.76
guarda-corpos;media;3996.1;466.97;448;AISI304;sem_tratamento;90;20348.45;1377.87;411.34;20934.29;1633.21;497.8;40.12
passarela;baixa;1256.93;140.61;141;AL6060;anodizacao;51;4424.28;300.01;2678.62;4655.09;309.91;3303.58;8.33
passerelle;alta;3502.98;319.99;187;AL5754;pintura_liquida;62;15022.16;1171.41;4416.33;18927.63;1472.57;5704.85;39.91
corrimao;media;2901.38;231.63;91;S235JR;pintura_liquida;48;3722.7;713.11;3277.51;4133.5;753.09;3654.08;19.46
gradeamento;baixa;1568.75;121.16;195;S355JR;sem_tratamento;69;2411.1;302.52;200.0;2638.85;336.56;254.34;8.6
portao;baixa;452.46;29.62;154;S235JR;lacagem;55;658.42;300.01;484.56;702.66;348.54;568.25;9.69
pavilhao;alta;10981.94;475.39;456;S355JR;galvanizacao;76;21965.44;4615.96;12084.32;24321.02;5017.77;12083.08;124.31
passadico;baixa;2296.94;175.46;116;S235JR;sem_tratamento;57;3519.72;449.12;224.67;3925.34;501.8;238.18;12.76
cobertura;baixa;5673.18;638.2;229;S355JR;sem_tratamento;68;10840.68;1183.68;622.23;11222.58;1279.81;800.78;31.91
mezanino;media;4848.38;226.33;135;S355JR;pintura_liquida;54;8308.93;1262.16;3234.21;9495.6;1400.74;3658.71;37.18
plataforma;alta;7043.28;511.15;858;AISI304;polimento;160;31177.44;3026.73;8982.87;31283.21;3312.98;10163.18;82.08
escadaria;baixa;571.77;49.45;133;AL6060;anodizacao;21;2049.37;300.0;960.27;2225.87;311.21;1158.27;9.13
guarda-corpos;media;3556.81;362.18;247;AL5754;lacagem;82;13345.75;929.86;5666.49;14642.65;937.56;5641.24;23.39
passarela;baixa;716.68;51.99;29;S235JR;sem_tratamento;23;1051.47;300.0;200.0;1171.39;326.11;261.63;8.58
passerelle;alta;5130.86;376.12;217;S355JR;galvanizacao;74;9246.15;1950.48;6481.29;9808.31;1967.86;7413.96;48.97
corrimao;media;2706.59;231.4;271;S235JR;pintura_liquida;60;3768.06;691.66;3232.81;4168.26;707.16;3781.51;19.51
gradeamento;baixa;2601.58;212.36;99;S355JR;sem_tratamento;36;4248.92;424.7;241.7;4887.13;491.08;229.1;13.34
gradeamento;baixa;2137.06;215.31;111;AL5754;anodizacao;72;7913.54;415.02;4242.03;8618.24;450.81;5125.87;10.96
portao;baixa;675.51;49.7;62;S235JR;sem_tratamento;23;1051.57;300.0;200.0;1319.13;361.88;237.16;10.01
pavilhao;alta;4227.27;165.45;596;S355JR;galvanizacao;124;8374.27;1850.21;5183.99;9332.36;1911.67;5663.19;47.75
passadico;baixa;824.04;75.54;79;S235JR;lacagem;25;1114.05;299.99;1365.5;1216.35;307.43;1582.37;8.3
cobertura;baixa;5281.2;516.15;464;S355JR;sem_tratamento;61;10477.36;1238.85;483.32;11105.8;1230.75;483.81;32.12
mezanino;media;3090.27;156.88;259;S235JR;pintura_liquida;52;4988.62;928.77;2369.68;5518.59;929.06;2488.36;24.82
plataforma;alta;3654.49;243.91;132;S355JR;galvanizacao;78;6920.9;1192.37;4554.21;7301.55;1291.79;4604.5;33.89
escadaria;baixa;1470.99;112.34;81;S355JR;sem_tratamento;29;2459.28;300.0;200.0;2652.9;311.42;207.24;8.72
guarda-corpos;media;2058.45;190.42;428;AISI304;sem_tratamento;130;10081.17;620.57;208.88;10882.69;667.96;219.66;18.52
passarela;baixa;1581.43;179.17;122;AL6060;anodizacao;31;6102.32;300.01;3310.13;6479.32;322.04;3556.13;8.2
passerelle;alta;3964.34;409.15;310;AL5754;pintura_liquida;67;15300.4;1473.9;5763.59;16098.26;1483.81;6721.19;39.46
corrimao;media;1505.85;140.52;159;S235JR;pintura_liquida;58;2091.26;385.09;2169.11;2171.05;438.77;2426.02;11.44
gradeamento;baixa;2516.71;238.68;198;S355JR;sem_tratamento;39;4389.09;513.75;267.22;5088.71;542.66;297.15;14.24
portao;baixa;1007.88;65.49;81;S235JR;lacagem;35;1519.14;299.99;1070.38;1615.21;320.22;1174.6;9.16
pavilhao;alta;9595.49;354.54;299;S355JR;galvanizacao;136;18712.07;4105.25;10893.61;21089.19;4484.42;13430.43;110.52
passadico;baixa;959.93;71.75;103;S235JR;sem_tratamento;37;1387.3;299.99;200.0;1558.54;309.2;205.59;8.42
cobertura;baixa;3924.2;389.45;137;S355JR;sem_tratamento;73;7608.14;714.89;358.8;8425.73;806.45;412.18;19.59
mezanino;media;4214.89;192.06;325;S355JR;pintura_liquida;64;7515.23;1212.07;2690.58;7585.28;1328.57;3154.15;34.9
plataforma;alta;1247.39;93.83;151;AISI304;polimento;45;7629.47;412.04;2137.25;9822.46;535.36;2702.61;13.82
escadaria;baixa;427.82;41.11;45;AL6060;anodizacao;41;1393.89;300.0;677.46;1580.29;367.03;844.43;9.91
guarda-corpos;media;2870.3;339.31;529;AL5754;lacagem;77;10860.25;984.51;5866.86;11835.46;1031.29;6668.44;28.18
passarela;baixa;2354.01;185.48;118;S235JR;sem_tratamento;43;3626.1;425.91;227.38;4220.12;447.14;277.79;11.19
passerelle;alta;2909.33;210.07;239;S355JR;galvanizacao;79;5391.54;998.1;3457.19;5822.76;1031.59;3737.71;27.49
corrimao;media;11519.09;1120.51;609;S235JR;pintura_liquida;90;14233.29;4327.2;15678.57;15190.97;4587.32;18410.0;119.69
gradeamento;baixa;1702.58;132.84;97;S355JR;sem_tratamento;51;2778.39;306.13;200.0;2926.89;334.46;250.56;9.06
portao;baixa;2259.52;182.16;155;S235JR;sem_tratamento;47;3661.36;400.02;207.16;3886.53;408.11;206.14;10.78
pavilhao;alta;6795.57;309.01;427;S355JR;galvanizacao;83;12780.32;2732.12;8432.65;20660.36;5243.92;13491.71;127.53
passadico;baixa;552.07;42.57;119;S355JR;sem_tratamento;49;879.75;300.0;200.0;954.48;328.72;228.42;9.18
cobertura;baixa;2979.08;357.91;433;AISI304;sem_tratamento;85;18859.83;650.16;284.09;20845.87;711.19;309.67;18.88
mezanino;media;1936.01;144.59;248;AL6060;lacagem;76;7754.34;545.18;2607.88;8401.85;602.16;2990.64;15.8
plataforma;alta;568.6;41.27;65;AL5754;pintura_liquida;57;2376.49;300.0;645.36;2723.06;359.54;665.02;7.34
escadaria;baixa;2375.82;183.29;43;S235JR;sem_tratamento;53;3342.13;377.61;256.15;3479.18;413.02;297.06;10.54
guarda-corpos;media;8640.72;745.1;208;S355JR;pintura_liquida;89;13539.96;2243.08;11951.25;14695.12;2510.94;11951.29;64.32
passarela;baixa;1447.1;118.15;56;S235JR;lacagem;55;2045.07;299.99;2107.25;2289.82;337.66;2365.97;9.28
passerelle;alta;2912.22;236.42;115;S355JR;galvanizacao;91;5364.32;1082.25;3461.53;5935.14;997.97;3552.92;26.9
corrimao;media;5678.69;471.2;240;S235JR;pintura_liquida;82;6932.38;1454.94;6440.8;9277.12;1820.79;7785.85;45.91
gradeamento;baixa;3941.59;382.44;162;S355JR;sem_tratamento;63;6614.77;789.98;362.46;7358.36;857.98;389.72;22.11
portao;baixa;2164.96;147.48;62;S355JR;sem_tratamento;59;4081.74;368.88;200.65;4506.8;388.94;211.67;10.25
pavilhao;alta;6664.1;327.64;468;AISI304;polimento;150;33996.58;2421.23;5900.54;37455.69;2667.88;6102.93;68.0
passadico;baixa;1175.2;128.29;25;AL6060;anodizacao;21;4130.79;300.0;2457.92;4345.6;313.95;2905.31;7.78
cobertura;baixa;3273.65;436.2;185;AL5754;anodizacao;97;15940.76;614.05;7973.98;16276.62;588.18;8457.31;16.42
mezanino;media;5091.74;259.07;247;S235JR;pintura_liquida;88;7389.48;1381.82;4090.47;7703.16;1525.18;5151.66;38.16
plataforma;alta;1394.91;83.36;106;S355JR;galvanizacao;69;2666.42;518.41;1765.09;2733.15;555.84;1989.1;13.36
escadaria;baixa;487.35;29.35;66;S235JR;lacagem;25;641.06;300.01;479.76;714.46;331.4;557.12;9.3
guarda-corpos;media;4152.02;352.07;324;S355JR;pintura_liquida;101;6855.56;1277.07;5698.42;7684.1;1253.49;6430.97;32.07
passarela;baixa;1618.31;140.64;76;S235JR;sem_tratamento;27;2443.91;300.0;200.0;2592.74;318.48;190.94;8.82
passerelle;alta;4266.52;354.88;443;S355JR;galvanizacao;103;7252.94;1780.95;5013.22;7772.85;2000.99;6533.76;46.81
corrimao;media;4986.13;480.94;247;S355JR;pintura_liquida;94;7604.0;1292.91;7164.35;8683.14;1462.45;7999.02;39.07
gradeamento;baixa;2807.42;293.19;592;AISI304;sem_tratamento;115;13587.42;693.0;254.01;14642.24;735.33;263.71;18.76
portao;baixa;361.17;34.27;165;AL6060;anodizacao;31;1327.6;300.0;556.78;1431.41;303.04;675.0;8.18
pavilhao;alta;2458.39;133.57;436;AL5754;pintura_liquida;107;10337.13;998.26;1779.22;9621.01;862.06;1399.07;20.66
passadico;baixa;2921.45;216.79;63;S235JR;sem_tratamento;33;4025.97;517.68;276.63;4465.88;615.03;296.59;14.59
cobertura;baixa;5393.93;466.72;459;S355JR;sem_tratamento;109;10047.92;1199.4;580.46;13271.02;1400.15;689.45;39.89
mezanino;media;2640.91;150.0;93;S235JR;pintura_liquida;50;3822.3;676.88;2226.39;3947.69;734.7;2400.88;18.95
plataforma;alta;2115.56;142.74;105;S355JR;galvanizacao;36;3986.0;701.83;2644.19;4046.25;758.69;3330.69;17.56
escadaria;baixa;497.01;37.42;62;S235JR;sem_tratamento;37;693.86;300.0;200.0;762.5;320.67;201.7;9.2
guarda-corpos;media;9675.22;905.11;281;S355JR;pintura_liquida;113;15509.7;2606.23;12860.96;15232.03;2633.35;15889.91;71.39
passarela;baixa;911.81;66.3;114;S355JR;sem_tratamento;39;1596.11;300.0;200.0;1696.38;311.02;218.45;8.48
passerelle;alta;1230.51;107.89;325;AISI304;polimento;60;6725.23;486.02;2605.53;6859.47;514.7;2966.56;13.53
corrimao;media;2551.4;321.11;299;AL6060;lacagem;56;8360.28;731.06;5134.06;8743.0;801.18;5156.77;18.1
gradeamento;baixa;797.53;103.83;222;AL5754;anodizacao;42;2965.06;300.0;1742.82;3349.25;341.18;1785.76;9.5
portao;baixa;1889.25;145.05;92;S235JR;sem_tratamento;43;2944.54;353.2;200.0;3305.44;382.03;196.27;10.17
pavilhao;alta;5319.22;215.53;304;S355JR;galvanizacao;119;9428.56;2283.78;6133.99;9980.44;2446.38;6230.33;63.36
passadico;baixa;2164.13;156.41;52;S235JR;lacagem;45;3124.75;369.65;2764.0;3205.79;390.85;2979.26;11.21
cobertura;baixa;3765.77;358.96;163;S355JR;sem_tratamento;66;7337.53;778.18;405.8;7863.53;787.61;406.08;21.54
cobertura;baixa;2058.62;241.71;350;AL5754;anodizacao;102;9711.91;411.9;4565.09;10688.67;428.22;5133.29;11.16
mezanino;media;3117.8;176.68;171;S235JR;pintura_liquida;48;4707.47;848.76;2449.7;5233.78;918.8;2436.83;25.26
plataforma;alta;2334.28;125.81;170;S355JR;galvanizacao;39;4582.63;907.3;2730.88;5063.0;885.75;3346.39;22.85
escadaria;baixa;1818.75;133.25;153;S235JR;lacagem;45;2406.9;320.78;2026.55;1982.71;265.01;1966.06;7.4
guarda-corpos;media;5748.03;473.94;462;S355JR;pintura_liquida;96;10261.45;1749.62;7490.91;11419.51;1806.27;7872.07;51.53
passarela;baixa;2098.66;146.5;62;S235JR;sem_tratamento;47;2974.11;384.08;221.85;3287.92;396.73;207.49;10.71
passerelle;alta;2699.07;239.96;444;S355JR;galvanizacao;108;4961.6;1239.17;3161.6;5113.93;1341.88;3590.49;35.79
corrimao;media;3922.69;373.25;162;S355JR;pintura_liquida;54;5929.12;1127.57;5942.99;6413.13;1148.89;6607.54;30.95
gradeamento;baixa;1299.29;128.05;191;AISI304;sem_tratamento;45;6477.52;300.0;200.0;12717.5;496.48;370.67;12.35
portao;baixa;231.44;20.64;44;AL6060;anodizacao;51;870.73;300.0;335.66;936.73;317.05;405.46;7.43
pavilhao;alta;2839.51;127.26;404;AL5754;pintura_liquida;102;13211.12;1284.0;1711.34;13816.08;1366.71;2124.99;33.11
passadico;baixa;2689.44;246.7;131;S235JR;sem_tratamento;53;3904.8;531.23;254.44;4154.5;585.07;249.08;15.15
cobertura;baixa;2604.34;298.42;418;S355JR;sem_tratamento;59;5303.26;594.33;236.86;5769.08;662.35;301.52;18.02
mezanino;media;3981.42;194.16;80;S235JR;pintura_liquida;60;5894.57;1086.45;2726.65;6292.09;1230.07;3460.46;32.23
plataforma;alta;2941.97;184.62;162;S355JR;galvanizacao;51;5531.63;1152.53;3647.73;6327.48;1226.28;3956.92;28.83
escadaria;baixa;1779.01;116.11;120;S235JR;sem_tratamento;57;2560.07;326.23;200.0;2602.56;377.32;243.66;8.71
guarda-corpos;media;6794.99;646.55;256;S355JR;pintura_liquida;108;11214.63;2026.07;9084.37;12895.21;2202.54;10928.32;56.11
passarela;baixa;1394.24;104.88;92;S355JR;sem_tratamento;59;2549.65;300.0;200.0;2863.82;341.13;206.82;8.99
passerelle;alta;6834.04;611.19;933;AISI304;polimento;140;32693.73;3733.25;11395.4;35949.64;3701.42;15078.08;101.14
corrimao;media;1210.15;136.71;210;AL6060;lacagem;66;3909.08;351.83;2407.0;4158.63;375.33;2647.51;9.44
gradeamento;baixa;600.92;68.56;216;AL5754;anodizacao;57;2238.32;300.0;1158.01;2866.32;372.08;1684.3;9.6
portao;baixa;1854.92;134.02;28;S235JR;sem_tratamento;23;2882.7;300.0;200.0;3108.82;336.62;200.41;8.47
pavilhao;alta;4154.35;172.39;486;S355JR;galvanizacao;114;7373.9;1893.92;5436.31;7907.25;2001.66;5656.69;47.87
passadico;baixa;5876.12;427.66;319;S235JR;lacagem;115;8197.09;1339.86;7295.8;8879.79;1454.39;9120.61;39.98
cobertura;baixa;5776.01;569.63;433;S355JR;sem_tratamento;71;11888.82;1400.65;564.49;13164.42;1453.13;661.98;37.8
mezanino;media;4585.4;261.83;234;S235JR;pintura_liquida;72;7080.72;1252.99;3663.3;8121.44;1465.05;4608.87;34.66
plataforma;alta;3209.39;196.61;164;S355JR;galvanizacao;63;5724.66;1061.94;3870.02;6237.47;1137.24;4370.26;27.18
escadaria;baixa;1112.59;84.22;46;S355JR;sem_tratamento;29;1726.73;300.0;200.0;1827.33;312.94;246.99;9.29
guarda-corpos;media;4703.0;437.06;501;AISI304;sem_tratamento;120;23425.02;1626.01;468.8;25141.82;1768.67;563.45;49.75
passarela;baixa;725.6;85.45;30;AL6060;anodizacao;31;2546.96;300.01;1658.24;2647.0;330.22;1775.34;8.17
passerelle;alta;1741.58;192.16;263;AL5754;pintura_liquida;77;7180.74;636.62;3116.26;7179.61;664.16;3653.4;19.31
corrimao;media;4319.12;355.98;130;S235JR;pintura_liquida;78;5621.5;1164.12;4880.93;5953.37;1165.96;5388.27;31.22
gradeamento;baixa;2765.84;250.24;212;S355JR;sem_tratamento;69;4212.74;518.68;274.49;4348.33;566.38;327.79;14.67
portao;baixa;2049.5;134.49;109;S235JR;lacagem;35;3136.95;402.01;2380.28;3511.41;426.23;2475.21;11.47
pavilhao;alta;4553.83;193.48;312;S355JR;galvanizacao;126;8840.68;1915.02;5040.92;10026.56;2088.01;5053.46;51.61
passadico;baixa;2378.08;184.66;39;S235JR;sem_tratamento;37;3285.57;399.46;260.71;3422.42;425.18;259.57;11.35
cobertura;baixa;3877.21;416.82;245;S355JR;sem_tratamento;83;7815.37;753.81;366.45;8290.27;808.59;343.54;19.57
mezanino;media;4053.31;221.65;124;S355JR;pintura_liquida;84;7439.24;995.94;3323.23;9822.28;1298.34;4719.67;35.36
plataforma;alta;1424.9;93.54;201;AISI304;polimento;75;8279.83;537.35;2079.91;9489.78;540.32;2402.71;13.98
escadaria;baixa;894.44;89.23;87;AL6060;anodizacao;41;3106.92;300.0;1627.82;3442.42;335.52;2052.86;8.77
guarda-corpos;media;4491.42;549.08;619;AL5754;lacagem;132;18302.73;1552.24;8716.94;18604.13;1742.03;9719.1;38.95
passarela;baixa;1819.43;127.09;78;S235JR;sem_tratamento;43;2576.46;300.0;200.0;2923.76;333.88;196.67;8.98
passerelle;alta;3123.65;217.81;301;S355JR;galvanizacao;89;5608.21;1240.59;3673.5;6092.32;1381.31;4350.25;34.51
corrimao;media;1689.19;124.54;223;S235JR;pintura_liquida;90;2364.64;475.33;1953.62;2669.72;514.69;2033.34;13.63
gradeamento;baixa;2759.08;249.27;222;S355JR;sem_tratamento;36;4722.96;588.18;251.37;5281.46;646.34;298.17;17.43
portao;baixa;1230.34;78.61;81;S235JR;sem_tratamento;47;1942.51;300.0;200.0;2035.81;307.43;219.33;8.83
pavilhao;alta;6463.77;224.69;298;S355JR;galvanizacao;138;12211.54;2533.11;7243.85;12339.62;2915.67;7099.41;68.25
passadico;baixa;2475.15;211.98;61;S355JR;sem_tratamento;49;3944.85;393.35;238.88;4179.72;406.13;235.76;10.46
cobertura;baixa;2637.19;322.91;683;AISI304;sem_tratamento;140;15272.16;623.64;280.15;17604.03;665.39;328.35;17.72
mezanino;media;1080.0;65.39;144;AL6060;lacagem;46;3922.37;300.0;1069.8;7327.57;495.44;2132.96;13.18
plataforma;alta;1816.07;146.91;226;AL5754;pintura_liquida;42;7807.11;702.59;2179.37;8412.12;694.75;2359.89;19.33
escadaria;baixa;904.72;70.9;47;S235JR;sem_tratamento;53;1285.91;300.01;200.0;1421.94;311.35;209.63;8.47
guarda-corpos;media;5991.82;598.24;204;S355JR;pintura_liquida;79;9485.12;1656.0;8834.27;10427.98;1746.84;10431.0;46.48
passarela;baixa;614.93;47.52;67;S235JR;lacagem;55;864.02;299.99;805.82;929.97;324.7;961.69;8.1
passerelle;alta;2574.9;217.99;157;S355JR;galvanizacao;101;4810.17;998.16;3318.4;5768.76;1255.59;4293.99;31.91
corrimao;media;4802.19;446.14;83;S235JR;pintura_liquida;52;6155.66;1176.37;6176.81;6400.47;1189.92;7423.18;31.14
gradeamento;baixa;3595.58;326.73;211;S355JR;sem_tratamento;48;5658.23;705.54;366.32;4721.46;652.99;316.06;17.37
portao;baixa;1379.02;107.94;60;S355JR;sem_tratamento;59;2374.38;300.0;200.0;2694.9;320.96;211.82;8.95
pavilhao;alta;6473.45;291.78;812;AISI304;polimento;180;35855.55;3351.45;6119.1;39966.43;3441.93;6088.72;89.25
passadico;baixa;1517.02;146.57;23;AL6060;anodizacao;21;5629.32;300.01;2540.49;5893.39;312.8;2583.96;8.69
cobertura;baixa;1582.84;226.49;319;AL5754;anodizacao;107;7752.8;334.74;3782.5;8720.59;340.72;4490.15;10.12
mezanino;media;4000.42;173.97;80;S235JR;pintura_liquida;58;5972.89;969.52;2713.88;6489.22;1092.0;2523.25;26.83
plataforma;alta;1557.45;100.87;146;S355JR;galvanizacao;54;3094.58;587.6;1966.08;3435.78;602.32;2089.43;14.69
escadaria;baixa;1840.21;146.95;146;S235JR;lacagem;25;2600.64;345.97;2197.99;2855.11;373.5;2207.71;9.9
guarda-corpos;media;6036.7;553.13;313;S355JR;pintura_liquida;91;9746.58;1682.63;7877.99;10724.92;1707.87;9659.2;45.62
guarda-corpos;media;5821.38;677.01;646;AL5754;lacagem;127;22322.55;1869.49;10600.99;24651.21;2010.86;9967.35;45.81
passarela;baixa;695.96;52.01;133;S235JR;sem_tratamento;23;1062.62;300.0;200.0;1111.52;321.24;233.27;9.51
passerelle;alta;4400.69;333.92;120;S355JR;galvanizacao;94;7185.08;1502.83;5764.53;7455.25;1482.92;6164.03;34.95
corrimao;media;4293.42;347.39;63;S235JR;pintura_liquida;50;5246.96;1091.54;5017.88;5725.7;1128.8;5728.98;29.64
gradeamento;baixa;3368.95;311.26;48;S355JR;sem_tratamento;51;5437.1;632.44;360.27;6284.06;672.26;343.08;15.86
portao;baixa;2097.65;172.9;68;S235JR;sem_tratamento;27;3070.99;375.82;205.05;4062.84;509.49;301.0;12.16
pavilhao;alta;7918.26;340.98;310;S355JR;galvanizacao;133;14179.73;3420.46;9661.37;15809.89;3624.84;12154.6;95.83
passadico;baixa;1608.21;115.94;88;S355JR;sem_tratamento;29;2670.9;299.99;200.0;2684.56;334.4;195.46;8.97
cobertura;baixa;2619.06;349.19;161;AISI304;sem_tratamento;100;16542.61;483.91;280.1;17658.51;532.4;287.58;13.61
mezanino;media;1273.09;81.61;281;AL6060;lacagem;56;4951.14;346.21;1267.5;4343.14;282.63;1109.7;6.44
plataforma;alta;1317.58;98.24;103;AL5754;pintura_liquida;57;6159.97;444.4;1348.19;6497.14;474.77;1575.32;12.55
escadaria;baixa;901.72;70.68;60;S235JR;sem_tratamento;33;1286.33;300.0;200.0;1507.38;311.04;211.83;7.84
guarda-corpos;media;11068.15;951.05;542;S355JR;pintura_liquida;139;19267.69;3746.26;13307.5;21753.07;3979.84;13201.32;103.28
passarela;baixa;2601.59;230.79;66;S235JR;lacagem;35;3666.02;418.49;3901.8;3966.91;418.57;4277.67;12.01
passerelle;alta;3523.93;274.51;205;S355JR;galvanizacao;106;6107.97;1354.73;4372.88;6911.35;1416.77;4936.61;36.73
corrimao;media;3731.99;286.65;170;S235JR;pintura_liquida;62;4756.87;1076.86;4198.81;5070.16;1120.13;4469.39;28.94
gradeamento;baixa;2905.91;232.59;88;S355JR;sem_tratamento;63;4943.31;467.8;299.39;5431.65;508.74;294.29;13.09
portao;baixa;1308.33;112.69;22;S355JR;sem_tratamento;39;2282.08;300.0;200.0;2605.48;300.11;208.46;8.11
pavilhao;alta;4463.25;220.19;321;AISI304;polimento;80;26956.33;1932.66;5152.64;27425.42;2065.04;5430.0;58.4
passadico;baixa;1605.99;158.94;80;AL6060;anodizacao;41;5644.91;300.01;2625.85;5828.12;321.35;2815.04;7.94
cobertura;baixa;1431.05;180.06;381;AL5754;anodizacao;57;6157.71;335.88;3459.26;7112.34;366.05;4068.32;9.2
mezanino;media;3846.83;163.77;122;S235JR;pintura_liquida;68;5773.49;889.46;2488.69;6053.13;925.3;2374.48;25.61
plataforma;alta;2588.35;174.58;48;S355JR;galvanizacao;69;4659.27;881.83;3120.04;5599.62;1089.81;3896.64;27.83
escadaria;baixa;10745.92;658.89;618;S235JR;lacagem;140;15168.43;2545.36;10633.55;16212.66;2851.96;12284.25;71.26
guarda-corpos;media;6743.92;536.4;309;S355JR;pintura_liquida;86;11977.2;1891.51;7952.55;12869.89;1910.24;8223.66;51.04
passarela;baixa;2970.22;257.66;140;S235JR;sem_tratamento;47;4599.59;588.73;322.46;4717.73;647.63;377.58;17.85
passerelle;alta;2651.65;183.44;264;S355JR;galvanizacao;63;4841.57;960.33;2906.04;5268.7;1000.18;3730.15;25.69
corrimao;media;2488.5;207.64;214;S355JR;pintura_liquida;74;3611.24;744.37;3229.22;3932.42;735.2;3346.62;20.25
gradeamento;baixa;797.91;86.13;47;AISI304;sem_tratamento;75;4030.21;300.0;200.0;4423.57;346.67;233.25;9.34
portao;baixa;341.25;37.18;18;AL6060;anodizacao;51;1298.61;300.0;720.16;1494.5;343.23;755.94;9.01
pavilhao;alta;2835.95;144.07;503;AL5754;pintura_liquida;92;12439.09;1168.8;2041.49;13893.05;1244.46;2426.62;32.68
passadico;baixa;2168.62;150.65;38;S235JR;sem_tratamento;53;3311.12;365.02;200.0;5347.65;657.44;357.23;16.53
cobertura;baixa;4102.26;466.88;409;S355JR;sem_tratamento;69;8263.9;821.07;370.56;9457.16;902.41;400.63;22.54
mezanino;media;1726.71;92.81;270;S235JR;pintura_liquida;80;2691.95;459.41;1370.24;2827.07;530.3;1447.11;13.69
plataforma;alta;2771.05;184.34;75;S355JR;galvanizacao;36;5079.36;1002.64;3074.19;5397.95;1096.97;3439.08;27.33
escadaria;baixa;1987.62;145.32;160;S235JR;sem_tratamento;57;2607.2;348.99;200.0;2897.64;367.58;235.61;9.32
guarda-corpos;media;4791.78;390.34;333;S355JR;pintura_liquida;98;7553.54;1417.91;6151.21;7961.42;1553.76;6396.41;40.74
passarela;baixa;1948.47;159.13;93;S355JR;sem_tratamento;59;3600.42;374.17;200.0;3894.03;370.31;250.13;9.52
passerelle;alta;6517.27;664.79;547;AISI304;polimento;170;32982.76;2746.68;13011.22;35601.64;2850.65;14915.84;71.66
corrimao;media;3027.49;361.17;135;AL6060;lacagem;86;10593.43;756.2;5441.66;12746.76;911.96;7431.19;23.03
gradeamento;baixa;1500.65;190.18;76;AL5754;anodizacao;42;5499.98;300.0;3421.07;6044.63;333.34;4123.01;8.58
portao;baixa;1491.43;125.18;60;S235JR;sem_tratamento;23;2277.23;300.0;200.0;2369.11;355.47;252.52;8.38
pavilhao;alta;6647.78;230.16;517;S355JR;galvanizacao;104;12399.46;3075.38;8668.21;14139.66;3067.96;9173.33;83.54
passadico;baixa;1047.72;88.12;115;S235JR;lacagem;25;1493.77;300.0;1500.13;1640.18;309.01;1831.33;8.13
cobertura;baixa;5353.71;474.64;388;S355JR;sem_tratamento;81;10335.63;1063.01;583.23;11056.89;1221.36;620.9;34.37
mezanino;media;1785.18;77.1;137;S235JR;pintura_liquida;92;2824.18;486.03;1249.49;2925.65;506.56;1257.71;13.22
plataforma;alta;1039.96;63.83;68;S355JR;galvanizacao;48;1933.67;375.87;1263.21;2061.38;431.05;1175.58;11.28
escadaria;baixa;1742.88;118.29;69;S355JR;sem_tratamento;29;2859.44;318.59;200.0;3135.99;352.79;205.75;9.19
guarda-corpos;media;4405.82;516.11;308;AISI304;sem_tratamento;90;22550.36;1246.79;401.47;24142.68;1269.69;473.82;34.26
passarela;baixa;915.57;88.6;55;AL6060;anodizacao;31;3306.29;299.99;1733.23;3520.17;341.3;1698.5;8.5
passerelle;alta;2430.19;270.0;144;AL5754;pintura_liquida;87;10011.39;787.89;3783.82;10487.02;855.66;4454.11;24.39
corrimao;media;5882.72;454.99;272;S235JR;pintura_liquida;48;7555.46;1762.44;6999.74;7785.66;1904.54;8091.56;50.41
gradeamento;baixa;1158.39;96.68;110;S355JR;sem_tratamento;54;2018.54;300.0;199.99;2237.35;343.21;230.9;8.31
portao;baixa;543.74;43.72;157;S235JR;lacagem;35;825.65;299.99;739.57;884.73;324.38;856.85;8.08
pavilhao;alta;8852.33;313.89;429;S355JR;galvanizacao;116;16566.62;3887.17;11323.87;17231.26;4154.46;12794.84;105.09
passadico;baixa;1694.2;143.21;100;S235JR;sem_tratamento;37;2559.57;300.0;200.0;2767.14;341.81;214.83;9.7
cobertura;baixa;4682.97;448.6;143;S355JR;sem_tratamento;93;9571.24;932.56;424.38;13799.98;1052.97;555.25;26.98
mezanino;media;5976.1;332.19;226;S355JR;pintura_liquida;54;10719.96;1539.72;4960.12;12230.27;1671.28;5532.71;48.23
plataforma;alta;801.27;63.5;113;AISI304;polimento;60;4467.75;300.01;1478.28;4580.9;336.29;1825.08;8.87
escadaria;baixa;1184.68;101.5;160;AL6060;anodizacao;41;3946.55;300.0;1865.58;4207.8;319.03;1995.83;8.38
guarda-corpos;media;2770.04;296.92;398;AL5754;lacagem;122;10637.49;810.15;5046.12;11269.96;894.03;5486.74;23.01
passarela;baixa;2968.11;263.27;118;S235JR;sem_tratamento;43;4616.54;575.4;323.93;5094.3;650.32;346.16;16.49
passerelle;alta;3350.14;233.82;189;S355JR;galvanizacao;99;6107.7;1109.76;4357.01;5223.06;917.95;3611.67;22.65
corrimao;media;4703.04;381.49;113;S235JR;pintura_liquida;60;5864.27;1255.9;5605.19;6292.31;1369.72;5735.49;38.97
gradeamento;baixa;3838.88;343.25;92;S355JR;sem_tratamento;66;6654.96;642.88;421.07;6827.22;695.0;434.16;20.01
gradeamento;baixa;685.23;90.71;206;AL5754;anodizacao;57;2762.19;300.0;1660.02;3023.75;335.63;1970.45;8.75
portao;baixa;1261.83;82.14;74;S235JR;sem_tratamento;43;1788.3;300.0;200.0;1825.18;311.56;211.02;7.74
pavilhao;alta;6094.83;260.55;223;S355JR;galvanizacao;99;11214.16;2170.06;7354.16;11706.3;2364.0;8123.19;57.46
passadico;baixa;2214.42;162.02;138;S235JR;lacagem;45;3301.34;389.29;2709.65;3705.81;420.15;3198.09;10.87
cobertura;baixa;6963.8;645.24;280;S355JR;sem_tratamento;86;14683.84;1278.63;725.86;16114.22;1283.7;819.26;32.78
mezanino;media;4295.18;198.13;250;S235JR;pintura_liquida;52;6303.15;1211.09;2864.63;6724.35;1389.26;2917.37;35.1
plataforma;alta;1986.64;114.4;74;S355JR;galvanizacao;63;3812.32;696.52;2506.43;3838.74;716.48;2524.63;16.6
escadaria;baixa;1259.21;96.58;79;S355JR;sem_tratamento;49;1926.48;300.0;200.0;2620.16;362.67;298.92;9.13
guarda-corpos;media;4951.08;527.67;204;AISI304;sem_tratamento;105;26178.46;1262.24;448.38;27771.01;1440.26;450.34;38.6
passarela;baixa;1151.49;130.12;103;AL6060;anodizacao;51;4261.08;300.0;2501.81;4649.23;301.27;2477.42;8.66
passerelle;alta;4031.86;362.61;206;AL5754;pintura_liquida;92;16403.65;1405.03;5592.52;17507.73;1586.02;6709.63;39.15
corrimao;media;3157.37;243.45;181;S235JR;pintura_liquida;58;3951.23;853.75;3397.79;3986.75;967.44;3767.41;25.9
gradeamento;baixa;2157.2;215.22;112;S355JR;sem_tratamento;69;3511.98;354.24;225.41;3852.45;379.99;230.81;10.58
portao;baixa;1205.43;81.87;151;S235JR;lacagem;55;1912.68;300.0;1313.93;3166.92;514.89;2318.32;14.01
pavilhao;alta;9807.34;398.06;329;S355JR;galvanizacao;111;19128.53;3893.49;10647.72;18968.27;4296.81;12276.68;115.73
passadico;baixa;713.9;60.08;24;S235JR;sem_tratamento;57;985.99;299.99;200.0;827.04;259.13;167.61;6.25
cobertura;baixa;3849.76;422.09;166;S355JR;sem_tratamento;98;7166.89;665.03;399.91;7720.05;760.21;515.16;20.98
mezanino;media;2985.3;160.38;85;S355JR;pintura_liquida;64;5568.55;795.34;2249.82;5717.35;744.75;2439.53;21.38
plataforma;alta;4421.96;304.0;913;AISI304;polimento;160;26427.3;2545.58;6177.01;28278.41;2519.33;7807.8;67.68
escadaria;baixa;1242.49;105.48;21;AL6060;anodizacao;21;4103.46;300.0;1917.05;4208.79;334.47;2429.58;9.18
guarda-corpos;media;3393.43;341.99;204;AL5754;lacagem;117;12231.82;865.3;6163.6;13187.47;882.59;6157.21;21.86
passarela;baixa;2379.0;172.33;95;S235JR;sem_tratamento;23;3720.39;422.47;220.35;4228.97;474.17;258.84;12.83
passerelle;alta;4820.14;343.72;214;S355JR;galvanizacao;104;7891.27;1655.82;6203.1;8879.35;1813.79;7020.78;45.6
corrimao;media;7545.32;736.28;329;S235JR;pintura_liquida;90;9834.96;2411.62;11372.08;10907.33;2859.37;13193.77;78.09
gradeamento;baixa;1527.93;130.12;219;S355JR;sem_tratamento;36;2536.16;328.98;200.0;3299.8;427.17;261.02;11.08
portao;baixa;1222.42;88.13;19;S235JR;sem_tratamento;27;1740.59;300.0;200.0;1874.38;332.79;221.88;9.1
pavilhao;alta;8877.0;357.1;234;S355JR;galvanizacao;123;16364.97;3175.28;11427.93;18046.19;3632.32;12102.85;88.05
passadico;baixa;1657.06;137.05;149;S355JR;sem_tratamento;29;2680.26;300.01;200.0;2913.31;321.62;211.5;8.16
cobertura;baixa;2406.53;294.24;107;AISI304;sem_tratamento;55;14233.74;419.05;234.89;15173.42;453.33;274.66;11.41
mezanino;media;938.22;53.01;86;AL6060;lacagem;76;3879.11;300.0;905.09;4180.61;317.92;1148.7;8.47
plataforma;alta;1193.32;94.45;205;AL5754;pintura_liquida;42;5425.85;449.48;1383.87;5752.56;508.67;1548.12;12.45
escadaria;baixa;1127.55;72.58;98;S235JR;sem_tratamento;33;1432.33;299.99;200.0;1583.29;338.12;236.67;9.26
guarda-corpos;media;7727.26;719.52;441;S355JR;pintura_liquida;129;13139.2;2616.12;11547.25;14220.56;3117.91;14235.01;78.56
passarela;baixa;605.03;45.74;147;S235JR;lacagem;35;899.76;299.99;754.94;949.6;311.09;811.61;7.6
passerelle;alta;3547.66;249.57;419;S355JR;galvanizacao;61;5915.89;1362.63;4168.91;6442.78;1324.62;4698.57;35.04
corrimao;media;5435.43;488.65;204;S235JR;pintura_liquida;82;6854.79;1539.0;6592.48;7666.89;1585.96;7073.39;40.37
gradeamento;baixa;2871.71;258.26;70;S355JR;sem_tratamento;48;4832.59;493.27;309.47;5210.29;498.12;284.98;13.36
portao;baixa;2393.8;161.16;154;S355JR;sem_tratamento;39;4223.21;436.81;261.64;4498.93;475.16;282.03;12.52
pavilhao;alta;4395.48;198.12;488;AISI304;polimento;135;24877.25;1872.72;4360.26;27683.24;1990.15;5050.53;53.54
passadico;baixa;1137.18;107.67;49;AL6060;anodizacao;41;4056.36;300.0;1959.06;4036.72;295.96;2171.37;8.31
cobertura;baixa;2129.56;307.98;430;AL5754;anodizacao;67;9221.46;512.45;5507.45;10296.83;574.44;6046.85;14.16
mezanino;media;5471.76;288.3;216;S235JR;pintura_liquida;88;7923.78;1438.84;4035.95;10015.48;1588.83;5624.03;42.59
plataforma;alta;3087.14;169.98;96;S355JR;galvanizacao;54;5456.53;1093.4;4053.54;6141.7;1127.36;5017.45;28.45
escadaria;baixa;1776.96;134.95;110;S235JR;lacagem;45;2415.69;354.42;2346.0;2457.72;398.48;2669.49;10.15
guarda-corpos;media;10189.93;779.73;489;S355JR;pintura_liquida;76;16153.93;3534.61;10583.67;17853.28;4000.69;12687.09;101.23
passarela;baixa;687.28;55.18;93;S235JR;sem_tratamento;47;957.61;300.0;200.0;1047.39;337.92;231.73;8.9
passerelle;alta;4844.16;361.78;401;S355JR;galvanizacao;73;8769.12;2174.53;5927.1;9651.29;2192.92;6288.33;54.98
corrimao;media;2963.66;247.36;108;S355JR;pintura_liquida;94;4742.78;810.38;3817.98;5157.05;862.59;4431.6;22.92
gradeamento;baixa;3943.07;377.66;267;AISI304;sem_tratamento;115;18396.53;750.99;416.78;20859.18;780.69;431.9;21.61
portao;baixa;401.1;43.35;163;AL6060;anodizacao;51;1486.94;300.0;715.55;1609.76;310.84;832.85;7.71
pavilhao;alta;4391.3;254.54;296;AL5754;pintura_liquida;82;20555.13;1661.2;3723.24;22366.59;1893.08;4245.71;45.91
passadico;baixa;2488.96;213.89;94;S235JR;sem_tratamento;53;3430.74;473.29;266.2;3653.3;465.14;343.99;11.95
cobertura;baixa;4858.34;500.46;315;S355JR;sem_tratamento;79;9760.56;1054.26;504.18;10351.14;1142.26;624.48;29.29
mezanino;media;3484.08;173.5;66;S235JR;pintura_liquida;50;5284.76;818.8;2759.94;5282.75;916.61;3560.16;25.39
plataforma;alta;3561.62;228.04;194;S355JR;galvanizacao;66;6775.92;1305.91;4274.65;11457.63;2213.43;8813.13;55.88
escadaria;baixa;1285.93;81.9;140;S235JR;sem_tratamento;57;1635.28;299.99;200.0;1624.14;320.23;217.44;8.35
guarda-corpos;media;8654.99;737.81;277;S355JR;pintura_liquida;88;14876.77;2381.23;11181.99;15870.73;2263.57;12434.98;63.34
passarela;baixa;965.31;69.91;134;S355JR;sem_tratamento;59;1772.2;299.99;200.0;1961.99;314.04;254.39;8.37
passerelle;alta;4492.92;397.04;873;AISI304;polimento;200;25556.57;2214.01;8179.07;30224.83;2967.2;11333.47;73.46
corrimao;media;1361.97;144.93;101;AL6060;lacagem;56;4633.83;370.07;2259.65;4681.94;386.71;2580.72;10.3
gradeamento;baixa;869.86;91.07;37;AL5754;anodizacao;72;3099.22;300.0;1763.15;3431.18;304.14;1807.62;7.75
portao;baixa;906.97;68.96;70;S235JR;sem_tratamento;23;1328.57;300.01;200.0;1396.95;332.14;194.99;8.98
pavilhao;alta;5805.08;204.74;528;S355JR;galvanizacao;94;10402.21;2759.23;6350.53;11718.1;2758.09;6665.8;71.84
passadico;baixa;1712.51;137.49;133;S235JR;lacagem;25;2635.18;300.01;2108.02;2693.08;359.24;2368.33;9.24
cobertura;baixa;6778.94;714.67;285;S355JR;sem_tratamento;91;13901.63;1293.48;697.72;15197.81;1348.55;810.16;34.99
cobertura;baixa;3147.94;382.56;226;AL5754;anodizacao;72;13527.91;680.96;6339.92;14957.21;755.54;6172.25;17.99
mezanino;media;1589.02;76.42;243;S235JR;pintura_liquida;48;2527.33;429.6;1192.86;2825.09;432.5;1228.16;11.48
plataforma;alta;3036.37;197.85;82;S355JR;galvanizacao;69;6070.44;1081.33;3590.54;6344.68;1105.67;4410.02;28.52
escadaria;baixa;940.77;69.45;79;S235JR;lacagem;25;1310.39;300.0;1158.52;1486.06;327.69;1293.11;8.27
guarda-corpos;media;7149.32;562.52;647;S355JR;pintura_liquida;136;12132.26;2351.29;8582.51;12272.25;2390.18;8689.99;62.85
passarela;baixa;1160.7;88.76;71;S235JR;sem_tratamento;27;1631.74;300.0;200.0;1758.33;340.4;238.02;8.48
passerelle;alta;7206.33;532.64;341;S355JR;galvanizacao;78;11981.37;3038.79;8960.41;13532.04;3287.97;11249.06;79.98
corrimao;media;4752.31;411.97;130;S355JR;pintura_liquida;54;7679.72;1207.58;6634.88;8784.58;1262.61;7832.45;34.66
gradeamento;baixa;1424.84;140.69;129;AISI304;sem_tratamento;75;7175.42;300.0;200.0;8047.26;323.37;245.79;8.94
portao;baixa;913.15;79.81;57;AL6060;anodizacao;31;3563.21;299.99;1490.16;4557.44;354.08;1938.24;8.87
pavilhao;alta;3951.71;183.49;581;AL5754;pintura_liquida;77;18321.15;2001.6;2726.52;20670.75;2016.99;3061.03;56.85
passadico;baixa;2582.17;198.15;102;S235JR;sem_tratamento;33;3473.38;456.27;271.08;3996.84;545.73;319.24;13.05
cobertura;baixa;5001.56;453.12;352;S355JR;sem_tratamento;84;9282.73;1155.21;456.79;10308.26;1252.91;529.09;33.48
mezanino;media;3998.98;225.22;138;S235JR;pintura_liquida;60;6257.63;1104.48;3199.61;6934.02;1208.35;3974.88;31.82
plataforma;alta;2252.23;135.87;103;S355JR;galvanizacao;36;4131.99;800.85;2576.25;4553.28;871.02;3078.34;20.93
escadaria;baixa;1436.99;102.2;107;S235JR;sem_tratamento;37;2019.0;300.01;200.0;2302.57;336.32;230.98;8.7
guarda-corpos;media;11744.81;1029.49;178;S355JR;pintura_liquida;83;18830.51;3158.63;16373.85;19402.65;3278.91;19029.07;90.5
passarela;baixa;2344.96;212.68;114;S355JR;sem_tratamento;39;4230.67;402.19;240.05;4716.81;455.71;297.08;11.7
passerelle;alta;3170.92;322.43;459;AISI304;polimento;90;17662.71;1265.53;7636.33;18739.95;1479.21;8418.59;38.9
corrimao;media;891.47;103.63;138;AL6060;lacagem;66;2931.88;300.0;1713.22;3263.52;342.89;2016.41;9.01
gradeamento;baixa;620.06;67.45;73;AL5754;anodizacao;42;2324.21;300.0;1245.71;2531.84;329.59;1553.18;8.78
portao;baixa;1682.61;129.8;44;S235JR;sem_tratamento;43;2592.52;300.0;200.0;2324.05;272.7;195.81;7.33
pavilhao;alta;9413.62;349.92;371;S355JR;galvanizacao;89;17384.31;3774.6;12109.36;17528.47;3898.82;14033.02;102.87
passadico;baixa;9135.68;695.86;300;S235JR;lacagem;115;13450.7;1824.06;11363.45;13308.17;1855.69;12813.74;52.3
cobertura;baixa;6761.16;632.76;281;S355JR;sem_tratamento;96;12768.12;1246.02;629.61;13580.07;1436.67;682.39;36.87
mezanino;media;5842.07;265.16;227;S235JR;pintura_liquida;72;9307.95;1457.33;4056.25;9509.69;1519.19;4386.63;39.16
plataforma;alta;1813.94;114.04;136;S355JR;galvanizacao;48;3392.59;648.21;2234.06;4357.66;792.8;2673.83;19.88
escadaria;baixa;1746.25;140.56;118;S355JR;sem_tratamento;49;2712.72;300.0;200.0;3070.3;332.3;207.79;9.38
guarda-corpos;media;3482.96;325.41;515;AISI304;sem_tratamento;95;18290.7;1242.43;330.79;19604.15;1335.73;364.42;37.89
passarela;baixa;843.83;75.93;98;AL6060;anodizacao;51;3310.6;300.0;1356.01;3600.37;340.45;1683.65;8.65
passerelle;alta;4314.78;396.77;428;AL5754;pintura_liquida;102;16389.68;1875.86;5902.76;17579.4;2119.92;5961.32;46.63
corrimao;media;5848.28;514.26;84;S235JR;pintura_liquida;78;7974.71;1318.65;8362.54;8957.47;1454.86;9144.77;39.05
gradeamento;baixa;2299.65;184.63;217;S355JR;sem_tratamento;54;3925.85;439.99;226.79;4555.82;473.19;295.5;13.46
portao;baixa;2012.16;162.92;152;S235JR;lacagem;55;2858.25;402.82;2642.67;3041.6;402.08;3132.43;11.58
pavilhao;alta;9801.71;400.0;265;S355JR;galvanizacao;101;17371.55;3437.42;10676.95;18489.92;3713.42;12152.17;98.27
passadico;baixa;2182.28;164.96;72;S235JR;sem_tratamento;57;2970.14;371.41;239.12;3053.85;398.57;278.61;10.54
cobertura;baixa;4108.1;437.3;293;S355JR;sem_tratamento;108;7978.62;880.43;434.05;14260.98;1563.3;942.51;38.93
mezanino;media;4743.16;238.47;234;S355JR;pintura_liquida;84;8676.49;1433.83;3726.53;9331.9;1487.86;3899.4;39.89
plataforma;alta;5366.11;440.28;753;AISI304;polimento;190;30296.96;2805.86;10495.24;34693.26;2994.36;11017.64;75.93
escadaria;baixa;377.85;39.41;19;AL6060;anodizacao;21;1239.02;300.0;678.38;1334.66;322.35;667.98;7.54
guarda-corpos;media;2433.96;264.16;482;AL5754;lacagem;107;9824.12;718.22;4263.22;10348.22;742.8;4453.66;21.33
passarela;baixa;1988.39;140.69;146;S235JR;sem_tratamento;23;2928.97;379.11;211.61;3366.73;433.66;261.35;11.13
passerelle;alta;2897.62;224.5;219;S355JR;galvanizacao;59;5066.8;1051.12;3196.98;5747.63;1051.31;3468.6;28.35
corrimao;media;3768.73;278.57;194;S235JR;pintura_liquida;90;5267.25;936.79;4271.82;6866.88;1242.69;5888.18;32.5
gradeamento;baixa;3161.54;260.45;99;S355JR;sem_tratamento;66;5527.25;546.72;297.02;5709.62;651.99;318.31;15.48
portao;baixa;423.26;27.07;30;S235JR;sem_tratamento;27;616.04;300.0;200.0;656.74;348.38;221.91;8.81
pavilhao;alta;11609.08;413.22;452;S355JR;galvanizacao;113;23321.6;4662.02;14601.52;24958.66;5360.7;17066.55;135.66
passadico;baixa;1988.72;160.61;149;S355JR;sem_tratamento;29;3374.72;348.52;200.0;3588.51;363.31;225.91;9.73
cobertura;baixa;5277.52;623.56;356;AISI304;sem_tratamento;140;30358.92;1208.01;544.69;33411.82;1272.36;659.87;33.14
mezanino;media;3092.67;212.75;339;AL6060;lacagem;46;11927.1;884.17;3641.9;13307.26;996.98;4105.92;22.84
plataforma;alta;1752.25;133.74;203;AL5754;pintura_liquida;72;7929.64;662.77;2032.17;8376.97;737.28;2253.09;19.2
escadaria;baixa;926.02;65.98;56;S235JR;sem_tratamento;33;1250.29;299.99;200.0;1271.52;301.7;223.88;7.11
guarda-corpos;media;7954.94;802.2;327;S355JR;pintura_liquida;119;12747.07;2538.68;10696.4;14823.07;2690.34;10964.58;74.64
passarela;baixa;906.04;69.81;68;S235JR;lacagem;35;1313.55;300.0;1146.17;1396.4;315.86;1294.46;7.8
passerelle;alta;3518.38;268.64;322;S355JR;galvanizacao;71;6190.74;1446.86;4396.73;6713.79;1492.54;5493.95;38.37
corrimao;media;5462.06;460.43;321;S235JR;pintura_liquida;52;7378.39;1690.2;6912.95;7747.71;1721.56;6988.02;43.26
gradeamento;baixa;1689.79;142.15;92;S355JR;sem_tratamento;78;2602.47;300.01;200.0;2693.04;324.52;217.34;8.66
portao;baixa;892.22;72.5;141;S355JR;sem_tratamento;39;1620.32;300.0;200.0;1743.0;337.82;202.86;8.41
pavilhao;alta;2533.51;111.42;200;AISI304;polimento;125;15003.05;989.67;2665.88;15777.26;1040.51;3162.93;25.12
passadico;baixa;1030.56;109.45;29;AL6060;anodizacao;41;3777.57;300.0;2115.61;4063.16;316.97;2188.35;7.54
cobertura;baixa;2076.6;283.77;247;AL5754;anodizacao;77;9695.2;452.81;4900.11;12284.3;545.15;6820.06;15.34
mezanino;media;3711.0;183.16;153;S235JR;pintura_liquida;58;5618.11;889.81;2539.31;6038.87;1016.03;2659.04;25.69
plataforma;alta;1228.91;69.56;47;S355JR;galvanizacao;39;2187.32;416.58;1494.47;2277.85;437.95;1560.39;10.85
escadaria;baixa;980.07;69.93;47;S235JR;lacagem;45;1259.35;300.0;1158.34;1381.39;323.83;1117.81;8.66
guarda-corpos;media;5695.35;558.1;416;S355JR;pintura_liquida;131;9294.64;1890.18;7999.51;10380.36;2056.74;8205.73;52.21
guarda-corpos;media;4681.92;547.6;555;AL5754;lacagem;102;17283.83;1510.42;9626.8;18452.89;1605.22;10520.09;42.85
passarela;baixa;1514.75;137.36;27;S235JR;sem_tratamento;43;2178.11;299.99;200.0;2250.88;318.14;210.94;8.38
passerelle;alta;3923.69;326.61;263;S355JR;galvanizacao;64;6656.57;1541.7;4540.1;7141.97;1701.96;4474.25;41.37
corrimao;media;3588.74;323.13;111;S235JR;pintura_liquida;50;4529.62;848.48;4527.42;4728.25;969.17;5202.06;27.62
gradeamento;baixa;2406.33;186.4;60;S355JR;sem_tratamento;36;3738.31;384.17;229.8;4054.35;412.55;221.0;10.43
portao;baixa;1018.19;65.89;119;S235JR;sem_tratamento;47;1620.71;300.0;200.0;1812.46;332.51;236.67;8.23
pavilhao;alta;7668.11;279.41;293;S355JR;galvanizacao;108;14823.09;3204.64;9260.2;14880.35;3219.91;9812.14;82.3
passadico;baixa;953.21;82.63;64;S355JR;sem_tratamento;49;1735.46;300.0;200.0;2024.96;328.24;191.0;8.87
cobertura;baixa;1965.59;227.11;129;AISI304;sem_tratamento;70;11271.54;389.15;212.31;11897.2;435.37;224.6;11.0
mezanino;media;1550.37;94.49;176;AL6060;lacagem;56;5648.09;394.2;1542.87;6080.75;401.97;1882.2;10.22
plataforma;alta;1086.72;83.33;66;AL5754;pintura_liquida;42;4501.95;337.74;1145.15;4913.88;355.49;1130.74;8.9
escadaria;baixa;2187.53;159.62;53;S235JR;sem_tratamento;53;3114.68;411.87;232.71;3914.28;527.06;292.52;13.62
guarda-corpos;media;9589.62;745.87;450;S355JR;pintura_liquida;114;15854.34;3058.69;10105.74;15546.86;3348.62;10584.5;92.94
passarela;baixa;1821.2;128.45;149;S235JR;lacagem;55;2825.64;367.27;2083.83;2980.42;380.24;2532.27;11.27
passerelle;alta;4247.46;290.76;168;S355JR;galvanizacao;76;7497.85;1605.75;4621.81;7440.76;1699.54;4979.43;40.59
corrimao;media;2833.5;216.64;249;S235JR;pintura_liquida;62;3638.11;855.27;3162.19;3888.63;964.03;3631.53;24.06
gradeamento;baixa;2316.63;189.96;173;S355JR;sem_tratamento;48;3668.49;482.16;246.48;4125.08;525.42;274.16;12.97
portao;baixa;1160.71;82.43;30;S355JR;sem_tratamento;59;2053.66;300.0;200.0;2225.39;331.31;208.45;9.36
pavilhao;alta;5882.86;313.88;564;AISI304;polimento;180;32286.3;2509.18;6779.95;54707.19;4732.8;13874.78;121.13
passadico;baixa;1212.91;116.75;47;AL6060;anodizacao;21;4407.65;299.99;2118.1;4682.43;324.88;2184.11;7.72
cobertura;baixa;4374.4;498.41;121;AL5754;anodizacao;82;21012.85;762.55;9046.42;22555.36;871.46;10215.88;20.92
mezanino;media;3721.96;201.25;120;S235JR;pintura_liquida;68;6016.41;1012.93;3163.73;6755.14;1076.47;3290.79;29.79
plataforma;alta;3421.79;214.5;49;S355JR;galvanizacao;54;6568.27;1171.67;4335.33;6829.51;1257.32;4292.58;32.31
escadaria;baixa;9990.04;764.11;598;S235JR;lacagem;140;14001.4;2549.91;13311.52;14390.28;2886.67;14412.18;78.71
guarda-corpos;media;9569.72;986.39;468;S355JR;pintura_liquida;126;16349.21;3198.02;13777.32;18206.45;3202.08;16723.96;88.13
passarela;baixa;1561.53;114.85;117;S235JR;sem_tratamento;27;2397.67;299.99;200.0;2555.18;311.81;214.47;8.65
passerelle;alta;6151.06;527.24;294;S355JR;galvanizacao;88;11174.71;2495.14;7817.09;12049.74;2514.56;8420.73;64.21
corrimao;media;4131.35;334.15;253;S355JR;pintura_liquida;74;6356.65;1095.84;4466.63;5022.85;898.64;4238.04;24.69
gradeamento;baixa;1794.86;170.01;37;AISI304;sem_tratamento;60;8835.06;300.0;200.0;11212.28;360.54;279.84;9.55
portao;baixa;485.14;52.1;58;AL6060;anodizacao;31;1934.15;300.0;928.89;2107.52;321.17;1036.45;8.39
pavilhao;alta;3004.93;168.35;526;AL5754;pintura_liquida;132;12822.9;1422.51;2458.48;14844.76;1531.07;2852.65;37.85
passadico;baixa;1435.04;118.3;137;S235JR;sem_tratamento;33;2084.14;300.0;200.0;2198.66;334.19;212.59;9.31
cobertura;baixa;4612.31;469.87;363;S355JR;sem_tratamento;94;9117.9;1041.7;496.29;10331.75;1228.92;597.92;33.22
mezanino;media;1694.77;92.83;100;S235JR;pintura_liquida;80;2495.19;467.05;1380.11;2783.97;505.51;1346.56;14.61
plataforma;alta;2068.87;128.54;140;S355JR;galvanizacao;66;3859.8;730.32;2601.43;4244.01;751.03;2608.03;18.82
escadaria;baixa;1604.33;110.91;45;S235JR;sem_tratamento;37;2034.86;300.0;200.0;2244.61;338.2;218.94;8.05
guarda-corpos;media;10642.73;1076.46;193;S355JR;pintura_liquida;138;17156.55;3053.91;16681.7;18552.25;3242.2;20921.01;85.06
passarela;baixa;2960.95;232.6;87;S355JR;sem_tratamento;39;5415.32;500.65;297.43;5925.72;518.69;280.76;14.56
passerelle;alta;2479.25;213.27;95;AISI304;polimento;100;13768.39;781.0;4309.14;15706.45;866.84;4721.49;20.01
corrimao;media;1539.71;192.92;306;AL6060;lacagem;86;5135.65;491.1;3426.79;5281.85;490.12;4242.35;13.56
gradeamento;baixa;905.47;107.16;40;AL5754;anodizacao;72;3449.3;300.01;1996.05;3855.43;326.15;2482.34;8.09
portao;baixa;2290.93;180.99;149;S235JR;sem_tratamento;43;3681.31;411.11;223.41;3967.26;445.88;273.95;12.37
pavilhao;alta;8974.2;375.01;430;S355JR;galvanizacao;79;17818.73;3763.2;11571.3;18892.05;3612.27;12088.41;97.45
passadico;baixa;1068.13;88.39;78;S235JR;lacagem;45;1619.57;300.0;1484.71;1715.88;310.12;1797.6;8.06
cobertura;baixa;6044.99;570.18;184;S355JR;sem_tratamento;106;12176.59;1233.82;553.14;12945.18;1379.84;586.27;35.51
mezanino;media;4724.14;252.69;195;S235JR;pintura_liquida;92;7191.1;1197.16;3777.29;8672.6;1652.01;4796.7;39.04
plataforma;alta;1732.16;119.19;181;S355JR;galvanizacao;78;3160.13;602.03;2114.45;3430.66;666.66;2401.3;15.26
escadaria;baixa;694.73;54.57;65;S355JR;sem_tratamento;49;1134.23;300.0;200.01;1239.46;326.88;210.13;8.88
guarda-corpos;media;5164.52;538.9;400;AISI304;sem_tratamento;90;24736.06;1465.27;551.59;25379.07;1663.93;643.27;45.2
passarela;baixa;1529.31;147.26;39;AL6060;anodizacao;51;5762.21;300.01;2537.02;6438.5;337.54;2773.96;8.54
passerelle;alta;4080.21;363.09;228;AL5754;pintura_liquida;57;15620.52;1460.27;5801.02;15776.66;1636.53;6841.65;44.27
corrimao;media;1835.38;132.95;149;S235JR;pintura_liquida;48;2358.18;439.51;1818.79;2482.51;451.75;2224.53;12.33
gradeamento;baixa;2370.04;211.95;90;S355JR;sem_tratamento;39;3932.44;421.65;235.1;4225.35;454.42;265.07;12.39
portao;baixa;947.04;80.36;20;S235JR;lacagem;55;1499.45;299.99;1352.83;1558.03;311.64;1586.36;8.52
pavilhao;alta;5792.79;260.3;313;S355JR;galvanizacao;91;10574.37;2222.81;6914.84;10898.44;2485.02;7132.58;61.67
passadico;baixa;2960.92;262.9;76;S235JR;sem_tratamento;57;4115.67;511.31;294.87;4407.71;521.47;308.77;13.47
cobertura;baixa;6269.27;630.18;328;S355JR;sem_tratamento;63;13215.64;1283.91;635.97;14579.07;1438.81;632.69;38.94
mezanino;media;3145.72;170.93;306;S355JR;pintura_liquida;54;5691.3;841.59;2479.58;6047.27;931.18;2790.79;25.52
plataforma;alta;6998.13;562.27;544;AISI304;polimento;130;34523.17;2969.75;10605.28;37004.89;3321.74;10808.32;79.1
escadaria;baixa;510.41;40.69;98;AL6060;anodizacao;21;1777.98;299.99;770.79;3241.03;536.61;1480.0;14.9
guarda-corpos;media;3349.76;364.45;294;AL5754;lacagem;97;13573.71;942.43;5523.33;14742.45;1032.51;5780.32;27.91
passarela;baixa;2278.55;205.94;46;S235JR;sem_tratamento;23;3452.11;406.4;212.79;4003.45;422.76;228.33;11.01
passerelle;alta;7025.89;583.68;168;S355JR;galvanizacao;69;11714.91;2764.79;8201.44;14959.94;3455.33;10736.14;89.04
corrimao;media;5623.96;522.06;260;S235JR;pintura_liquida;60;7082.52;1516.11;8106.63;7265.59;1591.98;7993.46;42.95
gradeamento;baixa;1201.42;102.35;134;S355JR;sem_tratamento;51;2007.35;300.0;200.0;2229.61;336.47;261.1;8.56
